title,pitch,hero,uri,amountRaised,goal,timeLeft,action,actionUri,start,end,n_questions,location,n_donors,description,use_of_funds,whos_involved,moderated,n_updates,updates,Q&A
Support Emma’s Family as They Cherish Every Moment,Supporting Emma and Her Family Through Stage 4 Cancer,https://static.givealittle.co.nz/assets/hero/86ee42e3-2455-4ca0-8ec6-b38101058d58-320:False,https://givealittle.co.nz/cause/supportforemma,9920,15000,89 days to go,Donate,https://givealittle.co.nz/donate/cause/supportforemma,25 Oct 2025,25 Jan 2026,0,Otago,129,"Emma is a loving Mum to 8 year old Sophie and Wife to Mark. She is one of the calmest, kindest souls you could ever meet. Even in the face of unimaginable challenges, her gentle strength continues to inspire everyone around her.
In July 2024, Emma was diagnosed with Stage 4 breast cancer. Despite always being vigilant about her health and never missing a mammogram, everything changed unexpectedly. Just seven months after her last scan, Emma visited her GP with what she thought was a sprained rib — only to learn her ribs were broken due to cancer that had already spread.
Since then, life has been a whirlwind of hospital trips, radiation, and chemotherapy in Dunedin as doctors have worked to hold off the cancer. In July this year, Emma required surgery after the cancer weakened her bone. When the initial treatments stopped working, she bravely began new rounds of chemotherapy in September and again last week. Unfortunately, the cancer has continued to spread. Emma has now returned home to spend her time surrounded by her beautiful daughter and devoted husband.
Emma’s priority now is making the most of every moment — sharing love, laughter, and peace with her family. This money will go directly to support Mark to take time off work covering household bills, transport and living costs during this incredibly tough journey.
Every little bit will make a huge difference, offering this beautiful family the time and space to simply be together
Abbey Cousens' involvement (page creator)
Emma's Sister in Law, Sister to Mark and Aunty to Sophie
Use of funds
All funds raised will go to Mark to support himself, Emma, and Sophie with lost wages, bills, transport, living costs, holistic treatments for Emma, future therapy for the family","All funds raised will go to Mark to support himself, Emma, and Sophie with lost wages, bills, transport, living costs, holistic treatments for Emma, future therapy for the family","Created by
Abbey Cousens  




      Paying to a verified bank account of
Mark Cousens      on behalf of Mark and Emma Cousens",Page Moderated,1,"Thank You
26 October 2025
Huge thank you from the bottom of my heart to everyone who has donated or shared our page! Xx
Share this update
0 comments  |  Login to leave a comment",
Southland Farm Family Facing Breast Cancer,Help ease Tammy and Trent's financial pressure during this tough time.,https://static.givealittle.co.nz/assets/hero/cb439a2d-41cc-4cc2-b259-b380016d8e34-320:False,https://givealittle.co.nz/cause/southland-farm-family-facing-breast-cancer,3730,0,178 days to go,Donate,https://givealittle.co.nz/donate/cause/southland-farm-family-facing-breast-cancer,24 Oct 2025,24 Apr 2026,0,Southland,18,"Tammy and Trent have always been the first to lend a hand to neighbor's, friends, and anyone in need. Now it’s our turn to give back.
Life on the land doesn’t stop, even when cancer strikes. Tammy is currently undergoing treatment for breast cancer, while they continue to pour their hearts into their Southland farm and orchard. Treatment means time away and tough choices between health, paying bills and keeping both properties running.
We’re fundraising to help ease the financial pressure, covering everyday farm costs and living expenses so Tammy and Trent can focus on what really matters: healing and being together.
Tammy and Trent are true pillars of the farming community, hardworking, generous, and genuine to the core. Every little bit helps to take the weight off during this tough time.
Your support, no matter how big or small, means the world. Let’s help them through this season with the same strength and love they’ve always shown their community. 🌸
Adele Cotton's involvement (page creator)
Close friends and travel family.
Use of funds
Living expenses while unable to generate income due to treatment.",Living expenses while unable to generate income due to treatment.,"Created by
Adele Cotton  




      Paying to a verified bank account of
Tammy Wilson",Page Moderated,,,
Please support Cody and his Mum Mel on their cancer journey,Please support Cody and his Mum Mel on their cancer journey,https://static.givealittle.co.nz/assets/hero/bc1c039e-949e-4b25-a72d-b37e018696b0-320:False,https://givealittle.co.nz/cause/please-support-cody-and-his-mum-mel,4453,0,488 days to go,Donate,https://givealittle.co.nz/donate/cause/please-support-cody-and-his-mum-mel,24 Oct 2025,28 Feb 2027,0,"Riverton, Southland",52,"In September 2025 15-year-old Cody Gnys suddenly became unwell, this was completely out of the blue. Cody has been diagnosed with an advanced germ cell tumor (cancer) that has spread to three other parts of his body. As you can imagine this has been a huge shock to Cody, his Mum Mel Healey and their wider family and friends.
Cody faces a tough battle for the next 6 to 12 months while he receives intense chemotherapy away from home in Christchurch. Advanced germ cell tumors can only be treated by chemotherapy, then more scans in the hope the tumors have shrunk enough to be removed, this will involve at least 3 surgeries. Cody will then be reassessed to see if more treatment is required.
Cody has just turned 16 and has chosen to go on a clinical trial so that his journey can help other people in the future. As Cody focuses on beating this cancer we want to rally around Mel to help ease the financial pressures that come with such an unexpected diagnosis and with being away from home as they travel from Riverton to Christchurch for regular treatment.
All funds raised will go directly towards supporting Mel and Cody - helping cover costs associated with being away from home, household bills and allowing Mel to stay by Cody's side without the added burden of financial stress.
Every contribution, no matter the size, will make a meaningful difference for them as they navigate this journey.
Thank you from the bottom of our hearts for your kindness, generosity and support.
Julie McEwan-Franks' involvement (page creator)
I met Cody and Mel through my daughter who is a friend of Cody's, they are lovely people and I want to help them in any way I can through this incredibly challenging journey.
Use of funds
All funds raised will go directly towards supporting Mel and Cody - helping cover costs associated with being away from home, household bills and allowing Mel to stay by Cody's side without the added burden of financial stress.","All funds raised will go directly towards supporting Mel and Cody - helping cover costs associated with being away from home, household bills and allowing Mel to stay by Cody's side without the added burden of financial stress.","Created by
Julie McEwan-Franks  




      Paying to a verified bank account of
Melanie Healy",Page Moderated,,,
"“Together for Thomas — Backing a Father, Friend, and Local Legend Who’s Always There for Others”","This Givealittle page is a heartfelt tribute to Thomas — a devoted father, loving friend, and true local legend.",https://static.givealittle.co.nz/assets/hero/cfaec04f-ec47-4ece-84fc-b38000d61305-320:False,https://givealittle.co.nz/cause/together-for-thomas-backing-a-father-friend,845,10000,88 days to go,Donate,https://givealittle.co.nz/donate/cause/together-for-thomas-backing-a-father-friend,24 Oct 2025,24 Jan 2026,0,"Whitianga, Waikato",10,"Our Dad, Thomas, is the kindest soul and the best dad we could ever ask for. He’s always taught us to help others in need without expecting anything in return — that it’s the little things that matter most. He’s the one who says “another man’s trash is another man’s treasure”, and he truly lives by it.
Dad is always the first to stop and help — whether it’s rescuing injured animals, helping strangers on the side of the road, or picking up rubbish along our beaches and streets. He loves being by the ocean with a fishing rod in hand, and some of our favourite memories together are our lifelong op-shopping adventures, laughing and finding treasures in the most unexpected places.
Our dad also lives with Tourette’s Syndrome — something that’s been a part of his life since he was young. But to us, it’s never defined him. It’s shaped his compassion, his humour, and his ability to see the good in everyone. He’s shown us that being different is something to embrace, and that strength comes from kindness, not perfection.
Recently, our world was turned upside down when Dad was unexpectedly diagnosed with stage 4 abdominal cancer. It’s been a huge shock, and while we’re heartbroken, we’re determined to make sure Dad’s time is filled with love, laughter, and moments that matter most.
From Dads Girls and Grandchildren Thank You
,
sharni champion's involvement (page creator)
Thomas and I met through Whitianga Community Services Trust.
He soon became part of the team as our volunteer handyman and gardener. His caring nature, hard work, and positivity make a huge difference every day — we’re all lucky to know him.
Use of funds
We’re raising funds to help Dad live as fully and comfortably as possible so he can focus on what truly counts: making memories, going on adventures, sharing random experiences, simply enjoying life surrounded by his family and friends, or jump out of a plane if he wanted to.","We’re raising funds to help Dad live as fully and comfortably as possible so he can focus on what truly counts: making memories, going on adventures, sharing random experiences, simply enjoying life surrounded by his family and friends, or jump out of a plane if he wanted to.","Created by
      
        sharni champion
      





      Paying to a verified bank account of
Stacey-Anne Sheary-Cook      on behalf of her Dad, Thomas Sheary and one of our amazing Volunteer workers at Whitianga Community Services Trust",Page Moderated,,,
Broken but not out yet,Hate asking for help,https://static.givealittle.co.nz/assets/hero/8a7319bc-eb17-441c-9791-b373002ce3a5-320:False,https://givealittle.co.nz/cause/broken-but-not-out-yet,15,8000,343 days to go,Donate,https://givealittle.co.nz/donate/cause/broken-but-not-out-yet,24 Oct 2025,6 Oct 2026,0,"New Plymouth, Taranaki",3,"My story is an interesting one was fit working full time until June last year then sadly cant any more at age of 51 got diagnosed with idiopathic pulmonary fibrosis disease and everything went down hill from there with multiple hospital admissions and tests along the way.
Emergency helicopter flights
Now 2025 looking at a double lung transplant to survive and my partner is the only income earner and she will have to take time off from work and her being self employed money will be super tight
Use of funds
Money will be spent on bills keeping afloat while I rehab in Auckland for 3 months with my partner and allow us to survive without financial burden and the stress",Money will be spent on bills keeping afloat while I rehab in Auckland for 3 months with my partner and allow us to survive without financial burden and the stress,"Created by, and paying to a verified bank account of,
Mark Shirreffs",Page Moderated,,,
Help Nataly recover from a brain blood clot caused by prescription contraception pills,"Help Nataly from Chile, living in NZ, get a brain MRI and medical care after a life-changing blood clot.",https://static.givealittle.co.nz/assets/hero/432e63b1-f418-443a-9e66-b37f01203b92-320:False,https://givealittle.co.nz/cause/help-nataly-recover-from-a-brain-blood-clot-caused,2134,6000,58 days to go,Donate,https://givealittle.co.nz/donate/cause/help-nataly-recover-from-a-brain-blood-clot-caused,23 Oct 2025,25 Dec 2025,0,"Queenstown, Otago",40,"My name is Nataly, I’m from Chile and have been living in New Zealand for over three years.
On June 28th, while at work, I suddenly suffered a severe headache, vomiting, and loss of control. I was later diagnosed with a cerebral venous sinus thrombosis (a blood clot in my brain), caused by birth control pills prescribed here. I spent several days between Queenstown and Dunedin hospitals before being discharged.
Since then, I’ve been fighting to recover without any financial or medical support, as ACC (the New Zealand injury agency) is still “investigating” my case. They first took 4 months to decide and now have requested 5 more months of extension.
I’ve learned to walk again and manage my recovery by myself, but I still suffer from headaches, weakness, and PTSD from what happened. My mental health has deteriorated, and I urgently need a specialised brain MRI and a private neurology consultation to understand how my condition is progressing and whether it’s safe for me to travel or return to work.
Any contribution, big or small, will help me access proper medical care and bring me closer to peace of mind. Thank you for reading, sharing, and supporting me through this journey. 💛
Use of funds
Funds will cover MRI brain scan, private neurology consultation, medication, and living expenses during medical recovery","Funds will cover MRI brain scan, private neurology consultation, medication, and living expenses during medical recovery","Created by, and paying to a verified bank account of,
Nataly Vitreras",Page Moderated,,,
🩵 Hope and Healing for Jessie 🩵,"Please join us as we support Jessie on his healing journey as he faces bowel cancer with courage, faith, and the power of rongoā.",https://static.givealittle.co.nz/assets/hero/ebdc058b-55ff-4727-92bc-b37f01529b6a-320:False,https://givealittle.co.nz/cause/hope-and-healing-for-jessie,1000,10500,87 days to go,Donate,https://givealittle.co.nz/donate/cause/hope-and-healing-for-jessie,23 Oct 2025,23 Jan 2026,0,"Invercargill, Southland",12,"Jessie is a devoted husband, loving father, and proud Koko. For months, he suffered ongoing tummy pain, which we tried to ignore, until 2nd September, when blood in his stool made it impossible to wait any longer. Scans revealed a mass on his bowel and a colonoscopy confirmed the devastating news. On 5th September, Jessie was diagnosed with bowel cancer 😭
On 26th September, Jessie had surgery to remove the affected area. His recovery was painful and slow, but with courage, he turned to Rongoā Māori (traditional healing), gradually weaning off pain medication. Seeing Jessie eat, laugh, and regain strength has been a blessing for our whole whānau.
However, this battle is far from over, His recent results on 17th October showed cancer activity now in lymph nodes, making every step toward healing even more urgent! Jessie continues his journey with natural remedies like Soursop tea, apricot seeds & hopefully soon, Kangen water, though these are extremely costly! So we are turning to our Whanau, friends and our loving community for help! 🥹
Your koha (donation) will ease the financial burden on our whānau, allowing us to focus on what truly matters, Jessie’s recovery, hope, and healing. Every contribution, big or small, brings us closer to helping Jessie heal naturally with Kangen Water & rongoā māori & ultimately fight this disease, with our full support! Thank You will never be enough! ❤️
Ngā mihi nui mō tō aroha me tō tautoko.
With all our love and gratitude,
Tanz (Jessie’s wife) 🤍
Stallone Tepania's involvement (page creator)
This page has been set up by our dear friend Stallone, with Jessie and Tanz full blessing and permission. Stallone will be collecting and managing the raised funds on our behalf, ensuring every dollar is used directly to support Jessie’s healing journey!
Use of funds
Every dollar will be used directly to support Jessie’s healing journey — from natural therapies, Kangen water, Rongoā Māori remedies, medical expenses and easing the financial load for our whānau during this time.
Other page links
on Facebook","Every dollar will be used directly to support Jessie’s healing journey — from natural therapies, Kangen water, Rongoā Māori remedies, medical expenses and easing the financial load for our whānau during this time.","Created by, and paying to a verified bank account of,
      
        Stallone Tepania
      
      on behalf of Jessie Tonga",Page Moderated,,,
💙 Help Little Nouman Thrive Against the Odds and Support during his Major Hip Surgery💙,"6-year-old Nouman is a little warrior facing Cerebral Palsy, Epilepsy, and complex medical needs. Your support will enable him a better life",https://static.givealittle.co.nz/assets/hero/edc9fc77-3eea-4e84-babb-b37f004eecd4-320:False,https://givealittle.co.nz/cause/help-nouman-smile-donate-today-to-support,90,10000,26 days to go,Donate,https://givealittle.co.nz/donate/cause/help-nouman-smile-donate-today-to-support,23 Oct 2025,23 Nov 2025,0,Wellington,4,"🌟 Every Small Step Is a Big Victory for Nouman💙
Our wee boy Nouman, had a traumatic birth and now lives with a rare SCN2A gene mutation that affects his brain and nervous system triggered by HIE. It causes global developmental delay, cerebral palsy, epilepsy, and cognitive impairment.
Every day brings new challenges such as seizures, life long disability , and hospital visits — but Nouman continues to inspire us with his smile, laughter, and love for life.
This November, Nouman will undergo major hip surgery to ease his pain and help him sit more comfortably. After surgery, he’ll need regular therapies, adaptive equipment, and daily support to regain strength and keep progressing.
With your generosity, we can give Nouman the best chance to recover, learn, and grow without the constant strain of medical and care costs. Your kindness means he can stay surrounded by the love and care he needs — and we can focus on helping him thrive instead of worrying about making ends meet.
Every donation makes a real difference in Nouman’s journey — helping him continue to smile, explore, and show the world his strength❤️❤️
Nawaz Hussain's involvement (page creator)
Your support will help him access the therapies, equipment, and care he needs to thrive
Use of funds
The funds raised will be used on Nouman’s journey to thrive given a lifelong challenge, assist in getting any available treatments beyond funded by his parents and hospitals.","The funds raised will be used on Nouman’s journey to thrive given a lifelong challenge, assist in getting any available treatments beyond funded by his parents and hospitals.","Created by, and paying to a verified bank account of,
Nawaz Hussain      on behalf of Nouman’s Complex Medical Journey",Page Moderated,2,"Give Hope to Nouman — A Brave Kiwi Child Fighting Rare SCN2A Mutation
28 October 2025
We’re counting down the days until Nouman’s big hip surgery. It’s a nervous time for us, but seeing your support has given us strength. Thank you for helping Nouman get one step closer to comfort and progress 💙
Share this update
0 comments  |  Login to leave a comment
Hip Surgery on the 11th November confirmed
28 October 2025
Little Nomu will be undergoing a major surgery to enable him sit comfortably and improve his life. During this difficult time their parents will be with him by his bedside, let’s help them to be with the wee boy rather than being away at work.
Share this update
0 comments  |  Login to leave a comment",
Levi’s Top Surgery,Kia ora! I’m a 19-year-old trans student raising funds for Top Surgery in Thailand next year. Any help means the world 🫶,https://static.givealittle.co.nz/assets/hero/d88f3132-8cd3-4761-90d7-b37e0148039c-320:False,https://givealittle.co.nz/cause/levis-top-surgery,1090,5000,176 days to go,Donate,https://givealittle.co.nz/donate/cause/levis-top-surgery,22 Oct 2025,22 Apr 2026,0,Wellington,17,"Kia ora everyone,
I’m a 19-year-old transgender student who’s been saving for years to have Top Surgery. Sadly, the wait times and costs in New Zealand are extremely high, so I’ve decided to travel to Thailand early next year to have it done there.
This surgery is a really important step for me to live more authentically and comfortably. I’ve managed to save most of the cost myself, but I’m still a little short of what I need.
All donations will go directly toward: Surgery and hospital fees, flights and accommodation, and recovery and follow-up care.
My goal is to reach the total by December so I can confirm all bookings and focus on preparing for the trip and recovery.
I’m truly grateful for any help - whether through a donation or by sharing this page. Thank you for your kindness and aroha 🫶.
Ngā mihi,
Levi.
Use of funds
All funds raised will go toward surgery and hospital fees, flights, accommodation, and recovery expenses (including dressings/bandages, pain medication, follow up appointments). I will continue to fundraise and save until I am able to afford the operation.","All funds raised will go toward surgery and hospital fees, flights, accommodation, and recovery expenses (including dressings/bandages, pain medication, follow up appointments). I will continue to fundraise and save until I am able to afford the operation.","Created by, and paying to a verified bank account of,
Levi Higgins",Page Moderated,,,
"Supporting baby Ollyver, born with rare Amniotic Band Syndrome affecting his face and eye, as he faces multiple surgeries","Supporting baby Ollyver, born with rare Amniotic Band Syndrome affecting his face and eye, as he faces multiple surgeries",https://static.givealittle.co.nz/assets/hero/e1c9d2b0-9ed6-4d7b-bbf0-b37e010e0cd4-320:False,https://givealittle.co.nz/cause/supporting-baby-ollyver-born-with-rare-amniotic,2192.62,3000,53 days to go,Donate,https://givealittle.co.nz/donate/cause/supporting-baby-ollyver-born-with-rare-amniotic,22 Oct 2025,20 Dec 2025,0,"Canterbury, Timaru District",58,"Our beautiful boy, Ollyver, was born with a rare condition called Amniotic Band Syndrome (ABS), which happens when fibrous bands from the amniotic sac wrap around parts of a developing baby in the womb. These bands can restrict growth and, in severe cases like Ollyver’s, cause deformities or loss of function.
In Ollyver’s case, the bands formed around his head and face, a location so rare that very few documented cases exist worldwide. The bands wrapped tightly around his scalp, affecting the development of his eye and leaving him blind in one eye. Despite everything he’s been through, Ollyver continues to amaze everyone with his strength, his little smiles, and his fighting spirit.
Ollyver has already seen specialists from across New Zealand and will be undergoing multiple reconstructive surgeries, including care from a plastic surgeon in Wellington. Each step forward involves travel, hospital stays, and time away from home and work.
This fundraiser has been created to help ease the financial strain of ongoing medical appointments, travel costs, surgeries, and household expenses, and to give us the chance to stay by Ollyver’s side without the added pressure of rushing back to work too soon.
Every donation, no matter how small, makes a difference. It helps us focus on what truly matters — giving Ollyver the best care and the brightest future possible.
With love and gratitude,
Ollyver’s Family
Use of funds
travel costs, unfunded surgeries, and household expenses
Other page links
on Facebook","travel costs, unfunded surgeries, and household expenses","Created by, and paying to a verified bank account of,
Maddicyn Brokenshire",Page Moderated,1,"Thank you
28 October 2025
We are so overwhelmed by all kind words donations for our wee man. And getting his story out there in hopes will help someone else one day
Share this update
0 comments  |  Login to leave a comment",
TOBI JAYNE - OUR QUEEN BEE,Queen Tobi Jayne Hodgson,https://static.givealittle.co.nz/assets/hero/6fc2cabb-afcb-4501-8c88-b37e00990d95-320:False,https://givealittle.co.nz/cause/tobi-jayne-our-queen-bee,1500,5000,3 days to go,Donate,https://givealittle.co.nz/donate/cause/tobi-jayne-our-queen-bee,22 Oct 2025,31 Oct 2025,0,Hawke's Bay,13,"So as many of you know Tobi contracted salmonella whilst overseas. Tobi returned home and was unable to shake it. Last week she developed a blood clot in her brain, resulting in a stroke.
Queen Tobee 🐝 has been in hospital for a week now, thanks to Paul for all the awesome updates on her progress, Tobi is one strong determined lady and shes got this 💪. With all the family being away from home and to help with Tobis recovery we have started a give a little page to help ease the burden and assist in her recovery
TRACEY TAYLES' involvement (page creator)
Close family friend of 25 years
Use of funds
Travel & accommodation costs for husband and children. Medical costs not covered by insurance. Support rails/ modifications etc in the home if need be when she returns.
Other page links
on Facebook",Travel & accommodation costs for husband and children.  Medical costs not covered by insurance.  Support rails/ modifications etc in the home if need be when she returns.,"Created by
TRACEY TAYLES  




      Paying to a verified bank account of
Tobi Hodgson",Page Moderated,1,"Tobi Hodgson
27 October 2025
Hi everyone, not long left to donate if you were wanting to help with costs for Tobi's recovery. A massive thanks to those that have donated!!! It is very much appreciated.
Share this update
0 comments  |  Login to leave a comment",
Help me please towards achieving my degree as a single mum,Please help me achieve my degree as a counsellor,https://static.givealittle.co.nz/assets/hero/65424b58-4224-4067-8188-b37e0062c364-320:False,https://givealittle.co.nz/cause/help-me-please-towards-achieving-my-degree,495,1500,149 days to go,Donate,https://givealittle.co.nz/donate/cause/help-me-please-towards-achieving-my-degree,22 Oct 2025,26 Mar 2026,0,"Tauranga, Bay Of Plenty",16,"Hey lovely people
I am currently in my second year as a Bachelor of Counseling student, about to move into my third year in 2026.
A requirement of this degree is thar we complete 200 hours of counseling hours as a trainee over two years (2nd and third year).
With this, we are also required as students to attend supervision after every 6/7 sessions which is self-funded and not covered under student loans etc. This means that as a student, I need to find the extra funds to pay for the cost of supervision, which is $100 per session.
I am a single mother of two children and am already financially struggling to cover the basic needs for our whanau such as rent/food etc. We just get by each week, but moving forward I am concerned how I will find the extra funds to pay for supervision to complete my degree. I know once I have graduated this will improve our financial situation greatly when I start working as a counsellor, along with providing a positive message to my children. Working part time is not an option sadly as I am also living with multiple chronic health conditions and parent 100% with no support from their father.
I would greatly appreciate any help at all to go towards paying my supervision costs so I can achieve my degree, create a financially stable future for my children, and therefore go onto help and support others.
Thank you so very much 😊
Use of funds
The cost of supervision to become a counsellor (around $1500 per year or $100 per session)",The cost of supervision to become a counsellor (around $1500 per year or $100 per session),"Created by, and paying to a verified bank account of,
Mandy Hewson",Page Moderated,,,
Helping family,Screaming out for help,https://static.givealittle.co.nz/assets/hero/b93c321a-6fec-458f-9bce-b37e0016e921-320:False,https://givealittle.co.nz/cause/helping-family,30,30000,359 days to go,Donate,https://givealittle.co.nz/donate/cause/helping-family,22 Oct 2025,22 Oct 2026,0,Auckland,3,"My wife and I have 10 children, and I got sick. Doctors said I couldn't work anymore and had to stop, and put me on a medical as of right there and then. I was in shock. I went from full-time work to not being able to provide for my family.
So to keep my head right and try and provide for my family, I started carving pounamu taonga, bone carving, and wood carvings. We had been on a benefit for years trying to get my health right. We told Work and Income we wanted to start a small business. We worked with them, trying to do everything correctly, and got let down by them. Everything they told us to do, we did.
We had the benefit, trying to apply for grants to start the business, did what they said, went in, had meetings with them asking for the next step, had meetings with a work broker, did what they asked. Everything was looking great. We signed a lease for a shop, we registered the business, then we had to renew the benefit. We were both told everything is done.
Then 30 minutes later, we get a phone call saying we had no benefit as we now have a business and we have to make it work. They then said we don't qualify for any grants and owed money, which was around $25,000.
We have had to live on food bank for food, work with a budget advisor to help hold off the landlord from eviction. So if you can, please help me and my family. Thank you 🙏
Use of funds
Bills, debt","Bills, debt","Created by, and paying to a verified bank account of,
Darrin Vedder",Page Moderated,,,
Life After Cancer: A Mother's Urgent Fight for Health,"Just an ordinary young Mum of two, trying to navigate life and health after Cancer but needing specialist support.",https://static.givealittle.co.nz/assets/hero/454184f2-6a39-4bd1-abf3-b37d01651b1f-320:False,https://givealittle.co.nz/cause/life-after-cancer-a-mothers-urgent-fight,1114.5,0,358 days to go,Donate,https://givealittle.co.nz/donate/cause/life-after-cancer-a-mothers-urgent-fight,21 Oct 2025,21 Oct 2026,0,"Christchurch, Canterbury",23,"For years, I endured debilitating, heavy periods, dismissed frequently by the public health system. This chronic battle led to severe fatigue, pain, infections, and other issues. Tragically, my condition escalated into multiple life-threatening hemorrhages. The final episode required resuscitation and massive blood transfusions before an emergency hysterectomy and bilateral salpingectomy saved my life.
A few weeks post-surgery, I learned the cause: Endometrial Stromal Sarcoma (LGESS), a rare uterine cancer affecting 1–2 per million annually, typically in older women. At just 28, I am now unfortunately facing early surgical menopause driven by the hysterectomy, leading to severe fatigue, hot flushes, brain fog, and insomnia, among other symptoms. Additionally I suspect a new prolapse, alongside having chronic abdominal/pelvic pain, early thyroid issues, and significant PTSD, severely impacting my ability to live and to parent my two young children, who also have disabilities.
I haven't had the best healthcare experience publicly. I need specialized private care that is actively supportive for my complex needs. A gynecological endocrinologist (initial consult over $600 alone) and physiotherapy for the prolapse. We survive on a single student allowance, leaving us unable to cover these hefty costs.
I need support. I need specialized care. I want to be healthy, without symptoms, and a carefree, active, and present Mum. Please help me and my family if you can. I'd so appreciate it ❤️
Use of funds
All funds raised will go towards private gynaecological endocrinologist care (consultations, appointments, tests, and treatments), private care for the prolapse (physiotherapy and treatment), and travel. Any excess funds will go towards helping my children build positive family memories (incl. flights/travel, accommodation, tickets for outings and experiences)
Other page links
www.tiktok.com/@essieandme_?_r=1&_t=ZS-90jKbRNhici","All funds raised will go towards private gynaecological endocrinologist care (consultations, appointments, tests, and treatments), private care for the prolapse (physiotherapy and treatment), and travel. Any excess funds will go towards helping my children build positive family memories (incl. flights/travel, accommodation, tickets for outings and experiences)","Created by, and paying to a verified bank account of,
      
        Shahmea Nowakowsky",Page Moderated,1,"Update from Shahmea 💕
28 October 2025
I want to thank everyone so much for your incredible kindness, support, and generosity. Because of you, I now have enough to cover my initial consultation — and I’m almost there to covering two follow-up appointments as well, which should be more than enough with the gynaecological endocrinologist! 🙏
I still need a bit more help to cover any treatments, blood tests, and medications that might not be funded through the public system, as well as costs for any imaging, travel to and from appointments, physio, and other treatments to help manage my prolapses. Every little bit truly makes a difference — whether it’s a small donation, sharing my page, or even just sending kind words. It all helps me get one step closer to healing and being able to live a more comfortable, normal life again. 💕
Your support has given me so much hope. I can finally see a light at the end of this tunnel, and I’m really hoping that soon I won’t feel so trapped by my health — that’s the goal. Even just easing my symptoms would mean the world.
The kindness I’ve received truly means everything to me. I’ve been so exhausted lately — yesterday I spent the whole day in bed recovering from pure exhaustion after doing family activities the day before — and I just don’t want to live like this anymore.
Thank you all again, from the bottom of my heart. 💗
With love,
Shahmea
Share this update
0 comments  |  Login to leave a comment",
Help My Daughter Shonny Get Life-Changing Surgery,Fundraising for vascular surgery which will bring relief and help Shonny get her life back.,https://static.givealittle.co.nz/assets/hero/2c6928a0-2b18-4761-a348-b37700e5b2e4-320:False,https://givealittle.co.nz/cause/help-my-daughter-shonny-get-life-changing-surgery,31195.5,50000,33 days to go,Donate,https://givealittle.co.nz/donate/cause/help-my-daughter-shonny-get-life-changing-surgery,21 Oct 2025,30 Nov 2025,1,Waikato,311,"It’s incredibly hard to watch your child suffer and not be able to fix it. Over the past couple years Shonny has been through a medical nightmare. What started as unexplained symptoms has led to multiple hospital stays, countless tests, feeding tube, and months of uncertainty. In the past six months, her health has rapidly declined — and every day has become a battle.
We’ve finally started to get some answers. She’s been diagnosed with Ehlers-Danlos Syndrome (EDS), POTS, MCAS. These conditions have led to Abdominal Vascular Compression Syndromes (AVCS), which are now the main cause of her severe symptoms.
Right now, she’s completely unable to keep food down and lives with constant, severe nausea, fatigue, pain, and weakness, having to pivot long term goals and dreams to short term just trying to get through each day. Watching her go from a vibrant, active young woman to having no energy, being unable to continue with university studies and work, or to be out doing things she loves and living in complete constant discomfort, has been heartbreaking.
There is hope — surgery to relieve the vascular compressions can give her sense of her life back. Unfortunately, this surgery isn’t available in New Zealand and isn’t publicly funded. The closest options are in Australia and Germany.
Thank you so much for taking the time to read this and for any support you can give so that Shonny can get this life changing procedure as soon as possible.
Ethan Shepp's involvement (page creator)
This is for my Daughter Shonny.
Use of funds
Vascular surgery, medical costs, food, accommodation, travel, and flights. The country has not yet been decided and a Page Update will be posted once this has been confirmed.","Vascular surgery, medical costs, food, accommodation, travel, and flights. The country has not yet been decided and a Page Update will be posted once this has been confirmed.","Created by
Ethan Shepp  




      Paying to a verified bank account of
Shontelle Shepp",Page Moderated,,,"5 days ago
emily asks
Are you still receiving support?
This question has not been answered yet."
"💛 Help Support Danielle, Jeremy and Their Little Fighter Liam 💛","A heartfelt fundraiser to support Danielle and Jeremy as they care for Liam, who is bravely battling a rare genetic condition.",https://static.givealittle.co.nz/assets/hero/f2ab35bc-255b-431f-9664-b37d0159e80c-320:False,https://givealittle.co.nz/cause/help-support-danielle-jeremy-and-their-little,1231,0,175 days to go,Donate,https://givealittle.co.nz/donate/cause/help-support-danielle-jeremy-and-their-little,21 Oct 2025,21 Apr 2026,0,"Lower Hutt, Wellington",32,"Liam is Danielle and Jeremy’s much longed-for and deeply treasured IVF baby — their tiny miracle after years of heartbreak, hope and determination.
After beginning their IVF journey in 2020, and two public-funded rounds, Liam was their very last embryo — their final chance to become parents. Everything went smoothly until Danielle went into labour early, and their beautiful boy arrived at just 33 weeks.
Soon after his birth, genetic testing revealed that Liam has a rare condition that came back as normal/inconclusive, which can affect the liver, heart, and other parts of the body. It’s a diagnosis no parent ever expects or prepares for.
This week, routine blood tests showed concerning results and Liam was admitted to Wellington Hospital for monitoring while a plan is made for the next steps. It’s likely he will need to be transferred to Starship Hospital in Auckland for specialist care.
Danielle and Jeremy live in Lower Hutt and had just bought their first home before Danielle became pregnant. She’s currently on maternity leave and unable to return to work while Liam is so unwell. Jeremy continues to balance work and supporting his family through this challenging time.
This page has been created to help ease financial pressure so they can focus on what matters most — Liam’s health and healing. Any donation or message of support means the world. 💛
Sophie Gardiner's involvement (page creator)
I am friends with Danielle and am a fellow IVF Mum
Use of funds
To go towards Danielle's share of living expenses so that she can stay home and look after Liam.",To go towards Danielle's share of living expenses so that she can stay home and look after Liam.,"Created by
Sophie Gardiner  




      Paying to a verified bank account of
Danielle White",Page Moderated,2,"Update to goal amount
28 October 2025
After speaking with Danielle, we have decided to remove the original goal amount. We would love to raise money to help Danielle pay her share of the bills and to keep her home with Liam as long as possible.
Share this update
0 comments  |  Login to leave a comment
💛 Update on Baby Liam 💛
27 October 2025
We want to say a huge thank you to everyone who has donated, shared, and sent messages of love and support. Your kindness means the world to Danielle, Jeremy, and little Liam.
Liam has now been discharged from Wellington Hospital and is back home with his mum and dad. Next month, he’ll be travelling to Starship Hospital for further testing and assessments as doctors prepare for a liver transplant in the future.
This continues to be an incredibly emotional and challenging journey for this beautiful family. Any help — whether it’s a donation or simply sharing this page on your Facebook or with friends — makes such a difference and helps Danielle stay home as long as possible to care for Liam.
Thank you for wrapping this little family in love and support. 💛
Share this update
0 comments  |  Login to leave a comment",
Please help I need surgery,Please help Paua get the surgery she needs,https://static.givealittle.co.nz/assets/hero/692ec37b-6dd2-4906-acd4-b37c00b7a208-320:False,https://givealittle.co.nz/cause/please-help-i-need-surgery,165,1500,4 days to go,Donate,https://givealittle.co.nz/donate/cause/please-help-i-need-surgery,21 Oct 2025,1 Nov 2025,0,Wellington,6,"My name is Paua, and I'm 13yrs old, my vet says i'm very healthy and in good shape for my age except....
I need surgery immediately to remove a very painful lump and my mummy has tried every avenue to get the money needed.
Many people know and love me, as I have been with my mummy since I was only 8 weeks old, and I'm too irresistible to not love when you meet me.
Please help with my surgery so I can have a few more good years with my family
Also thanks those who have also donated in person.
I've had to decrease my time frame though as one month is far too much time as I need to arrange within the next week
Ebony Ngaira's involvement (page creator)
She is my number 1 favorite girl in the whole world
Use of funds
Surgery
Other page links
on Facebook",Surgery,"Created by, and paying to a verified bank account of,
Ebony Ngaira      on behalf of My Dog Paua",Page Moderated,1,"Time frame limited
24 October 2025
Time frame has become more limited
Share this update
0 comments  |  Login to leave a comment",
Help Mike get to his Car T Cell Treatment,Mike's Journey to Beating Cancer,https://static.givealittle.co.nz/assets/hero/0dfe1757-e183-40b8-9bb6-b37c01818152-320:False,https://givealittle.co.nz/cause/help-mike-get-to-his-car-t-cell-treatment,13905.33,50000,53 days to go,Donate,https://givealittle.co.nz/donate/cause/help-mike-get-to-his-car-t-cell-treatment,20 Oct 2025,20 Dec 2025,0,Auckland,200,"Hello there,
We are making this page for our best friend whose name is Michael, he is 24 years young and has been diagnosed with Primary Mediastinal B-Cell Lymphoma (PMBCL) early March 2025. Unfortunately, his hard-fought battle with Chemotherapy was unsuccessful and the cancer has come back even more aggressive than before. And so, the medical team is currently pursuing other treatment options.
Mike has fortunately been accepted into a clinical trial called 'Car T Cell Therapy' which will take place early January 2026. However, the cancer Mike has, is a very aggressive cancer and the medical team are worried that Mike may not be able to make it to the trial.
The medical team currently have Mike undergoing an urgent radiation treatment but are worried that it may not be enough to keep the cancer at bay, so they have suggested an immunotherapy infusion called 'Pembrolizumab'.
Unfortunately, this infusion is not funded due to the nature of Mike’s cancer. So we, his friends, have created this page to help him and his family fund the treatment. The cost is around $50,000, and we would be deeply grateful for any kind donations, big or small. The funds will also help Mike and his family get back on their feet, as they have had to take time off work for treatments and appointments.
Please help Mike fight this cancer so he can make it to his trial, and beat it for good.
#CancerSucks
Thank you so much.
With love and gratitude,
Mike’s Besto Friendos
Dominic Tekori's involvement (page creator)
We are his best friends, brothers, sisters, and family.
Use of funds
The money will be spent on an immunotherapy infusion (Pembrolizumab)
Other page links
on Instagram",The money will be spent on an immunotherapy infusion (Pembrolizumab),"Created by
Dominic Tekori  




      Paying to a verified bank account of
Michael Walters      on behalf of Our Best Friend Michael",Page Moderated,,,
Wings of Hope – Janete’s Fundraiser,"Help Janete recover after a sudden heart attack— raising funds for her treatment, rehab, and care so she can regain her strength and joy.",https://static.givealittle.co.nz/assets/hero/00fa7d83-59b4-459b-9c9a-b37f00ecad7c-320:False,https://givealittle.co.nz/cause/wings-of-hope-janetes-fundraiser,10459.8,30000,23 days to go,Donate,https://givealittle.co.nz/donate/cause/wings-of-hope-janetes-fundraiser,20 Oct 2025,20 Nov 2025,0,Bay of Plenty,62,"Never in a million years did I imagine our family would face something like this.
Our mum, Janete, lives in Brazil and was visiting my brother in Montevideo when everything changed. While out for a walk, she suddenly collapsed on the footpath.
By the grace of God, two incredible people — a nurse and a doctor — were passing by. They began CPR and called an ambulance. After nearly an hour, they brought her back. Mum was rushed to hospital, where doctors confirmed she had suffered a heart attack.
She’s now receiving treatment. Her heart is still weak and carries the scars of the trauma, but she’s alive — and fighting.
Mum is 74, full of life, active, and has always cared for others — her parents and in-laws. Now it’s our turn to care for her.
I live in New Zealand with my son Otavio and we’ve flown to be with her. My brother Alex, in Montevideo, has been caring for her since the incident, and our sister in Canada is on her way so we can all support her recovery together.
We’re raising funds to help with her medical expenses, the bill at the hospital was USD65,000.
Any contribution, big or small, will make a difference.
From the bottom of our hearts — thank you for your love, kindness, and support.
Katia Saft's involvement (page creator)
Janete is my beloved mother. I’m her daughter, currently living in New Zealand, and along with my siblings in Uruguay and Canada, we’re supporting her recovery after she suffered a stroke while visiting my brother in Montevideo.
Use of funds
Funds will go toward hospital bills, rehabilitation, medication, and ongoing care to support Janete’s recovery and well-being.
Other page links
on Facebook","Funds will go toward hospital bills, rehabilitation, medication, and ongoing care to support Janete’s recovery and well-being.","Created by, and paying to a verified bank account of,
Katia Saft      on behalf of Janete Bilhalva",Page Moderated,2,"What are donations for?
23 October 2025
Hi all, we have the fees of the hospital where my mother was hospitalized. It will cost USD65,000. We really need help to pay this cost. I never thought we would go through this ever. We appreciate any donation amount, truly. We are so grateful of what we received so far.
The photo on this post was when she was getting some vitamin D in the morning. There are no words to describe generosity. We will be taking her to Brazil on Friday. Her doctor gave her all clear. It will be a long trip, 12h by car, stopping very often and resting the night along the way. Thank you, thank you, thank you.
Share this update
0 comments  |  Login to leave a comment
Leaving hospital
21 October 2025
Mum left hospital and we are waiting for her to get stronger so we can take her to Brazil. We cannot thank enough all the generosity of everyone. The medical bill was a lot and we will need help. Unfortunately she had no travel insurance, only health insurance in Brazil. If she were in Brazil, she would probably not be here today as she lives by herself. We cannot believe she is still here.
Thank you. Thank you. Thank you
Share this update
0 comments  |  Login to leave a comment",
Supporting Maurice's Journey Home,Help bring Maurice home to Germany for the specialist care he needs after a life-changing brain injury - every donation will help.,https://static.givealittle.co.nz/assets/hero/74c04b21-10b1-47ce-a501-b37c01589a0a-320:False,https://givealittle.co.nz/cause/supporting-maurices-journey-home,4135,100000,84 days to go,Donate,https://givealittle.co.nz/donate/cause/supporting-maurices-journey-home,20 Oct 2025,20 Jan 2026,0,"Takaka, Tasman",32,"Maurice is from Germany and has been living in New Zealand for the past few years. In that time, he became a loved and active part of the Golden Bay community — always quick to lend a hand, offer a smile, and share his many gifts. He brought joy, generosity, and warmth to the people around him, and hoped to make Aotearoa his long-term home.
Maurice has been in intensive care for over a month after a hypoxic brain injury. He spent time in a coma, but thanks to the efforts of the medical team and Maurice’s strength and determination, he is now awake!
Maurice is courageously beginning the long process of rehabilitation. The next step is needing to return to Germany — to be closer to his family and to access the specialist care that he needs. His visa expires in December, so the ICU in New Zealand are doing all they can to organise a long-term plan for his recovery.
Maurice has no medical insurance. We are fundraising to cover the cost of a medically supported flight home, which will cost at least $75,000 NZD. This is our most urgent need.
Anything raised beyond that will go toward the significant medical costs of ICU care in New Zealand which are still rising.
If you’re able to contribute, to pray — or to share this with others — we are deeply grateful. It all helps.
Thank you for your support, your prayers, and your love.💛
Kirsty Kraay's involvement (page creator)
Maurice is a well-loved Friend in our Golden Bay Community
Use of funds
We are fundraising to cover the cost of a medically supported flight home, which will cost at least $75,000 NZD. This is our most urgent need.
Anything raised beyond that will go toward the significant medical costs of ICU care in NZ which are still rising","We are fundraising to cover the cost of a medically supported flight home, which will cost at least $75,000 NZD. This is our most urgent need.Anything raised beyond that will go toward the significant medical costs of ICU care in NZ which are still rising","Created by, and paying to a verified bank account of,
Kirsty Kraay      on behalf of Maurice Neuwirth and his mum, Birgit Leuenberger",Page Moderated,,,
Supporting Connor fight cancer,Supporting Connor Norris and his family as he fights cancer.,https://static.givealittle.co.nz/assets/hero/b2f94d02-a159-4fd7-891a-b37c01541c0e-320:False,https://givealittle.co.nz/cause/supporting-connor-fight-cancer,6982,0,84 days to go,Donate,https://givealittle.co.nz/donate/cause/supporting-connor-fight-cancer,20 Oct 2025,20 Jan 2026,0,"Paraparaumu, Wellington",94,"Connor Norris has been diagnosed with Stage 2 Hodkins Lymphoma while overseas training to follow his dreams of acting. Please give what you can to help his family travel and stay to support Connor as he battles against his cancer.
Debbie Cowens' involvement (page creator)
I used to teach Connor as a student.
Use of funds
Travel, accomodation, and living costs for Connor's mum (Lee) while she travels to the UK to support him while he undergoes treatment.","Travel, accomodation, and living costs for Connor's mum (Lee) while she travels to the UK to support him while he undergoes treatment.","Created by
Debbie Cowens  




      Paying to a verified bank account of
Lee (Christine) Norris",Page Moderated,,,
Need roughly $30.000 for unfunded cancer treatment (Abiraterone Acetate+Methylprednisolone),"Your support would mean the world, helping cover these costs so I can focus on cherishing every moment. Thanks from the bottom of my heart.",https://static.givealittle.co.nz/assets/hero/e7f518e2-a54e-4fa7-9763-b37c00fedf16-320:False,https://givealittle.co.nz/cause/need-dollar30000-for-unfunded-cancer-treatment,265,35000,closed,Read more,https://givealittle.co.nz/cause/need-dollar30000-for-unfunded-cancer-treatment,20 Oct 2025,24 Oct 2025,0,Nationwide,10,"In July 2024 I was diagnosed with Metastatic prostate cancer. Metastatic as it has spread extensively through my skeleton. My journey is on a one-way ticket. As there is no chance of survival. My cancer treatment (Abiraterone acetate with methylprednisolone) is costing $1300 per month. As it is not funded by Pharmac in NZ.
Use of funds
My Cancer treatment (Abiraterone Acetate+Methylprednisolone) which isnt funded in New Zealand",My Cancer treatment (Abiraterone Acetate+Methylprednisolone) which isnt funded in New Zealand,"Created by, and paying to a verified bank account of,
Bruce Alpine",Page Moderated,,,
Walk Multiple Steps for Someone with MS,"People with Multiple Sclerosis have mobility issues and many are unable to get around without the use of canes, walkers, or wheelchairs.",https://static.givealittle.co.nz/assets/hero/19705987-775f-4f7a-b8a9-b37500e4076a-320:False,https://givealittle.co.nz/cause/walk-multiple-steps-for-someone-with-ms,0,0,720 days to go,Donate,https://givealittle.co.nz/donate/cause/walk-multiple-steps-for-someone-with-ms,20 Oct 2025,19 Oct 2027,0,"Whangarei, Northland",,"Multiple Sclerosis is a disease that currently has no cure and is highly variable, degenerative, and potentially disabling. It is characterized by a multiplicity of symptoms and is unpredictable. Most people with MS are diagnosed between the ages of 20 and 50 with at least two to three times more women than men being diagnosed.
Please consider walking a few steps on behalf of those with MS who can't and make a donation to the Northland MS Society which will enable us to continue our work of supporting those affected by MS.
About us
Providing Services and Support to those living with Multiple Sclerosis and their families within the Northland Region.
Use of funds
Northland MS Society wishes to continue supporting people with MS and specifically those facing mobility issues, by being able to offer an MS specific weekly exercise class, and to purchase equipment that would help to ease the daily struggle.
Other page links
on Facebook","Northland MS Society wishes to continue supporting people with MS and specifically those facing mobility issues, by being able to offer an MS specific weekly exercise class, and to purchase equipment that would help to ease the daily struggle.","Created by, and paying to a verified bank account of,
      
        MS Society Northland
          (Charity)",Page Moderated,,,
Please help support our beautiful friend Jan to beat breast cancer 🎀,Please help support our beautiful friend Jan during her battle with breast cancer. She's got a tough road ahead and needs your help xx,https://static.givealittle.co.nz/assets/hero/65bf0d0b-acd5-476b-99a7-b37b01314b50-320:False,https://givealittle.co.nz/cause/please-help-support-our-beautiful-friend-jan,6980,0,83 days to go,Donate,https://givealittle.co.nz/donate/cause/please-help-support-our-beautiful-friend-jan,19 Oct 2025,19 Jan 2026,0,"Palmerston North, Manawatu-Wanganui",60,"Our beautiful friend Jan has been diagnosed with an aggressive type of breast cancer. She first noticed an unusual lump in her breast, and after a mammogram, ultrasound and biopsy it was discovered that she has breast cancer.
She underwent surgery to remove the large lump, and had a biopsy of her lymph nodes at the same time. Later the same evening, after complications, she underwent a second surgery.
The results of the biopsy were not what any of us were hoping for, and she is now booked in for a mastectomy. Health wise, she has fought battles before, having had major back surgery and thyroid cancer. This, by far, is her toughest battle yet.
Jan is absolutely adored by her family and friends, she is a beautiful person inside and out, and would give you the shirt off her back if you asked for it.
Her time off work is going to be much longer than she ever expected. Please donate to help ease the financial burden and let her focus on winning this battle. We are so grateful for any amount. Much love xx
Kelly Menhennet's involvement (page creator)
I have been friends with Jan since intermediate school. Absolutely love her to bits. She has a huge heart.
Use of funds
All funds raised will go directly to Jan to help ease the burden of having no income whilst she fights this. Any donation, regardless of size, will be greatly appreciated.","All funds raised will go directly to Jan to help ease the burden of having no income whilst she fights this. Any donation, regardless of size, will be greatly appreciated.","Created by
Kelly Menhennet  




      Paying to a verified bank account of
Jan Owen",Page Moderated,1,"A huge thank you!
21 October 2025
Jan is absolutely blown away by your generosity, it has brought her to tears. Your donation is helping to ease the financial stress, allowing her to focus on getting well. THANK YOU THANK YOU THANK YOU!!! We will keep you updated with her progress. Much love xx
Share this update
0 comments  |  Login to leave a comment",
Support Mel on her journey with cancer,"Help to bring Mel comfort, hope, and healing during this challenging time xx",https://static.givealittle.co.nz/assets/hero/43ea433e-3d20-4c8c-bb08-b37b012b71e7-320:False,https://givealittle.co.nz/cause/support-mel-on-her-journey-with-cancer,115,15000,356 days to go,Donate,https://givealittle.co.nz/donate/cause/support-mel-on-her-journey-with-cancer,19 Oct 2025,19 Oct 2026,0,Auckland,3,"Mel has been courageously navigating her breast cancer journey. Now on palliative chemotherapy, she continues to face each day with strength & determination. As we focus on bringing comfort, hope & healing through both medical and complementary care, we’re reaching out for financial support to help ease the burden.
Alongside medical treatment, Mel is exploring complementary therapies to help manage symptoms, reduce stress & support overall wellbeing. These therapies work alongside chemo to improve quality of life but aren’t covered by the healthcare system.
Some of the therapies Mel hopes to access include:
✨ Acupuncture and massage – to ease pain and chemo side effects
✨ Naturopathic support and supplements – to maintain strength and immunity
✨ Mind-body therapies – to reduce stress and improve sleep
✨ Nutritional support – nourishing meals to support healing
✨ Travel support – transport to appointments and potential future flights
Every contribution, big or small, makes a meaningful difference. If you can’t donate, sharing this page helps too.
We’re also beginning to explore options for alternative treatments in Mexico, though this is still early days and would require significant funding.
Thank you from the bottom of our hearts for your support in helping Mel. Your kindness and generosity bring light and hope during this time xx
Jess Waters' involvement (page creator)
Mel is my sister 💖
Use of funds
Your donation will go directly towards:
💜 Funding therapies so Mel can feel as well as possible
💜 Covering practical expenses that make day-to-day life easier",Your donation will go directly towards:💜 Funding therapies so Mel can feel as well as possible💜 Covering practical expenses that make day-to-day life easier,"Created by, and paying to a verified bank account of,
Jess Waters      on behalf of Mel, who is needing support with her breast cancer journey",Page Moderated,,,
Stronger together for John and Vanessa,Help John and family through his cancer battle.,https://static.givealittle.co.nz/assets/hero/ef5a65c1-71a4-44cc-aa29-b37b0124a2da-320:False,https://givealittle.co.nz/cause/stronger-together-for-john-and-vanessa,15453,0,355 days to go,Donate,https://givealittle.co.nz/donate/cause/stronger-together-for-john-and-vanessa,19 Oct 2025,18 Oct 2026,0,Southland,81,"Our amazing brother John is bravely battling tonsil cancer and now faces his biggest challenge yet — a life-saving 12-hour surgery scheduled for October 29th at Dunedin Hospital.
Over the past year, John has fought with strength and resilience through grueling rounds of radiotherapy and chemotherapy. Despite these efforts, the cancer — an aggressive Squamous Cell Carcinoma that spread to lymph nodes in his neck — remains. With treatments exhausted, surgery is now his only option and offers the best hope for recovery.
John’s journey has been incredibly tough — filled with endless tests, painful side effects, and the emotional strain of uncertainty. Throughout it all, his wife Vanessa has never left his side. She’s been his constant support — his nurse, caregiver, scheduler, and motivator — managing medications, feeds, and keeping his spirits up when he felt like giving up.
As a devoted husband, father, son, brother, and friend, John has always shown up for others. But his building business has been on hold for over a year, leaving his family — including his beloved sons Lukas and Tyler — under immense financial pressure.
Now, as he prepares for major surgery and a 6–12 month recovery, we’re asking for your support. Any donation, no matter the size, will make a real difference in easing the burden on John’s family so he can focus on healing.
Please share this page and keep John, Vanessa, Lukas, and Tyler in your thoughts.
Thank you from the bottom of our hearts.
Teresa Monteath's involvement (page creator)
John is our amazing brother.
Use of funds
Our efforts will go towards helping John and his family with living costs and bills - we don't want them to be stressing about money on top of everything else they are going through, especially as John is not well enough to continue to run his business at the moment.","Our efforts will go towards helping John and his family with living costs and bills - we don't want them to be stressing about money on top of everything else they are going through, especially as John is not well enough to continue to run his business at the moment.","Created by
Teresa Monteath  




      Paying to a verified bank account of
John Monteath",Page Moderated,,,
"💛 Help Little Hania Walk, Play, and Live Cancer-Free",Four year-old Hania from Afghanistan is fighting blood cancer and Hepatitis. Help fund her surgery and treatment so she can keep walking.,https://static.givealittle.co.nz/assets/hero/af81a0f7-a22d-4947-931e-b37b008ab0d5-320:False,https://givealittle.co.nz/cause/help-little-hania-walk-play-and-live-cancer-free,490,20000,22 days to go,Donate,https://givealittle.co.nz/donate/cause/help-little-hania-walk-play-and-live-cancer-free,19 Oct 2025,19 Nov 2025,0,"Kelson, Lower Hutt",7,"Four-year-old Hania from Herat, Afghanistan has been bravely fighting blood cancer for more than two years. Her journey has been long and painful — but also full of courage and hope.
When Hania’s treatment began in Lahore, Pakistan, she was too weak to walk. After several rounds of chemotherapy and ongoing care, she can now walk, play, and laugh with her little sister.
Hania’s treatment plan includes a vital surgery every six months on her back, which can be done either in Lahore or, if visas are not approved, in Kabul, Afghanistan. The family is trying their best to obtain a Pakistan visa so she can continue receiving the best possible care.
Hania’s father, the only breadwinner, works in Iran to support his family of six. Despite limited income, health struggles, and heavy debt, they remain determined and hopeful. Now, they urgently need our help to give Hania the chance to keep fighting.
Your kind donations will go towards:
_ Surgery and ongoing medical treatment
_ Medication and hospital care
_ Travel and visa expenses between Kabul and Pakistan
_ Accommodation and living costs during treatment
Every dollar will help keep Hania walking, smiling, and growing stronger.
Please donate generously and share this page with your whānau and friends.
This fundraiser has been set up by Batool Arif, a family friend with close relatives in Afghanistan, to support Hania’s treatment and care.
Batool Arif's involvement (page creator)
Haina is my extended family from my father side.
Use of funds
Their goal is to raise NZD $20,000 to help cover these essential costs.","Their goal is to raise NZD $20,000 to help cover these essential costs.","Created by, and paying to a verified bank account of,
Batool Arif      on behalf of Cancer Treatment, Living, and accomodation expenses",Page Moderated,,,
NORM'S FIGHT FOR LIFE - urgent help is needed to fund cancer treatment.,Please support Norm's fight for life.,https://static.givealittle.co.nz/assets/hero/b7296fa5-d6ae-4d12-b42c-b37a014b7859-320:False,https://givealittle.co.nz/cause/norms-fight-for-life-urgent-help-is-needed-to-fund,29015.66,150000,82 days to go,Donate,https://givealittle.co.nz/donate/cause/norms-fight-for-life-urgent-help-is-needed-to-fund,18 Oct 2025,18 Jan 2026,0,"Kerikeri, Northland",207,"Norm's plans & dreams for the future were shattered on the 8th OCT this year after being diagnosed with an incurable rare type 2 papillary renal cancer that has spread to his lungs & lymph nodes.
Although no cure, treatments are available to try and slow the cancer's progression to give Norm and his family as much precious time together making more family memories.
Norm's treatments are not funded, so we need to raise as much money as possible to help cover this cost, Norm will be on the Pembrolizumab IV treatment (Immunotherapy) that has 16 x infusions every 3 weeks along with a daily oral drug called Lenvatinib,
Norm starts his treatment on 23rd October as time is of the essence to allow more time with his family. Norm has been married to his best friend, Ann, for over 30 years, and they have 4 amazing children, Cameron, Gabrielle, Rhys & 11 year old Isabella. The family have lived here in Kerikeri for over 17 years , and have loved being involved in the wider community.
The family would like to thank everyone for their love, compassion and support as they face the difficult road ahead, and we will keep you all updated on Norm's progress.
If you know Norm & Ann, you will know that asking for help doesn't come easily to them.
A donation, or by simply sharing this page, will make a real difference in helping the family cover Norm's treatment costs and focus on what matters most - Norm's quality of life.
Tracey Taylor's involvement (page creator)
We met the Lambers family over 17 years ago on our arrival in Kerikeri and have enjoyed many moments together, watching the family grow, including the arrival of baby Isabella.
Use of funds
The funds will be used for unfunded Lenvatinib and Pembrolizumab IV treatments and to slow down the progression and extend his life for as long as possible.
Other page links
on Facebook",The funds will be used for unfunded Lenvatinib and Pembrolizumab IV treatments and to slow down the progression and extend his life for as long as possible.,"Created by
Tracey Taylor  




      Paying to a verified bank account of
Norm Lambers",Page Moderated,1,"Treatment has started
25 October 2025
Norm has had his first treatment on Thursday and is feeling good, & was home that night. They were out with us all as usual on our Friday night catch ups - which was really lovely and Norm said it was just a relief to finally get going with the treatments . With them on this weekend is Cameron along with Gabby , ( Rhys was here last weekend ) they have jobs organized around home & all are enjoying the long weekend together :)
Share this update
0 comments  |  Login to leave a comment",
"Our beautiful Elle’s Final Journey, and Beyond 💔","Please help support our beautiful Elle and her family through her final journey — and beyond - with comfort, love, and time together. 💖",https://static.givealittle.co.nz/assets/hero/4a290718-30c4-40b3-8f21-b37a00f02c13-320:False,https://givealittle.co.nz/cause/our-beautiful-elles-final-journey,8000,0,355 days to go,Donate,https://givealittle.co.nz/donate/cause/our-beautiful-elles-final-journey,18 Oct 2025,18 Oct 2026,0,"South Head, Auckland",70,"Beloved wife to Vaughan, and adored mum to Sapphire, Pearl, Orlando, Wirimu, Xavier, and Tamara.
UPDATE: 💔 Heartbroken to share…
Our beautiful Eleanor (Elle) Wynyard passed away peacefully at 1:51am this morning (October 20th), surrounded by whānau and friends. Fly free now, beautiful Elle 🤍
Thank you all for your love, support and kindness on this journey…. Please continue to share this page and to give what you can, to support the Wynyards as they navigate the difficult path ahead without Elle, their rock.
On May 9th, our world changed forever. Our amazing, strong, and loving Elle was diagnosed with cancer in her colon, bowels, and liver — and later we learned it had also spread to her brain.
Elle has faced every single day with incredible courage and love, even when the pain has been unbearable. She’s never stopped smiling, never stopped caring for others, and never stopped being the heart of our family. 💕
Elle is our home, our safe place, our world. Watching her fight this battle has been heartbreaking, but she continues to show us what true strength looks
Every bit of love helps—whether it’s a donation, a share, or a message of support. Thank you from the bottom of our hearts for helping us hold her hand and make the most of every precious moment. 💖
Sally Birch's involvement (page creator)
Sister from another mister (sister-in-law)
Use of funds
Funds will go directly to Vaughan to help with funeral and related expenses. Any additional funds raised will be used by Vaughan to support him and his children further as they adjust to life without their beloved Mumma.",Funds will go directly to Vaughan to help with funeral and related expenses. Any additional funds raised will be used by Vaughan to support him and his children further as they adjust to life without their beloved Mumma.,"Created by
Sally Birch  




      Paying to a verified bank account of
Vaughan Wynyard",Page Moderated,1,"Thank you all ❤️
26 October 2025
What a day. Our hearts are sore, but wow – so proud of Vaughan, and of Sapphire, Pearl, Orlando, Wirimu, Xavier and Tamara. You were all courage and pure love up there yesterday. Mum would’ve been watching saying, “That’s my crew!”
Vaughan, the way you held your whānau – outstanding. Kids, your mum raised warriors. Keep living loud, laughing heaps, loving big – that’s how you honour her. Don’t go hiding away. Get out there, collect stamps in your passports and bruises on your knees – make Mum proud. 🌼
Ele’s body has been buried, but she’s still here in every hug, every tear, every crack-up family moment.
Arohanui, Wynyard whānau. We’ve got you – today, tomorrow, always. 🤍
Share this update
0 comments  |  Login to leave a comment",
A Family that needs a break!,A givealittle to help alleviate some stress and struggle from our family in these incredibly tough times.,https://static.givealittle.co.nz/assets/hero/278e4b3a-b2d6-4263-80ab-b37a009fbdf6-320:False,https://givealittle.co.nz/cause/a-family-that-needs-a-break,1955,0,19 days to go,Donate,https://givealittle.co.nz/donate/cause/a-family-that-needs-a-break,18 Oct 2025,16 Nov 2025,0,Auckland,49,"As many of you may know, our family is going through some incredibly unfortunate and horrific times right now and they just keep piling on to us.
Rebecca Staples, our sister, is battling Cancer and taking it on like a champ and still managing to be there for her daughter, her mother, her brother and her niece all while inbetween trips to the hospital for chemo and radiation therapy.
Ann Plant our mum and the absolute backbone of our family has been there in full support through all of Rebecca's chemo and now radiation aswell as staying nights at middlemore kidz first to help myself (Mark Staples) look after our littlest battler Riley Staples go through a traumatic experience with having massive skin graft surgery from a scalding burn, making sure I'm not falling apart at the same time. While all of this has been going on our mum has just lost her dad, our grandad and is now needing our support too with trying to grieve.
This givealittle is to try raise funds to help alleviate and ease some of the stress and pain and just absolute struggle our family is going through right now. The money raised will be deposited in to Ann Plant's bank account and shared between Ann, Rebecca and Mark on behalf of Riley to help us get through this incredibly difficult time.
Mark Staples' involvement (page creator)
Family
Use of funds
The money will be used to help alleviate costs for parking, travel, food, clothes and everything else inbetween.","The money will be used to help alleviate costs for parking, travel, food, clothes and everything else inbetween.","Created by
Mark Staples  




      Paying to a verified bank account of
Ann Plant",Page Moderated,6,"Rileys journey in Kidz first hospital.
27 October 2025
Truly humbled by the messages of love and positivity, the ward at kidz first have been hugely supportive.
A Huge thankyou to Tania Thornton from Wings of Grace Foundation for coming to see us at hospital today helping us out with a much needed food parcel (Riley won't eat the hospital food) and some beautiful gifts for Riley that made her smile.
On top of all that her and her husband also gifted our whole family with a piece of clothing from there new clothing brand, Total Awesomeness along side a donation and Riley and I are truly humbled by her kindness.
Something like this is hard to accept, but Riley deserves the world and I am greatful for everyone who is helping make it that little bit easier on her to recover with a smile still on her face. 😊
Share this update
0 comments  |  Login to leave a comment
Rileys journey in Kidz first hospital.
27 October 2025
This beautiful girl has had a topsy turvy kinda day where she was supposed to go on ward leave and head out for a couple hours but instead has had some heavier than normal breathing, had a 37.6 temperature and complaints of being hard to breathe or saying it's like breathing hot wind...
Nurses have ran all the tests and everything is seeming reasonably normal but doctors and nurses still checking on her more regularly. She's still been pretty perky except she wasn't too happy that we couldn't go out today but she understands we need to make sure she's alright first.
She's asleep now and hopefully she sleeps through, gets a good rest and feels tiptop again tomorrow.
Share this update
0 comments  |  Login to leave a comment
Rileys journey in Kidz first hospital.
27 October 2025
Riley update!:
Sheesh where to begin... had a trip to theater this morning for a dressings change and when Riley came back there was like this wind beneath her feet, she could fly again.
They have reduced drastically the amount of dressings she has on so it was a first for both of us to see the skin grafts, I keep reminding myself and Riley of course that what we see now is not end result this is still fresh. They removed her catheter so can now go wees on the toilet again and that has given her a huge amount of freedom back.
Today was her last dressing change in theater and they will begin doing them on the ward now and also alowing Riley some ward leave time, to be able to go home for a few hours here and there and get outside with her wheel chair more (Riley took this very literally).
Next to go is her feeding tube hopefully over the weekend and honestly there has been some huge progression today and they were huge leaps but nothing my little warrior princess can't handle.
We still have a journey ahead but I'm confident in Riley's ability's and determination that she is ready for whatever her next challenge may be.
❤️ I am proud of the girl you are and woman you will one day grow to be, you have shown me strength and resilience like no other Riley... I am proud to be called your Dad x❤️
Share this update
0 comments  |  Login to leave a comment
Riley's journey in kidz first hospital.
27 October 2025
speaking to the surgeon nice and early this morning before Riley's procedure and got to ask the question about a time frame for going home.. 🥺😩
There was definitely no definitive answer from her but she started to talk about being able to go home for a night on the weekend... and borrowing the wheel chair to go get outside and being able to take Riley out during the day etc... She even said while Riley is still having dressing changes we would have a bed there...
When I didn't know and wasn't trying to look too far forward it was like OK We get up and see what this day brings, yah never know what they'll say... and now from what the surgeon just said and coinciding with the previous statements ""you'll get to know us very well"" or ""Riley will be involved with the burns team for probably the rest of her life"" or ""we will still be seeing Riley in 10 years time"" really really actually just hit home.. well.. I mean.. hospital or I don't know anymore. I think Riley and I have just became tenants at kidz first hospital ward... this will take me a while to get my head around.
Appreciate all the love from everyone already I'm blown away. Was approached by a journalist to do a news article on all this and I declined. My Mum, My Sister, MY DAUGHTER are all going through a hell of a time, I think life has hit me in the face so many times in a row now that I don't even flinch. Just keep walking...
Hold Rileys hand... she'll guide me. 🥺😫😢
Share this update
0 comments  |  Login to leave a comment
Rileys journey in Kidz first hospital.
27 October 2025
Riley update:
Been a busy few days with young miss Riley, she's needed my attention more than ever at the beginning of the week and we are starting to bring the original confident Riley back.
Medical wise everything is perfect, dressing change tomorrow and they'll be gradually reducing the amount of dressings she needs. We went on a bit of an emotional Rollercoaster to start the week but Riley and I have been having some fun with decorating the place and doing activities together ❤️
Lots of physio in the future and hopefully we can get out of here in the next week or 2.
Share this update
0 comments  |  Login to leave a comment
Rileys progress.
21 October 2025
Our littlest battler is really going through the motions right now, she is not in pain as such after her huge skin graft surgery but incredibly scared! She has had the bravest and strongest staunch face on through all her scrub downs and dressing changes, only managing to shed a tear when alone with daddy... putting her teddy's to sleep on the operating table each time before knowingly giving the gas mask to herself and going in to dream land, administering her own medication through her feeding tube and pick line like a professional nurse in the making but after Wednesday's big surgery being put to sleep for days on end with a breathing tube inserted and having her whole back and back left thigh grafted for donor skin to repair the damage to her chest, abdomen and groin she was woken up Friday afternoon doped out from morphine and I don't think this beautiful little girl will be the same mentally after this.. I watched an intelligent young child who could speak from the age of 1 cry like a new born baby. She explained to me nothing was sore, so what was the problem? She is so so traumatized by this and can't understand why this is happening she keeps crying for daddy and only saying she's scared... the young girl that was putting herself to sleep before theater just turned her head away from the Dr with the mask. She screamed at a nurse to be gentle with her or leave her alone.. Riley is going to never forget what was done to her... she is still trying to understand. Trauma.
Share this update
0 comments  |  Login to leave a comment",
Tessa Continues to Fight,"Supporting Tessa and her family as she fights a battle against ovarian cancer, which unfortunately continues to progress despite treatment",https://static.givealittle.co.nz/assets/hero/5acbde2b-6efd-41ef-bafc-b379014a8d03-320:False,https://givealittle.co.nz/cause/tessa-continues-to-fight,3458,0,20 days to go,Donate,https://givealittle.co.nz/donate/cause/tessa-continues-to-fight,18 Oct 2025,17 Nov 2025,0,"Whangarei, Northland",22,"For those who don’t know, a year ago, Tessa was diagnosed with Ovarian Cancer, initially stage 3.
Over the past year, Tessa has undergone many procedures and de-bulking surgeries to help rid Tessa of this cancer, which in itself, resulted in unexpected prolonged ICU admissions, time in and out of an induced coma, infections, bowel obstructions, a stoma formation and so forth. Post Tessa’s initial surgery, she was told the cancer has unfortunately progressed since the initial diagnosis and was now stage 4b.
Tessa overcome these massive hurdles and was just coming to terms with her new “normal”, managing her medication and lifestyle to control the cancer, to be told that the cancer was continuing to spread despite this and that she needs to commence chemotherapy, which is complicated by existing health issues. Due to her bowel adhering to her abdominal wall, further surgeries are now not an option.
Unfortunately, chemotherapy has a low chance of being successful, but Tessa being Tessa, is going to give this challenge a bloody good fight!
There is also a possibility of Tessa being started on a non-funded medication, which will see them out of pocket $3000 a month.
Tessa, Callum and Archer are moving out of their beautiful family home and making a move to Auckland to help reduce costs but unfortunately, there will still be a huge financial burden on their shoulders.
If you can donate, please do so to support Tessa and her family, every cent counts. If you can’t, please share x
Alana Annas' involvement (page creator)
Close friends
Use of funds
All funds raised will go towards accommodation, bills, food, petrol and Trametinib medication up to $3000 a month which is not funded","All funds raised will go towards accommodation, bills, food, petrol and Trametinib  medication up to $3000 a month which is not funded","Created by
Alana Annas  




      Paying to a verified bank account of
Tessa McKenzie",Page Moderated,,,
Antony’s Path to a New Life,Raising funds for life-changing gastric bypass surgery to help me overcome severe obesity and chronic pain.,https://static.givealittle.co.nz/assets/hero/a1a6dcf2-79b9-42f8-adf6-b37e0101226a-320:False,https://givealittle.co.nz/cause/antonys-path-to-a-new-life,5,31500,95 days to go,Donate,https://givealittle.co.nz/donate/cause/antonys-path-to-a-new-life,17 Oct 2025,31 Jan 2026,0,"Christchurch, Canterbury",3,"Hi, I’m Antony. I’m 38 and currently 180 kg. I’ve struggled with my weight for years, and a spinal injury makes exercise extremely hard. The extra 80–90 kg I carry worsens my back pain, limits movement, and makes sleeping in a bed painful. I also have sleep apnoea, so I rarely get proper rest.
I’ve worked on improving my diet and making lifestyle changes, but despite my best efforts and medical guidance, my body hasn’t responded enough. My doctors recommend gastric bypass surgery as the next step. I’ve been referred for public health funding several times, but have always been denied.
This surgery would mean a real chance to regain my health and reduce the constant pain that affects my daily life. I want to sleep properly, go for walks longer than 15 minutes, spend more time being active with family and friends, and even go skiing again someday. Most of all, I want to live without the physical and emotional weight that holds me back.
The surgery, travel to Auckland, and recovery costs are about $30,000 NZD. It’s far beyond what I can manage alone.
Your support would help me take that step toward a healthier, more independent life. Any donation or share would mean the world to me.
Thank you for taking the time to read my story and for your kindness.
Use of funds
Donations will cover gastric bypass surgery, medical care, recovery support, and travel to Auckland so I can finally start living pain-free. If my goal is not met but at least $10,000-$20,000 is raised, funds will go towards accommodation, food, flights and hospital bills to get the operation in Thailand. If this is not reached either, funds will go towards Ozempic ($500 per month).","Donations will cover gastric bypass surgery, medical care, recovery support, and travel to Auckland so I can finally start living pain-free. If my goal is not met but at least $10,000-$20,000 is raised, funds will go towards accommodation, food, flights and hospital bills to get the operation in Thailand. If this is not reached either, funds will go towards Ozempic ($500 per month).","Created by, and paying to a verified bank account of,
Antony Karlytzky",Page Moderated,,,
The Donaldson’s Continue to Fight - Urgent Help Needed  to Fund Offshore Cancer Treatment for their son Hugo,The Donaldson’s Continue to Fight - Urgent Help Needed to Fund Offshore Cancer Treatment for their son Hugo,https://static.givealittle.co.nz/assets/hero/7f8ae674-4534-4a36-8684-b378016c606d-320:False,https://givealittle.co.nz/cause/the-donaldsons-continue-to-fight,332463.88,0,353 days to go,Donate,https://givealittle.co.nz/donate/cause/the-donaldsons-continue-to-fight,16 Oct 2025,16 Oct 2026,1,"Beachlands, Auckland",5333,"Sam and Aaron’s 11-year-old son, Hugo, has endured what no child should. In January 2024, at just 9 years old, he was diagnosed with Stage 4 Alveolar Rhabdomyosarcoma - a rare and aggressive childhood cancer.
After 9 rounds of high-dose chemotherapy and 28 sessions of radiation, Hugo was declared clear in August 2024. Sadly, whilst on maintenance chemotherapy, he relapsed in March 2025 and began another intensive chemotherapy regime. Despite initial progress, scans in September 2025 revealed further cancer growth. Within days, Hugo went from having a sore leg to being unable to walk, wheelchair-bound and in severe pain.
He has since undergone further radiation and change in treatment, but options in NZ are running out.
Hugo has been accepted into a CAR T therapy clinical trial in the US. While the treatment itself is free, hospital and living costs are not and total around $500,000 NZD, payable upfront.
Sam and Aaron are applying to withdraw their KiwiSaver, selling assets, and exploring every option they can, but they can’t do it alone. Every donation, big or small, helps get Hugo closer to potentially life-saving treatment and the chance to be a normal kid again which the Donaldsons are desperate for.
If the overseas treatment can’t proceed, option to direct funds to other treatment or Hugo-related care which we will update as we go
Previous page https://givealittle.co.nz/cause/love-and-support-for-the-donaldsons
Steph King's involvement (page creator)
Hugos Aunty
Use of funds
Funds raised will go toward:
- Hospital and associated medical costs in the US for the CAR T-cell clinical trial
- Travel and accommodation expenses for Hugo and his parents
- Necessary support care and medical logistics while overseas",Funds raised will go toward:- Hospital and associated medical costs in the US for the CAR T-cell clinical trial- Travel and accommodation expenses for Hugo and his parents- Necessary support care and medical logistics while overseas,"Created by
Steph King  




      Paying to a verified bank account of
Samantha Donaldson      on behalf of Hugo Donaldson CAR T-Cell trial in America",Page Moderated,,,"9 days ago
Cindy asks
Is the clinical trial at Mayo Clinic in Rochester MN?
Steph
It is in Houston 🥰"
Support Matiu's Healing Journey,Support Matiu's healing journey as he begins treatment for head and neck cancer,https://static.givealittle.co.nz/assets/hero/977702eb-14ef-45c9-870c-b37801682e9a-320:False,https://givealittle.co.nz/cause/support-matius-healing-journey,1292,10000,353 days to go,Donate,https://givealittle.co.nz/donate/cause/support-matius-healing-journey,16 Oct 2025,16 Oct 2026,0,"Christchurch, Canterbury",11,"Matiu Tamati was recently diagnosed with Squamous Cell Carcinoma, a Head and Neck cancer, in his throat and lymph nodes.
In order to have the best chance of beating this cancer, Matiu needs to undergo 6 weeks of radiation and chemotherapy treatment. In November he will be fitted with a PEG feeding tube to help him receive nutrients during his treatment as he may not be able to eat/swallow in the later stages of his treatment. His treatment cycle will start in December.
Matiu is strong and has excellent support in place but will be unable to work during his treatment and recovery. Funds raised will help support Matiu, partner Julie-Ann and whanau as they navigate this health challenge for this dearly loved man.
Maurz Taane's involvement (page creator)
I am a friend of Matua Matiu's, and a recent survivor of the same cancer
Use of funds
Funds raised will be used to assist in transport costs, specialist food and equipment, and rongoa to support Matiu. Whatever you can give is deeply appreciated by Matiu and whanau.","Funds raised will be used to assist in transport costs, specialist food and equipment, and rongoa to support Matiu. Whatever you can give is deeply appreciated by Matiu and whanau.","Created by
Maurz Taane  




      Paying to a verified bank account of
Matiu Tamati",Page Moderated,,,
Mercy Ship Volunteer Adventure,Mercy Ship Nurse Volunteer,https://static.givealittle.co.nz/assets/hero/04a26e9c-bfdf-43b4-a63e-b37800ba5c92-320:False,https://givealittle.co.nz/cause/mercy-ship-volunteer-adventure,360,0,170 days to go,Donate,https://givealittle.co.nz/donate/cause/mercy-ship-volunteer-adventure,16 Oct 2025,16 Apr 2026,0,Auckland,10,"I have decided to volunteer as a nurse with Mercy Ships in 2026, a hospital ship that provides free surgeries and medical care to people in some of the poorest regions in Africa. I will be part of a team delivering essential healthcare and hope to those who would otherwise have no access to it.
While Mercy Ships covers all medical costs for patients and medical staff flights, there are costs for volunteers that need to be covered- Medicals, Immunisations, living expenses on the ship, and costs of time away from home. I am raising funds to help cover these costs so I can focus fully on caring for patients and supporting the medical team.
Your donations - no matter the size- will help me take my nursing skills where they are needed most. Thank you for helping me make this mission possible.
Use of funds
Medicals, Immunisations, living expenses on the ship, and costs of time away from home.","Medicals, Immunisations, living expenses on the ship, and costs of time away from home.","Created by, and paying to a verified bank account of,
Gemma Young",Page Moderated,,,
Help Our Mother Lily Winkler Get Her Life Back After Stroke With Revolutionary Treatment,Breakthrough stroke treatment in Florida offers hope for restoring our mother's life.,https://static.givealittle.co.nz/assets/hero/17f25880-3a27-4891-8edb-b37500dc09f4-320:False,https://givealittle.co.nz/cause/help-our-mother-lily-winkler-get-her-life-back,2300,55000,350 days to go,Donate,https://givealittle.co.nz/donate/cause/help-our-mother-lily-winkler-get-her-life-back,16 Oct 2025,13 Oct 2026,0,"Motueka, Tasman",33,"Our beloved mother Lily Winkler has been suffering for two years following a devastating stroke. Other than a few words, Lily can't speak. She can't move her right arm. She lives in a sea of pain with constant medication, and a care home existence.
Previously a vibrant, creative, adventurous, and hardworking woman, Lily is now handicapped. New Zealand doctors have little to offer for significant progress beyond her present plateau. However, through our research, we have found hope.
In Florida, at the Institute for Neurological Recovery (see links below) it is possible to have injections of Etanercept (an arthritis drug) into the back of her neck/spine, in conjunction with an inversion table. This novel treatment has provided dramatic relief for thousands of stroke victims.
We six children -in conjunction with other family and friends- are launching this appeal so that Lily can receive two etanercept treatments a week apart. The fundraising target is based on medical costs, flights for Lily and two support persons, and housing and food while in Florida. Any excess to target would be applied for a third treatment and additional support person. Besides give-a-little we are doing fair booths, sausage sizzles, art sales and selling used goods on facebook marketplace.
Thank you for helping fund this treatment for Lily so that she can experience relief of pain and spasticity and improvement with speech and mobility. Your help will be life changing for Lily!
Tia Winkler Stringer's involvement (page creator)
Lily is my mother. I am handling her affairs. I have organised this appeal together with my 5 siblings, my father Kevin, and neighbour Janice.
Use of funds
Etanercept treatments, air flights to Florida from NZ, and lodging for Lily and two support persons for one month. Target excess will provide an additional treatment. If shortfall, we continue fundraising.
Other page links
on YouTube","Etanercept treatments, air flights to Florida from NZ, and lodging for Lily and two support persons for one month.  Target excess will provide an additional treatment. If shortfall, we continue fundraising.","Created by, and paying to a verified bank account of,
Tia Winkler Stringer      on behalf of Lily Winkler",Page Moderated,,,
"Bennie, Grets, and Gabriel: Fighting to Keep Their Family in Aotearoa",Funds will go towards supporting lawyers fees and medical specialists.,https://static.givealittle.co.nz/assets/hero/375555c5-e31f-4df3-a575-b37701595915-320:False,https://givealittle.co.nz/cause/bennie-grets-and-gabriel-stay-aoteaora,2140,10000,33 days to go,Donate,https://givealittle.co.nz/donate/cause/bennie-grets-and-gabriel-stay-aoteaora,15 Oct 2025,30 Nov 2025,0,"Wainui, Auckland",12,"💔 A Dream Interrupted by a Diagnosis
Our dear friend, Bennie Greyling, his wife Grets, and their 7-year-old son Gabriel have been building a beautiful life in Auckland for three years. Bennie and Grets are active, valued members of their community, contributing to New Zealand every day. For Gabriel, Auckland is the only home he truly remembers.
Their journey for permanent residency was tragically put on hold after Bennie received a difficult medical diagnosis one year ago: Multiple Sclerosis (MS).
Immigration New Zealand declined their residency application, primarily arguing that MS—even in its early stages—could impose ""significant costs"" on the health system. This decision is heartbreaking and threatens to tear the Greyling family away from the life and community they have established. They are being told to leave their home because of a condition that was diagnosed while they were already living here.
⚖️ Our Mission: Legal Fight for an Appeal
We are launching this campaign to raise $10 000 to cover the significant legal fees required for Bennie's residency appeal and medical waiver application.
Thank you for your generosity and for fighting for fairness and compassion.
Craig Goodspeed's involvement (page creator)
Good friend that I met in New Zealand.
Use of funds
Funds raised will go towards Lawyers fees and medical waivers,","Funds raised will go towards Lawyers fees and medical waivers,","Created by
Craig Goodspeed  




      Paying to a verified bank account of
Bennie (Barend) Greyling",Page Moderated,,,
Peace Of Mind,Trying to help a great man to be able to relax and not stress to much about the time he has left,https://static.givealittle.co.nz/assets/hero/14e02817-e03d-4dd7-8e27-b373015b305e-320:False,https://givealittle.co.nz/cause/peace-of-mind-2,1560,50000,165 days to go,Donate,https://givealittle.co.nz/donate/cause/peace-of-mind-2,15 Oct 2025,11 Apr 2026,0,"Otautau, Southland",21,"Recently diagnosed with a very aggressive Metastatic Bowel Cancer that has spread into the abdominal wall and Lymph Nodes, Kim has only been given 6 – 18 months to live and that’s with Chemotherapy. Kim also has Heart Failure, and the results of any treatment for his Cancer further risks his life expectancy, Surgery is not an option for his heart due to his Cancer treatment at present.
Kim and his wife Jeanette are making end of life arrangements with their limited abilities & resources.
Kim was born in Bluff when his family was living on Dog Island. Kim wishes to be granted special permission to go back and visit his first home. This process is being arranged at this time.
Kim also wishes to visit Te Anau, and his wife would like to send him up to Taranaki for a couple of weeks to where he has spent most of his life, to catch up on Family & Friends.
Kim is also on a myriad of supplements to help support his body through his treatment and this is quite expensive.
Kim & his Wife are pensioners and struggle in a financial position to give Kim his end of life choices & vision.
Any help & considerations is very much appreciated to help lighten the financial load that is hindering end of life choices & vision.
Thank You Very Much.
Daryl Hoover's involvement (page creator)
Kimba Mallowes is My Stepfather
Use of funds
bucket list that Kimba would like to complete before he passes, special dietary requirements and health supplements, funeral arrangements etc, making sure large bills are paid and general day to day unexpected costs","bucket list that Kimba would like to complete before he passes, special dietary requirements and health supplements, funeral arrangements etc, making sure large bills are paid and general day to day unexpected costs","Created by
Daryl Hoover  






      Paying to a verified bank account of
      
        Jeanette Mallowes",Page Moderated,1,"We are getting there
23 October 2025
I would like to thank everyone so far for their generosity and hopefully we reach the goal, please don't forget to share the page to as many people as you can
Share this update
0 comments  |  Login to leave a comment",
Running Rocks & Ridges for Sarcoidosis,Fundraising for Sarcoidosis Research by Running the Goat Tongariro half Marathon & hoping to Inspire others along the way 💜,https://static.givealittle.co.nz/assets/hero/9dcc58ec-d33d-430f-955f-b37700ffbcbc-320:False,https://givealittle.co.nz/cause/running-rocks-and-ridges-for-sarcoidosis,200,0,95 days to go,Donate,https://givealittle.co.nz/donate/cause/running-rocks-and-ridges-for-sarcoidosis,15 Oct 2025,31 Jan 2026,0,,4,"Kia ora
My name is Sarah Bishop and I am running the GOAT Tongariro half marathon to raise money for Sarcoidosis research & to inspire others along the way!
18 months ago, I started to experience night sweats, fatigue, & my blood pressure was going up. Then my heart rate wouldn’t go up when it needed to.
I found myself in for a long stay at both the Rotorua and Waikato Hospital's. I was rapidly declining & whilst the doctors ran every test under the sun to figure out what was going on, I continued to decline until my heart stopped working completely.
I was diagnosed with Cardiac SARCOIDOSIS!
Fortunately, an amazing device, an ICD pacemaker/defibrillator was plugged into my heart & I was put onto some pretty intrusive meds. Fast forward to today & here I am doing EVERYTHING I can, SO grateful for the opportunity to do so!
Sarcoidosis is a rare Inflammatory disease characterised by the formation of granulomas—tiny clumps of inflammatory cells in one or more organs of the body. When the immune system goes into overdrive & too many of these clump's form, they can interfere with an organ’s structure and function.
All donations received will go to the Foundation for Sarcoidosis Research - the leading international organisation dedicated to finding a cure for Sarcoidosis & improving care for Sarcoidosis patients through research, education & support. I'll be sure to work for your generosity on the 17th of January 2026 when I take on the GOAT Tongariro adventure💜
Use of funds
All money will be given to the Foundation for Sarcoidosis Research 💜They are the leading international organisation dedicated to finding a cure for Sarcoidosis & improving care for Sarcoidosis patients through research, education & support.
Other page links
on Facebook
www.stopsarcoidosis.org/about","All money will be given to the Foundation for Sarcoidosis Research 💜They are the leading international organisation dedicated to finding a cure for Sarcoidosis & improving care for Sarcoidosis patients through research, education & support.","Created by, and paying to a verified bank account of,
Sarah Bishop",Page Moderated,,,
Support Zoe in her fight against cancer,"Help Zoe, a dedicated teacher battling non-Hodgkin lymphoma, maintain her dignity and confidence.",https://static.givealittle.co.nz/assets/hero/6c420101-82e3-4203-a715-b37600b80347-320:False,https://givealittle.co.nz/cause/support-zoe-in-her-fight-against-cancer,5285,10000,78 days to go,Donate,https://givealittle.co.nz/donate/cause/support-zoe-in-her-fight-against-cancer,14 Oct 2025,14 Jan 2026,0,"Bay Of Plenty, Whakatane District",63,"Since being diagnosed with non-Hodgkin lymphoma earlier this year, Zoe has dealt with this news with grace and dignity. She has continued to work full time as a primary school teacher while undergoing chemotherapy. The physical and emotional toll of her treatment is immense and the financial strain is adding to her challenges.
While cancer treatment expenses are covered, the day to day costs of living such as bills and groceries are quickly adding up. Zoe's sick leave entitlement is also running low and soon she will be on unpaid leave from work whilst undergoing chemotherapy. During this time, bills and living costs will be piling up.
If you know Zoe, you will know she has had long, beautiful and healthy blonde hair her entire life. Chemotherapy induced hair loss can significantly impact one's sense of identity and profoundly affects cancer survivors. Zoe hopes that a beautiful and natural looking wig will help her regain some confidence, normalcy and dignity.
How You Can Help:
Donate: Your contribution will ease the financial burden, allowing Zoe to focus on her health.
Share: Spread the word about Zoe's journey. The more people who know, the more support she can receive.
Encourage: Leave messages of support and encouragement.
To show my unwavering support for Zoe, I’ve made a heartfelt commitment: if we reach our fundraising goal, I will cut off my long hair. This gesture symbolises solidarity, standing with Zoe as she faces her challenges with dignity and grace.
Jeewan Drey x
Jeewan Drey's involvement (page creator)
She is my best friend and god mother to my one year old 💞
Use of funds
Daily living expenses including groceries, bills and travel to specialist appointments
Limited sick leave means she will be taking unpaid leave during chemotherapy
A wig to maintain normalcy and confidence during the journey ahead","Daily living expenses including groceries, bills and travel to specialist appointmentsLimited sick leave means she will be taking unpaid leave during chemotherapyA wig to maintain normalcy and confidence during the journey ahead","Created by
Jeewan Drey  




      Paying to a verified bank account of
Zoe Webb",Page Moderated,1,"Update 17 Oct
17 October 2025
Posted by: Zoe Webb
Thank you all so much for your kindness and generosity. Today is day 3 of 5 in my second round of treatment. I had planned to thank everyone individually, but I’ve been completely inundated with messages - please forgive me if I haven’t replied. I’m truly so thankful for every single message, donation, and share. Your support means the world and truly is making a difference ♥️
Share this update
0 comments  |  Login to leave a comment",
Help Lyss pee in a bush,Help Lyss get revenge by peeing on bushes with a shewee so she doesn't have to squat down outdoors,https://static.givealittle.co.nz/assets/hero/a7c6181b-87f3-4c31-95d6-b37700f7cf85-320:False,https://givealittle.co.nz/cause/help-lyss-pee-in-a-bush,7,50,16 days to go,Donate,https://givealittle.co.nz/donate/cause/help-lyss-pee-in-a-bush,13 Oct 2025,13 Nov 2025,0,Manawatu / Whanganui,3,"Lyss had a run in with a bush and got scarred. Now she wants revenge by peeing on every bush she can. A shewee will help to accomplish this life long goal by allowing her to pee on bushes standing up. We hope to raise $50 for the outdoor kit
Shaun Bailey's involvement (page creator)
Close friend
Use of funds
Shewee outdoor kit. If my goal is not met, all funds raised will still go towards a shewee or similar device.","Shewee outdoor kit. If my goal is not met, all funds raised will still go towards a shewee or similar device.","Created by
Shaun Bailey  




      Paying to a verified bank account of
Alyssa ""Lyss"" Grove",Page Moderated,,,
Help me with the grief of losing a dad,Losing a Dad,https://static.givealittle.co.nz/assets/hero/3f72d939-e327-4814-bae2-b37501634683-320:False,https://givealittle.co.nz/cause/help-me-with-the-grief-of-losing-a-dad,323,60000,77 days to go,Donate,https://givealittle.co.nz/donate/cause/help-me-with-the-grief-of-losing-a-dad,13 Oct 2025,13 Jan 2026,0,"Cambridge, Waikato",7,"*Urgent Help Needed for My Father's Medical Bills*
We're facing a heartbreaking situation with my father, who has been diagnosed with Idiopathic Pulmonary Fibrosis (IPF) and has approximately three months left to live. After flying to New Zealand from South Africa on a visitor's visa, he fell ill, and the medical bills have quickly escalated to over $60,000.
As a family, we're struggling to cope with the emotional burden of losing him, and the financial stress is adding to our grief. We're reaching out for help to cover the medical expenses, which are overwhelming for us.
*Any contribution would make a huge difference* in alleviating some of the financial burden and allowing us to focus on spending quality time with him during his remaining time.
If you'd like to contribute, please donate to this givealittle account Your kindness and generosity would mean the world to us during this difficult time.
Thank you for considering this request.
Use of funds
Funds will go towards Medical bill",Funds will go towards Medical bill,"Created by, and paying to a verified bank account of,
Riaan Venter",Page Moderated,,,
💔 Please Support Pawandeep as She Battles for Her Life,💔 Please Support Pawandeep as She Battles for Her Life,https://static.givealittle.co.nz/assets/hero/b2e38d7b-2e24-4c7b-951c-b375013ca5d2-320:False,https://givealittle.co.nz/cause/need-to-support-my-friend-and-his-wife,44003.56,150000,16 days to go,Donate,https://givealittle.co.nz/donate/cause/need-to-support-my-friend-and-his-wife,13 Oct 2025,13 Nov 2025,0,"Papakura, Auckland",593,"Pawandeep, the beloved wife of my dear friend and colleague Daljit, was admitted to Auckland Hospital last Monday after experiencing sudden and severe pain. What began as a suspected kidney stone has tragically escalated into a life-threatening condition. She is now in the Intensive Care Unit, fighting for her life. Doctors discovered that the kidney stone had caused a serious infection. Since then, her health has rapidly deteriorated. On Saturday morning, she was moved to ICU, is now unable to breathe without oxygen support, has developed a lung infection, and both her kidneys have stopped functioning. She is on dialysis since 13 Oct 2025. Despite the doctors’ best efforts, the road to recovery remains uncertain.
Pawan and Daljit were married in Feb 2024 and began their life together in Auckland in Mar 2025. After waiting so long to be reunited and finally starting to build a future together, they are now facing unimaginable hardship. Because Pawandeep is on a one-year partnership-based work visa, she is not eligible for publicly funded healthcare in NZ. The cost of her care is staggering and the total hospital costs come above $100,000. Daljit is a hardworking resident who has poured everything into building a life for his family. He is now facing this financial burden alone.I have started this page to ask for your support. Your kindness will not only help ease the financial strain but also give this young couple hope during the darkest time of their lives.
Arvinderpal Singh Dhillon's involvement (page creator)
We are freind from last 6 year
Use of funds
Funds raised will go towards medical bills",Funds raised will go towards medical bills,"Created by
Arvinderpal Singh Dhillon  




      Paying to a verified bank account of
Pawandeep's Husband Daljit Singh",Page Moderated,1,"Pawandeep is recovering
25 October 2025
Thank you all for your continued support and prayers.
Pawandeep is now out of danger and recovering day by day.
Please keep her in your thoughts and prayers as she continues to heal. 🙏
Share this update
0 comments  |  Login to leave a comment",
Help Natania fight a rare and debilitating disease,Natania is in need of a specialised stem cell transplant in Australia. Please help her fight Scleroderma.,https://static.givealittle.co.nz/assets/hero/1904e18b-e92a-46c2-930f-b3740119f8f1-320:False,https://givealittle.co.nz/cause/help-natania-fight-a-rare-and-debilitating-disease,3196.11,0,94 days to go,Donate,https://givealittle.co.nz/donate/cause/help-natania-fight-a-rare-and-debilitating-disease,12 Oct 2025,30 Jan 2026,0,"Hastings, Hawke's Bay",35,"We are asking for help for treatment related costs for our Mum so she can live a long and healthy life.
Since 2023, Natania has been experiencing an aggressive form of scleroderma. This rare autoimmune disease attacks the healthy cells in the body, to cause an overproduction of collagen. Too much collagen affects the body by attacking itself, and produces scar tissue on internal organs, and causes tightness in the skin. This results in limited mobility, and possible organ failure.
She has experienced scleroderma renal crisis, which resulted in a being rushed into ICU at Hawke's Bay Hospital. Natania has also had numerous procedures and tests carried out to assist with her everyday living.
Her next step is a funded stem cell transplant in Sydney, Australia. Although the treatment is funded, other costs such as accommodation, aftercare and living costs are not covered for the minimum of three months for the treatment process.
Seamus McCann's involvement (page creator)
Natania is my mother.
Use of funds
Treatment related costs such as accommodation and living expenses while in Australia.",Treatment related costs such as accommodation and living expenses while in Australia.,"Created by
Seamus McCann  




      Paying to a verified bank account of
Natania McCann",Page Moderated,,,
A little help for our supermom,Appealing for financial aid in a time of need.,https://static.givealittle.co.nz/assets/hero/b2d34b6e-dd39-4617-98f4-b373015add1c-320:False,https://givealittle.co.nz/cause/a-little-help-for-our-supermom,1235,0,14 days to go,Donate,https://givealittle.co.nz/donate/cause/a-little-help-for-our-supermom,11 Oct 2025,11 Nov 2025,0,Southland,17,"4 days ago, Aunty Teresita and her son were involved in a vehicular accident. They were crossing the street when a reckless driver hit them. Fortunately, her son did not sustain any serious injury. Teresita, on the other hand, is in critical condition. She sustained traumatic brain injury and pelvic fracture and is needing lifesaving surgery.
Tessa Ong (Tessa Black), her daughter had to urgently fly back home to the Philippines to support her mother. However, due to the financial strain this accident has caused for her family, she will need your help financially. Any amount goes a long way and is greatly appreciated.
""When we give cheerfully and accept gratefully, everyone is blessed."" - Maya Angelou
Emma De La Cruz's involvement (page creator)
I am a friend Tessa Ong (Tessa Black), Teresita's daughter.
Use of funds
The money is needed to help the Ong family cover the cost of hospital bills including the lifesaving surgery for their most treasured supermum.",The money is needed to help the Ong family cover the cost of hospital bills including the lifesaving surgery for their most treasured supermum.,"Created by
Emma De La Cruz  




      Paying to a verified bank account of
Rotessa Joyce Ong",Page Moderated,,,
Help Steve fight for his life,"Steve’s last hope is $95k immunotherapy not publicly funded. Help our much-loved dad, partner & mate keep fighting.",https://static.givealittle.co.nz/assets/hero/81672d6b-356d-492b-b450-b37300b16339-320:False,https://givealittle.co.nz/cause/help-steve-fight-for-his-life,31690,95000,75 days to go,Donate,https://givealittle.co.nz/donate/cause/help-steve-fight-for-his-life,11 Oct 2025,11 Jan 2026,0,"Hamilton, Waikato",111,"We’re reaching out for help to give our much-loved father, partner, and mate Steve (aka Trackman, Rutzy) a fighting chance.
Since 2020, Steve has been battling an aggressive and relentless cancer of the neck, face, and head, advanced squamous cell carcinoma. He’s endured multiple surgeries and extensive rounds of radiotherapy, facing each challenge with courage, humour, and determination.
This week brought devastating news. Without further treatment, Steve’s cancer is expected to spread to his brain within months — doctors estimate he may have just 3–6 months left. But there is hope. His medical team believes immunotherapy offers a strong chance of controlling — and potentially reversing — the cancer’s progression. It’s a treatment that has achieved remarkable results for patients with similar conditions, giving them precious years they might not otherwise have had.
Sadly, this treatment isn’t funded through the public health system and comes with a $95,000 cost.
Steve means the world to so many — a devoted dad, loving partner, and loyal friend. We’re determined to do everything we can to help him access this treatment and keep him with us for as long as possible.
Every donation, big or small, brings us one step closer to giving Steve the chance he deserves.
Anna Petursson's involvement (page creator)
He's been my friend since I was 17 - 45 years.
Use of funds
8 x cancer treatments of Pembrolizumab (Keytruda) @ $11,000 per treatment and additional costs throughout treatment e.g. scans","8 x cancer treatments of Pembrolizumab (Keytruda) @ $11,000 per treatment and additional costs throughout treatment e.g. scans","Created by
Anna Petursson  




      Paying to a verified bank account of
Helen Singers      on behalf of Steve (aka Trackman, Rutzy) Rutz",Page Moderated,2,"23 October 2025
23 October 2025
Some great news. In case you haven't seen Helen's FB post, Steve is booked in to start his treatment next Wednesday 31st Oct. Yay!
Share this update
0 comments  |  Login to leave a comment
Latest Update 17 Oct 2025
17 October 2025
Hi Everyone - On behalf of Helen and Steve a really big thank you to all those people who have donated so far. Your generosity has been unbelievable and very much appreciated. It sounds like Steve has been very humbled by it all.
This week Steve has had a scan and will be having an MRI in the next few days. It is hoped that he will start treatment in the next week which is fantastic.
Please continue to share the Give a Little page on your own Facebook pages and for those who are thinking about donating ...GO AHEAD! The sharing of the page helps to keep the momentum going. Every bit helps. Many thanks
Share this update
0 comments  |  Login to leave a comment",
🕊In Loving Memory of Mom💔Please Help Us Cover Mum’s Hospital Bills After Her Passing.,💔 Help us cover our late mum’s hospital bills. Every donation helps and means so much. Thank you for your support. 🙏,https://static.givealittle.co.nz/assets/hero/e39da367-87ed-4fa1-b690-b37d009c1bb8-320:False,https://givealittle.co.nz/cause/help-us-cover-mums-hospital-bills,650,41535,348 days to go,Donate,https://givealittle.co.nz/donate/cause/help-us-cover-mums-hospital-bills,11 Oct 2025,11 Oct 2026,0,"Manukau, Auckland",4,"Kia ora whānau,
Our mum travelled all the way from Fiji to New Zealand to be with us for a special time — to meet and help care for our newborn son, her second grandson. She was full of love and excitement, ready to support us as we welcomed our baby into the world.
But just days after arriving, Mum suddenly became unwell. We called an ambulance, and she was rushed to Middlemore Hospital. Despite the efforts of the amazing staff, our beautiful mum passed away just two days later. It all happened so fast — we are still in shock and deep grief.
We’re now facing unexpected medical costs from her time in hospital, and we’re humbly asking for help to cover these bills. Any donation, big or small, would mean so much to us during this heartbreaking time.
Thank you for your love, support, and kindness.
With Heartfelt gratitude,
Michell Gibson & Imran Ali
Michelle Gibson's involvement (page creator)
Imran is my husband and is responsible for paying the outstanding medical bills.
Use of funds
Funds will go toward covering unpaid hospital bills and medical expenses from Mum’s time in care before her passing.",Funds will go toward covering unpaid hospital bills and medical expenses from Mum’s time in care before her passing.,"Created by
Michelle Gibson  




      Paying to a verified bank account of
Imran Ali",Page Moderated,,,
Metastatic Breast Cancer - Please Help with treatments,Metastatic Breast Cancer treatment assistance X,https://static.givealittle.co.nz/assets/hero/c1be47ce-715f-4c21-bf91-b37200f26bdc-320:False,https://givealittle.co.nz/cause/metastatic-breast-cancer-please-help,7745,0,347 days to go,Donate,https://givealittle.co.nz/donate/cause/metastatic-breast-cancer-please-help,10 Oct 2025,10 Oct 2026,0,"Havelock North, Hawke's Bay",61,"In 2021 I overcame breast cancer. Unfortunately, it has returned, and has gone to my pelvic bone, eating a good section of my bone. There are 2 nodes in my lungs.
My aim is to combat this from all sides, involving IV vitamin C infusions, Oxygen chamber, and Mistletoe immune therapy - in addition to radiation.
Any help is much appreciated 👏 💐 , and I Thank you with all my heart for helping me achieve this X
Use of funds
Greenmeadows 'The Drs' IV vit C - $170 per infusion, twice a week.
Oxygen Chamber- Hawkes Bay Chambers $100 x 3 a week.
Mistletoe Immune therapy - $130 once a fortnight.
Vitamins, minerals and a heap of carrot juice.
Other page links
on Facebook","Greenmeadows 'The Drs' IV vit C - $170 per infusion, twice a week.Oxygen Chamber- Hawkes Bay Chambers $100 x 3 a week.Mistletoe Immune therapy - $130 once a fortnight.Vitamins, minerals and a heap of carrot juice.","Created by, and paying to a verified bank account of,
Rachel Ericksen",Page Moderated,2,"Update
20 October 2025
Have started Mistletoe therapy, those injections are going well :).
IV Vit C infusions are booked for twice a week.
And O2 chambers are on the go!
Copious vitamins, juices, Turkey Tail mushroom, nebulising 3% hydrogen peroxide (see the 1 minute cure book), sunlight, swimming when possible...
Thankyou to everyone who is making this possible xxoo
Share this update
0 comments  |  Login to leave a comment
I Just want to say a MASSIVE THANKS 😊 to you all!
13 October 2025
Thank you all so very much for your kind ess, and generosity. I greatly appreciate it, and feel like we will get through this together XO 🤗 😘 ❤️
Share this update
0 comments  |  Login to leave a comment",
A gift of love and support through Sarah-Jayne's terminal cancer battle,Help raise funds to support Sarah Jayne and her family during this difficult time to make precious memories,https://static.givealittle.co.nz/assets/hero/f2e6b338-7ea4-423f-847d-b36f005d361f-320:False,https://givealittle.co.nz/cause/a-gift-of-love-and-support-through-sarah-jaynes,3800,30000,344 days to go,Donate,https://givealittle.co.nz/donate/cause/a-gift-of-love-and-support-through-sarah-jaynes,9 Oct 2025,7 Oct 2026,0,"Dunedin, Otago",72,"Our larger than life Sarah Jayne with the most contagious laugh is facing the unimaginable - a terminal cancer diagnosis that has changed her life and the lives of everyone who loves her, especially her daughter Mia.
Despite the pain, fear and uncertainty, Sarah Jayne continues to face each day with her positive outlook, and continues to make those around her laugh.
Not only is Sarah Jayne facing her own battle, but she has been supporting her step dad Tony as he sadly also battles his own terminal cancer diagnosis.
This fund has been created to support Sarah Jayne and her family during this incredibly difficult time. All donations will go towards easing financial burden at this time, creating lasting memories with her loved ones, especially young Mia, and ensuring peace and comfort in her remaining time.
Every contribution, no matter the size, is deeply appreciated. If you are unable to donate, sharing this page or sending a message of support would mean the world.
Let's surround Sarah Jayne with the love, care and dignity she deserves ❤️
Kim Allan's involvement (page creator)
Sarah Jayne has been part of the Farmily for a long time. She is a great colleague and an even better friend to us all.
Use of funds
All money raised will go towards supporting Sarah Jayne financially at this time, but most importantly to create memories with Mia","All money raised will go towards supporting Sarah Jayne financially at this time, but most importantly to create memories with Mia","Created by
Kim Allan  




      Paying to a verified bank account of
Sarah-Jayne Springthorpe",Page Moderated,1,"A big thank you to you all 🤍
26 October 2025
We wanted to take a moment to thank every single one of you for your incredible kindness, love, and generosity. Your messages, donations, and support have meant so much to Sarah-Jayne and her family during this difficult time.
Sarah-Jayne has now begun her 18 rounds of chemotherapy. It’s a tough road ahead, but she’s facing each day with amazing strength, courage, and keeping her wonderful laugh for us all to enjoy!
From all of us, thank you for helping ease the burden and reminding Sarah-Jayne that she’s not alone in this.Your support truly makes a difference. 🤍
We’ll continue to share updates along the way 🤍
Share this update
0 comments  |  Login to leave a comment",
Help Us Keep Going Through Life’s Toughest Battle,Unexpected stage 4 cancer diagnosis and sudden job loss. Seeking advanced targeted therapies and immunotherapies that are not funded.,https://static.givealittle.co.nz/assets/hero/9c39000e-f44d-4ccf-8351-b371010b854c-320:False,https://givealittle.co.nz/cause/help-us-keep-going-through-lifes-toughest-battle,220,15000,73 days to go,Donate,https://givealittle.co.nz/donate/cause/help-us-keep-going-through-lifes-toughest-battle,9 Oct 2025,9 Jan 2026,0,"Rototuna, Hamilton",5,"Help Anton and Jacqueline through an unexpected fight with stage 4 cancer
Just three weeks ago, our lives changed completely. I was diagnosed with stage 4 cancer, a shocking discovery that came out of nowhere. Until then, I had no health issues and lived an active, normal life.
Before this diagnosis, I worked as an IT professional with Te Whatu Ora / Health New Zealand, leading a dedicated team of business analysts. Unfortunately, only weeks before my diagnosis, I lost my job due to a restructure. The timing has been incredibly hard — losing both my health and income almost at once.
My wife and I moved to New Zealand in 2020, just before the COVID lockdowns. We built our lives here together, far away from family and support networks. Now, facing this diagnosis, we are navigating it largely on our own — emotionally and financially.
At this stage, we don’t know how long I have, or what lies ahead. I am focusing on spending whatever time I have left with my partner, staying positive, and managing treatment and daily living costs as best we can. But with no income and no life insurance, even covering the basics — rent, food, and utility costs — is becoming extremely difficult.
We are asking, with humility, for any support you might be able to give. Every contribution, no matter how small, will help us focus on what truly matters — being together and making the most of each day.
With gratitude,
Anton & Jacqueline
Use of funds
Rent, food, utilities, transport, and medicals not covered by NHI
Other page links
on Instagram
on YouTube","Rent, food, utilities, transport, and medicals not covered by NHI","Created by, and paying to a verified bank account of,
Anton Botha",Page Moderated,,,
Shaving to Raise Funds for Cancer Treatment,The Boys are shaving for Cancer!,https://static.givealittle.co.nz/assets/hero/ef6acc2a-dfb3-4dae-845e-b375014f0ced-320:False,https://givealittle.co.nz/cause/the-boys-are-shaving-for-cancer,4340,0,64 days to go,Donate,https://givealittle.co.nz/donate/cause/the-boys-are-shaving-for-cancer,8 Oct 2025,31 Dec 2025,0,Canterbury,60,"Hey all!
Our (Joseph, Luke and Edward's) Dad, Chris, is currently undergoing treatment for Metastatic Tumors (Stage 4 Cancer), and the current medication (combination immunotherapy - nivolumab and ipilimumab) is not funded in New Zealand. This has come as a bit of a blow as he's been fighting for a few years now, and we'd thought he'd already beaten it once. Unfortunately cancer is an ugly thing so we're off for round two.
Currently we have five shavees (Kiron, Joseph, Connor, Josh and Matt) who will be shaving in support this New Year, and they're all young lads in their prime who are fairly attached to their hair while they still have it!
There is planning underway to host an event where we shave our heads, details TBC so we will try to provide updates where possible! But any and all donations are welcome.
Thank you for your time :)
Joseph Barrett's involvement (page creator)
My Father
Use of funds
Covering unfunded cancer treatment costs",Covering unfunded cancer treatment costs,"Created by, and paying to a verified bank account of,
Joseph Barrett      on behalf of Chris",Page Moderated,,,
Support Skylah’s family as she battles Acute A.L.L T-Cel Leukemia,Support Skylah’s family as she battles Acute A.L.L T-Cel Leukemia,https://static.givealittle.co.nz/assets/hero/9f45c8d0-3e24-46f9-af60-b37000dd1103-320:False,https://givealittle.co.nz/cause/support-skylahs-family-as-she-battles-acute-all-t,585,0,352 days to go,Donate,https://givealittle.co.nz/donate/cause/support-skylahs-family-as-she-battles-acute-all-t,8 Oct 2025,15 Oct 2026,0,"Amberley, Canterbury",13,"Life changed instantly the day we got the heartbreaking diagnosis that Skylah has an aggressive form of Acute A.L.L T-Cel Leukemia in March
The Oncologists have never seen so many complications and reactions from chemotherapy before. One chemo has unfortunately paralyzed Skylah.
The last few weeks Skylah has been in ICU as the chemotherapy caused the worst mucositis the doctors have ever seen before. Blood clots have been found in her legs and lungs. Scans have also shown Posterior reversible encephalopathy syndrome which caused multiple seizures.
We have set up this Givealittle page to help ease the financial pressure we are facing as our family navigates being separated on this heartbreaking journey. Money will go towards travelling between Amberley and Christchurch hospital, parking costs and it will also assist in getting our home wheelchair accessible for when Skylah is able to return home ❤️
If you are in the position where you are able to donate, thank you 🙏🏼 but even sharing this page would mean so much.
Love from my family to yours
Skylah, Candace, Ashton, Chloe and Ryder xxx
Candace Saul's involvement (page creator)
I am the proud mother of Skylah, my strong, brave, resilient girl 🧡
Use of funds
Money will go towards travelling between Amberley and Christchurch hospital, parking costs and it will also assist in getting our home wheelchair accessible for when Skylah is able to return home ❤️
Other page links
givealittle.co.nz/cause/helpskylah","Money will go towards travelling between Amberley and Christchurch hospital, parking costs and it will also assist in getting our home wheelchair accessible for when Skylah is able to return home ❤️","Created by, and paying to a verified bank account of,
Candace Saul      on behalf of Skylah Walker",Page Moderated,,,
Skye's Gender-Affirming Surgery Fund,Please help Skye raise the money she needs for gender affirming surgery,https://static.givealittle.co.nz/assets/hero/415a1a2a-2f6c-48a6-9c25-b37000b95ad5-320:False,https://givealittle.co.nz/cause/skyes-gender-affirming-surgery-fund,1578,21000,240 days to go,Donate,https://givealittle.co.nz/donate/cause/skyes-gender-affirming-surgery-fund,8 Oct 2025,25 Jun 2026,0,"Sandringham, Auckland",18,"Hi I'm Skye, living in Auckland, New Zealand. I am taking the next step in my transition journey and getting bottom surgery. I have been medically transitioning for several years and am now at a point where I am ready and wanting to undergo this procedure.
The daily struggle with dysphoria is difficult and taking action to alleviate that and provide myself with some euphoria in it's place is something I'm really excited to do. Coming out and living openly in my identity as a trans woman has been incredibly beneficial for my mental health. All of the different aspects like hormone treatment, social acceptance and changing my name just to list a few have brought me closer and closer to feeling that my body and how I am perceived is more aligned with how I feel inside.
Bottom surgery is a huge step and very scary but will do a lot to help me continue my transition towards the woman I know I am and the most authentic version of myself. Unfortunately, to pursue this involves a steep financial cost.
One of the most accessible and reliable places for this surgery is in Thailand, where I will be going to the PAI clinic with Dr Burin. It is about a third of the cost to travel to Bangkok and get the surgery compared to NZ and has a much shorter wait time for getting the surgery as well.
If you or anyone you know has the means to donate to or share my page I would be so grateful, any support is going to be immensely helpful. Much love to you all.
Skye
Use of funds
All the money raised will be put toward the cost of the surgery as well as the travel costs to get there.",All the money raised will be put toward the cost of the surgery as well as the travel costs to get there.,"Created by, and paying to a verified bank account of,
Skye Armstrong",Page Moderated,,,
Journey to Recovery 4 Paulie,"Rallying behind Paulie's unwavering spirit, loved ones unite to alleviate the financial burden of his Multiple Myeloma treatment.",https://static.givealittle.co.nz/assets/hero/e0b99dda-a12f-44a3-aee7-b36a00a7ee6c-320:False,https://givealittle.co.nz/cause/journey-to-recovery-4-paulie,2255,0,156 days to go,Donate,https://givealittle.co.nz/donate/cause/journey-to-recovery-4-paulie,8 Oct 2025,2 Apr 2026,0,"Hamilton, Waikato",19,"Paulie is man who loves deeply and lives life to the fullest. When he is not surrounded by his whaanau and friends plus his 100% commitment to his mahi, you can find him either on the golf course or blessing people on stage with his fellow musicians. But now, Paulie is facing a challenging battle against Multiple Myeloma, a blood cancer of the plasma cells. Most of Paulie's medication is funded except for the medication Venetoclax. This medication is what will hopefully slow down the progression of the disease but at a cost of $1000 a month. Despite this, his spirit remains unbreakable. He continues to face each day with courage and a smile. All his whaanau, friends and work colleagues intend to support Paulie's recovery day in and day out. This is one way to lessen the financial burden laid upon our brother.
Every bit of support can make a difference in Paulie's recovery.
Bob Pohatu's involvement (page creator)
We have known Paulie for over 30 years and have been blessed to be part of his life's passions....Music and Golf.
Use of funds
All monies donated will go straight to Paulie to fund his monthly Venetoclox medication if his medication changes, we will post a page update.","All monies donated will go straight to Paulie to fund his monthly Venetoclox medication if his medication changes, we will post a page update.","Created by
Bob Pohatu  




      Paying to a verified bank account of
Paul Northover",Page Moderated,1,"Fundraiser Concert - Hanging Out with Paulie & Friends
13 October 2025
Kia ora e te whaanau!
Some amazing muso-friends of Paulie are coming together to show their aroha and support for brother Paulie in his battle against 'Multiple Myeloma Cancer'
Mark your calendars for the 23rd November 2025 and join us at The Backyard Bar, Whatawhata @ 2:00pm - 7:00pm, for a memorable event filled with awesome artists and heaps of aroha!
Your presence and contributions will make a world of difference to our bro!
Share this update
0 comments  |  Login to leave a comment",
Help Abraham Guillermo & His Family,"I’m raising funds for my mum’s cousin Abraham, battling a terminal brain tumor. Any help for him & his kids means the world.",https://static.givealittle.co.nz/assets/hero/bf8f2597-0d4b-426e-8b86-b36f01528a7b-320:False,https://givealittle.co.nz/cause/help-abraham-guillermo-and-his-family,150,0,closed,Read more,https://givealittle.co.nz/cause/help-abraham-guillermo-and-his-family,7 Oct 2025,21 Oct 2025,0,Wellington,3,"For my birthday this year, I want to do something meaningful — instead of gifts, I’m raising funds for my mum’s cousin, Abraham Guillermo, who is bravely facing a terminal brain tumor.
Doctors have advised that his condition is no longer treatable, and he is now at home with his loved ones. Abraham has young children, and his family needs support as he can no longer work.
The funds will help with:
• Medicines and care
• Daily needs for Abraham and his family
• Support for his little kids during this difficult time
Every donation, big or small, will make a real difference. Thank you for helping bring comfort and care to Abraham and his family.
Zyrel Torres' involvement (page creator)
Abraham is my mum’s cousin, and although we aren’t immediate family, he has always been like an extended family member to me. I’ve seen his kindness and love for his family firsthand, and I want to help support him in this difficult time.
Use of funds
The funds raised will go towards:
• Medicines and medical care
• Daily living needs
• Supporting his little kids and family during this difficult time
Other page links
on Facebook","The funds raised will go towards:•	Medicines and medical care•	Daily living needs•	Supporting his little kids and family during this difficult time","Created by, and paying to a verified bank account of,
Zyrel Torres      on behalf of Abraham Guillermo",Page Moderated,,,
Baby maddox heartbreaking diagnosis,Heartbreaking diagnosis at 37 weeks with baby maddox,https://static.givealittle.co.nz/assets/hero/56eb031d-73d1-49ff-bb19-b36f014a4649-320:False,https://givealittle.co.nz/cause/baby-maddox-heartbreaking-diagnosis,2000,0,161 days to go,Donate,https://givealittle.co.nz/donate/cause/baby-maddox-heartbreaking-diagnosis,7 Oct 2025,7 Apr 2026,0,"Hawera, Taranaki",25,"On October 2nd I went for a growth scan at 36 2days, after 36 weeks of thinking i had a happy healthy baby and having everything ready for him, I got hit with them finding something wrong with his heart, and then all this overwhelming info. I got sent to Wellington at 37 weeks to confirm what they were seeing which is a rare heart defect called ebsteins anomaly, his unfortunately being on the severe end of it, with not a good outlook. I now have to get flown to auckland to meet with a team of doctors and go over my options and deliver him there, so much is unknown at this point but if he were to survive it could be upwards of 6 months in hospital, I have two special needs boys already at home who have been with my mum who unfortunately doesn't get paid for days off due to self employment. My heart is absolutely broken and I've had no time to process or prepare and am now asking for any help towards travel, loss of wages, and worst case planning a funeral. If funeral arrangements become necessary, support may be available through the hospital. If that happens, we’ll provide an update. Even just sharing would help a lot and be much appreciated. The only assistance I have gotten is petrol to get to my appointments but will need help to travel back and forwards for my boys at home and support person with me. I haven't applied for any other help or looked into it.
Use of funds
Travel, loss of wages for mum taking time off to have my kids as she doesn't get paid days off, Or towards his funeral.","Travel, loss of wages for mum taking time off to have my kids as she doesn't get paid days off, Or towards his funeral.","Created by, and paying to a verified bank account of,
Harmony Luff      on behalf of Harmony Luff & Rochelle luff",Page Moderated,1,"Update on Maddox
14 October 2025
The worst update but baby boy grew his angel wings and passed away. And now I have two weeks to pack and move on top of it all. I appreciate everyone who has donated or sent messages of support in this time
Share this update
0 comments  |  Login to leave a comment",
✨ Do right for the Wrights ✨,Koha for the best,https://static.givealittle.co.nz/assets/hero/411599d5-26a3-47a1-9be6-b36f00f27759-320:False,https://givealittle.co.nz/cause/do-right-for-the-wrights,1273,0,71 days to go,Donate,https://givealittle.co.nz/donate/cause/do-right-for-the-wrights,7 Oct 2025,7 Jan 2026,0,Southland,12,"Kia ora e te whānau
Calling on your magic. Our fave wee fam needs your help.
On Tuesday lat week Shahan underwent some pretty major surgery. A lobe from her lower right lung has been removed to ensure her health and safety. Naturally, she’s a rockstar and is expected to make a full recovery.
Any amount we can gift to Shahan, Hayden, Lacy and Bobby helps take the pressure off and offers them time to be. It affords them help with the kids, time away from mahi and other expenses that will inevitably crop up.
In order to heal properly she’s gunnu need to take it super slow and easy. Any good, yummy, healing juju you can float her way will be super helpful too.
This is a beautiful woman who gives her all to community and now it’s our turn to give back. A way we can help them without overwhelming anyone with an influx of messages etc, is just to give a bit of koha, space and well wishes.
The universe has given this gal a wild lesson in asking for help and I’m sure she’ll holla if she needs more from you.
Ngā mihi nui
Charlie Anderson's involvement (page creator)
Beloved soul sister in my world.
Use of funds
Your contributions will be used to accomodate any help this wee whānau needs in assisting Shahans recovery. Accomodation cost, unfunded healthcare costs (supplements, vitamins, holistic healing sessions and specialist appointments), kai, time away from mahi, childcare etc. The more we can raise the better!","Your contributions will be used to accomodate any help this wee whānau needs in assisting Shahans recovery. Accomodation cost, unfunded healthcare costs (supplements, vitamins, holistic healing sessions and specialist appointments), kai, time away from mahi, childcare etc. The more we can raise the better!","Created by
Charlie Anderson  




      Paying to a verified bank account of
Shahan Wright",Page Moderated,2,"Day 17 Update
15 October 2025
Posted by: Shahan Wright
Last Friday the doctors injected some of my blood into the tubing that my chest drain ran from, in the hope that it would clot and seal the remaining air leaks on my lung. Thanks to some great affirmations from my family, and the magic of modern medicine, it worked!
Yesterday after a couple of trial runs, the doctors decided to remove the chest drain that's been in since the surgery, and after a final X-ray this morning, I received my discharge papers!
I'm heading back to Southland tomorrow, so looking forward to seeing my darlings and sleeping in my own bed 🛏️.
Image: my final breakfast in hospital, supplied by my darling Mum, who has brought me breakfast every morning for the last 17 days ❤️
Share this update
0 comments  |  Login to leave a comment
Day 12 update
12 October 2025
Posted by: Shahan Wright
Kia Ora lovelies!
Thank you all for the tautoko, I'm feeling so held by our awesome community.
The lobectomy happened on the 30th September, and was complicated by how much inflammation was in and around it.
I got my first chest drain out 3 or 4 days post op, but the second one is still in. There's an air leak in my chest cavity and until it heals the drain keeps me safe. We're waiting on results of a 'blood patch' to hopefully heal over the air leaks from inside.
Arohanui xx
Share this update
0 comments  |  Login to leave a comment",
Untreatable Olfactory Neuroblastoma,"A cancer patient with zeal to survive longer for my family, your kindness will help me navigate this challenging time with dignity and hope.",https://static.givealittle.co.nz/assets/hero/ea62d26e-667d-472d-934d-b36f00d5a79a-320:False,https://givealittle.co.nz/cause/untreatable-olfactory-neuroblastoma,650,120000,343 days to go,Donate,https://givealittle.co.nz/donate/cause/untreatable-olfactory-neuroblastoma,7 Oct 2025,6 Oct 2026,0,Auckland,4,"Hello, my name is Stanley. I am a cancer patient and have been retired on medical grounds due to the severity of my condition. I currently have no source of income, and my situation is becoming increasingly difficult. There may be potential treatment options available in other countries, but traveling and accessing those treatments requires financial support I do not have. In addition to medical costs, I also need help with daily living expenses, including rent, food, and transportation. If my health continues to decline, my family may wish to return me to my home country in Africa, and I will need support to manage basic upkeep and care there as well. I humbly ask for any assistance you can give—no amount is too small. Your kindness can make a real difference in helping me navigate this challenging time with dignity and hope.
I was diagnosed just over a year ago (2024)
The type of cancer: untreatable olfactory neuroblastoma.
Treatments I have tried: chemotherapy, craniotomy, radiotherapy, and now palliative care.
Why I need to consider treatment overseas: Some close friends have suggested this option, and I don't wish to give up yet.
Current situation: Living with my wife who is still picking up some shifts, and if I get the money, she can stay home and take full-time care of me and our young 13-year-old son.
Use of funds
Funds raised will go towards
80 thousand US dollars quoted in Thailand.
Food: NZ $500 per week
transport: NZ $20 per appointment
potential repatriation: NZ $6 thousand airfares.
I was the breadwinner taking care of my mother, and would like to still be able to","Funds raised will go towards80 thousand US dollars quoted in Thailand.Food: NZ $500 per weektransport: NZ $20 per appointmentpotential repatriation: NZ $6 thousand airfares.I was the breadwinner taking care of my mother, and would like to still be able to","Created by, and paying to a verified bank account of,
Stanley Makuwe",Page Moderated,,,
Please Help Charlie on His Road to Recovery 🧡,Please Help Charlie on His Road to Recovery 🧡,https://static.givealittle.co.nz/assets/hero/f67e051f-f0eb-4cfa-afc4-b36f00b8f74b-320:False,https://givealittle.co.nz/cause/please-help-charlie-on-his-road-to-recovery,20491,0,344 days to go,Donate,https://givealittle.co.nz/donate/cause/please-help-charlie-on-his-road-to-recovery,7 Oct 2025,7 Oct 2026,1,"Āwhitu, Auckland",353,"On 3 October, 13-year-old Charlie was involved in a serious skiing accident. He is currently in Waikato Hospital, bravely facing an incredibly tough recovery journey. Charlie has sustained multiple serious injuries, including multiple fractured vertebrae so will need to be in a wheelchair for over a year, possibly longer, depending on surgery and rehabilitation outcomes.
I first met Emily, Charlie’s mum, when she and her family moved to the Awhitu Peninsula — we’ve been close friends ever since, and I’ve always admired her strength and warmth. I know that both Emily and Charlie have the determination and courage to face this challenge, but right now they need our support more than ever.
As Charlie focuses on healing, we want to rally around Emily to help ease the financial pressures that come with such an unexpected and difficult time.
All funds raised will go directly towards supporting Emily and Charlie — helping cover travel costs to the hospital, household bills, medical needs, and allowing Emily to stay by Charlie’s side without the added burden of financial stress.
Every contribution, no matter the size, will make a meaningful difference for this wonderful family as they navigate the long road ahead.
Thank you from the bottom of our hearts for your kindness, generosity, and support. 💛
Julianne Morris' involvement (page creator)
I first met Emily, Charlie’s mum, when she and her family moved to the Awhitu Peninsula — we’ve been close friends ever since
Use of funds
All funds raised will go directly towards supporting Emily and Charlie — helping cover travel costs to the hospital, household bills, medical needs, and allowing Emily to stay by Charlie’s side without the added burden of financial stress.","All funds raised will go directly towards supporting Emily and Charlie — helping cover travel costs to the hospital, household bills, medical needs, and allowing Emily to stay by Charlie’s side without the added burden of financial stress.","Created by
Julianne Morris  




      Paying to a verified bank account of
Emily Lane",Page Moderated,,,"19 days ago
DIana(Petsy) asks
My message apparently did not get received. We sre so so sorry to hear about this accident as life was difficult enough for Emily and Charlie before this. We wish him a very speedy recovery.
This question has not been answered yet."
I deserve better,Fundraising for an autism diagnosis,https://static.givealittle.co.nz/assets/hero/f27bc025-6fd1-4ccc-87a0-b36e01848f6a-320:False,https://givealittle.co.nz/cause/i-deserve-better,17,0,70 days to go,Donate,https://givealittle.co.nz/donate/cause/i-deserve-better,6 Oct 2025,6 Jan 2026,0,"Hamilton, Waikato",3,"Hi, my name is Cyrus and I was born at 29w and 4 days. I am 7 years old with many medical issues that are being acknowledged and treated. But I come from a family of Autistic members so everyone in my familyknow ive got it. But every time mummy asks for a referral it always gets denied because I hug people and can talk. So mummy has no choice but to go private and they charge a lot of money that mummy doesn't have. $200 just to get in the door plus all the other expenses that follow. I deserve to get all the help I can get but being denied by CDC every time I'm struggling with the world I live in. The expenses will cover all appointments with a private child phycologist.
Melissa Raupita's involvement (page creator)
Cyrus is my 7 year old son
Use of funds
Medical expenses (appointments with a private child phycologist) regardless of amount. Any help is better than no help",Medical expenses (appointments with a private child phycologist) regardless of amount. Any help is better than no help,"Created by, and paying to a verified bank account of,
Melissa Raupita      on behalf of Cyrus",Page Moderated,,,
Let’s help Mel and her family,Let’s help Mel and family,https://static.givealittle.co.nz/assets/hero/aab76189-c724-47db-a215-b36e014fefc1-320:False,https://givealittle.co.nz/cause/lets-help-mel-and-her-family,1460,0,33 days to go,Donate,https://givealittle.co.nz/donate/cause/lets-help-mel-and-her-family,6 Oct 2025,30 Nov 2025,0,Canterbury,26,"Hi friends and family, I am starting this give a little on the behalf of Mel and her family to try and help with the financial burden they have , Mel has been struggling for the last 8years after her awesome step dad donated a kidney, unfortunately after a few years her body rejected this, she has spent the last 8years in and out of hospital and is about to loose her leg below her knee she is having to endure 3 days in hospital 6 hours a day on dialysis now , Mel is the most amazing person you could meet and I would like for us all to be able to help her and her family enjoy some time together so any donation whether small or big would be amazing below is Mel’s description of what she’s endured be it short
My kidneys really cramped out 2017 that's wen I first started dialysis and found out I'd had 2 strokes I got my transplant from my step dad in 2019 it lasted 5 years so 2022 it all started again I had a heart attack 2022 also and scans showed I have moyamoya syndrome that was 2023
This is the message from Mel’s mum Karen who is her biggest supporter and also her dad who visits often
Melanie is my life she has been through so much.The pain the endless surgery and hospital stays are our life with her now.She never every gives up always has a smile a laugh and amazing hugs.Mels you my world your brothers are your protectors And your Dad's your shoulders when you need them our love for you is unconditional .You are so so strong and positive keep that up.
Bianca O'neill's involvement (page creator)
Mel is a best friend of mine
Use of funds
To help Mel and her family get through this rough time and have time together without worrying about the financial struggle (living costs and travel)",To help Mel and her family get through this rough time and have time together without worrying about the financial struggle (living costs and travel),"Created by
Bianca O'neill  




      Paying to a verified bank account of
Melanie Sullivan",Page Moderated,,,
Jumping for Joy – for Mental Health Week NZ,Two friends skipping 500 jumps a day throughout Mental Health Week to raise funds for the Mental Health Foundation of New Zealand.,https://static.givealittle.co.nz/assets/hero/f08e2376-1b1e-4ec6-ad8e-b36e01495324-320:False,https://givealittle.co.nz/cause/jumping-for-joy-for-mental-health-week-nz,90,250,9 days to go,Donate,https://givealittle.co.nz/donate/cause/jumping-for-joy-for-mental-health-week-nz,6 Oct 2025,6 Nov 2025,0,Nationwide,4,"This Mental Health Week (Oct 6th - 12th), Kylie and Amy are Jumping for Joy!
We’re picking up our skipping ropes to raise funds for the Mental Health Foundation of New Zealand, supporting the wellbeing of Kiwis across Aotearoa.
Here’s how it works:
Choose an amount to donate. Throughout Mental Health Week (Oct 6th - 12th) and continuing into the month of October, we’ll be completing 500 jumps each day to raise funds.
We’ll jump our hearts out in honour of every dollar raised and for every person doing it tough in NZ right now.
Feel free to grab your skipping rope and get behind it too, jump for joy!
Amy Oswald's involvement (page creator)
We’re two New Zealanders passionate about raising funds for the Mental Health Foundation of New Zealand, to do what we can to support mental health and wellbeing for fellow New Zealanders.
Use of funds
All funds raised will go directly to the Mental Health Foundation of New Zealand to support mental health education, resources, and community wellbeing initiatives across Aotearoa.","All funds raised will go directly to the Mental Health Foundation of New Zealand to support mental health education, resources, and community wellbeing initiatives across Aotearoa.","Created by
Amy Oswald  






      Paying to a verified bank account of
      
        Mental Health Foundation
          (Charity)",Page Moderated,,,
Support baby George’s heart journey,Support young family dealing with terminal heart newborn.,https://static.givealittle.co.nz/assets/hero/15ea427a-a1a1-4271-99a8-b36d0168e265-320:False,https://givealittle.co.nz/cause/support-baby-georges-heart-journey,2370,0,342 days to go,Donate,https://givealittle.co.nz/donate/cause/support-baby-georges-heart-journey,5 Oct 2025,5 Oct 2026,0,"Palmerston North, Manawatu-Wanganui",36,"At our 20-week scan, we were excited to learn a baby boy would be joining our family - but it quickly turned into heartbreak when the sonographer said she suspected a serious heart defect. Further specialist scans in Wellington and Auckland confirmed Hypoplastic Right Heart Syndrome (HRHS), a rare condition where the right side of the heart is severely underdeveloped and cannot pump blood to the lungs. Our baby only has one left ventricle as the right is non-functioning, he also has a narrowed aorta and Transposition of the Great Arteries (TGA).
Our family was given three devastating options: late termination, comfort cares when born, or attempting a series of three high-risk open-heart surgeries to help his heart function with just one pumping chamber. These surgeries are: The Norwood – within the first week of life., The Glenn – around 4–6 months old., The Fontan – around 3–4 years old.
After confirming that everything aside from his heart was normal, we’ve chosen to give our baby every chance at life. This has meant relocating to Auckland — home of the only paediatric cardiac hospital in New Zealand — six hours from our home in Palmerston North, so that our baby can receive immediate care.
After the first surgery, our family will be split between two cities: Caleb returning to Palmy with our two daughters for work, school, and daycare, while I stay in Auckland with our newborn until the second surgery.
We are funded for accommodation by Ronald McDonald house, they look after families with children in hospital with serious conditions. It doesn’t cover food, and we are paying our mortgage and bills back home.
Use of funds
Travel costs, hospital parking, mortgage, bills, extended leave without pay, and essential living expenses. And, if the unthinkable happens, funeral costs for our baby boy.","Travel costs, hospital parking, mortgage, bills, extended leave without pay, and essential living expenses. And, if the unthinkable happens, funeral costs for our baby boy.","Created by, and paying to a verified bank account of,
      
        Prescily George",Page Moderated,2,"Content warning: Hospital photo below — shows medical lines and equipment.
18 October 2025
This is our little fighter, Myles, right after his Norwood open-heart surgery at Starship last Sunday — on his due date. The surgery was delayed a day due to an emergency admission and because our boy was stable enough to wait. His chest is still open here for swelling, which is a normal part of recovery at this stage.
It’s confronting to see, but this is the reality of what babies with complex heart conditions like Hypoplastic Right Heart Syndrome go through. Despite everything, he’s fighting so hard — crying again, holding oxygen levels in the 80s, and amazing his care team every day. 💙
At just five days post-surgery, he’s had all his stomach drains removed, come off cardiac support, and has even been placed on the waitlist to step down from PICU once a bed becomes available. It’s hard to believe, looking at this photo, how much recovery he’s made within one week. Today he even wore his first outfit now that most of his lines are gone. 🤩
We’re sharing this to show the strength of these little hearts and the incredible work of the team caring for him. Thank you to everyone who’s been sending love, prayers, and support — it truly keeps us going through the longest days and nights.
Share this update
0 comments  |  Login to leave a comment
Born and stable
10 October 2025
Thank you to everyone who has donated or shared — every little bit truly helps 💙
Good news! Our son was born with a strong 9/10 APGAR score and has been stable without needing oxygen. He’s also been confirmed as a candidate for the Norwood surgery — a huuuuge relief, especially after the medical team was leaning toward palliative care following his 37-week echo.
His surgery is scheduled for tomorrow morning at 7 a.m. and is expected to run through most of the day, finishing around 4–5 p.m. Today, he had a Christ dedication in preparation for his surgery. We’re praying and hoping everything goes smoothly 🙏💙
Share this update
0 comments  |  Login to leave a comment",
Supporting Chelsea and Family in keeping this baby inside!,"Our beautiful 25 week pregnant Chelsea is unexpectedly in Wellington Hospital awaiting birth, as baby will need NICU level care on arrival",https://static.givealittle.co.nz/assets/hero/cda1463d-9610-4cb3-80f8-b36d013771e5-320:False,https://givealittle.co.nz/cause/supporting-chelsea-and-family-in-keeping-this-baby,1384,0,8 days to go,Donate,https://givealittle.co.nz/donate/cause/supporting-chelsea-and-family-in-keeping-this-baby,5 Oct 2025,5 Nov 2025,0,Nelson,17,"Chelsea, Cody, Lucas and Oliver have found themselves in an impossible situation
Chelsea is currently 25 weeks pregnant and has been hospitalized in Wellington, trying to keep baby inside for as long as she possibly can.
Currently stuck in the impossible waiting game as birth is potentially going to be as soon as 2-6 weeks away.
Chelsea has been forced to stop work and is awaiting a Work and Income appointment to see what support (if any) is available to them.
Cody is shuffling between Wellington (to support Chelsea and their unborn baby) and Nelson to work so they can try to stay on top of their bills.
Oliver is flying up this week with Cody but they are only entitled to one free flight a week and unfortunately one flight alone for him is $200.
The family need us to get behind them as much as possible as things are going to get tough as they face so many unknowns.
Funds will go towards helping get her children flights to visit her while she needs her family around her the most and to ease any financial burden they face over the next tough few months
Shiree Taylor's involvement (page creator)
Best friend of 15 years
Use of funds
Flights for her children to visit her in hospital, to ease financial burden while forced to stop working","Flights for her children to visit her in hospital, to ease financial burden while forced to stop working","Created by
Shiree Taylor  




      Paying to a verified bank account of
Chelsea Sharland",Page Moderated,,,
Please help improve my quality of life,I need help to improve my quality of life,https://static.givealittle.co.nz/assets/hero/12b985a5-6521-48a1-8136-b36c00f6a99d-320:False,https://givealittle.co.nz/cause/please-help-improve-my-quality-of-life-1,78,2000,33 days to go,Donate,https://givealittle.co.nz/donate/cause/please-help-improve-my-quality-of-life-1,5 Oct 2025,30 Nov 2025,0,"Lower Hutt, Wellington",4,"I never thought i would have to ask for help on givealittle and compared to the many very sick people on here my needs seem unimportant.
2 months ago my car was stolen, im on a low income and like most people struggling financially and i couldn't afford insurance. Any money raised will go towards getting a car so I can get to my appointments and hopefully improve my quality o life.
I have fibromyalgia, Peripheral neuropathy , CSVD (Cerebral Small Vessel disease), diabetes as well as many mental health issues such as ptsd, severe depression, acute anxiety and multiple personalities.
I have missed many appointments with my neurologistt, councillor, specialists, physio, the gym and hospital check ups. I miss being able to go see my grandchildren.
I appreciate that you have taken the time to read my story and any donation no matter how small will help me to improve my health and state of mind. Thank you for your kindness and generosity.
Use of funds
It will be used to buy a car to get me to my appointments and to be able to spend time with my grandchildren.",It will be used to buy a car to get me to my appointments and to be able to spend time with my grandchildren.,"Created by, and paying to a verified bank account of,
Sharlene Hunt",Page Moderated,,,
Dan's Bucket List,Dan's Bucket List,https://static.givealittle.co.nz/assets/hero/5b1ba569-b847-4ba3-afa4-b36d00ed444a-320:False,https://givealittle.co.nz/cause/dans-bucket-list,303,0,69 days to go,Donate,https://givealittle.co.nz/donate/cause/dans-bucket-list,5 Oct 2025,5 Jan 2026,0,"Christchurch, Canterbury",6,"Hi I am Dan's mum, Dan has been diagnosed with stage 4 Hodkins Lymphoma cancer, he has had his first round of chemo and has at least 3 more. Dan has a bucket list that he would love to achieve myself and his partner Sara are determined to help him do this. Bucket List is Hanmer Springs for a nights break Tenpin Bowling, Mini Golf, Auckland, Sky Tower, Rainbow End, Movies and a restaurant. Any donations would be extremely appreciated
Please help us to achieve Dan's Bucket List. Thank you from the bottom of our hearts. Take Care
Kim Amundsen's involvement (page creator)
Dan's mum.
Use of funds
All proceeds will be put towards Dan's Bucket List
Other page links
on Facebook",All proceeds will be put towards Dan's Bucket List,"Created by, and paying to a verified bank account of,
Kim Amundsen      on behalf of Daniel Thew",Page Moderated,,,
Help My Mum Access the Life-Saving Cancer Treatment She Desperately Needs,Help fund cancer treatment that gives my mother the fighting chance,https://static.givealittle.co.nz/assets/hero/2137d51d-20e3-4a19-9b59-b36c0147a8b1-320:False,https://givealittle.co.nz/cause/help-my-mum-access-the-life-saving-cancer,10100,10000,68 days to go,Donate,https://givealittle.co.nz/donate/cause/help-my-mum-access-the-life-saving-cancer,4 Oct 2025,4 Jan 2026,0,Auckland,90,"Hi everyone,
My name is Erena, and I’m fundraising for my beautiful mum Jacqui, who is currently fighting the toughest battle of her life — cancer.
She’s 70 years old and has been courageously battling cancer for the past three years. She’s been through multiple rounds of chemotherapy and radiation, enduring all the side effects and pain with incredible strength. The type of cancer she has usually has an 80% cure rate with initial treatment, but, as Mum always jokes, she had to be ""a bit different"" and ended up in the 20% who aren’t so lucky.
Her doctors have told us that her body can no longer handle radiation or chemotherapy. The only remaining option is immunotherapy (keytruda) — a promising treatment that gives her a fighting chance.
The problem? Keytruda is not funded by the government for her type of cancer.
And it's very expensive.
My mum has spent her life helping others — teaching English to refugees and migrants, and raising me as a single parent. Every donation goes directly to her treatment. If you can help or share, it means the world to us.
Erena Sawada's involvement (page creator)
The person I am fundraising for is my mother
Use of funds
Cost of getting immunotherapy - keytruda
Other page links
on Facebook
on Instagram",Cost of getting immunotherapy - keytruda,"Created by
Erena Sawada  




      Paying to a verified bank account of
Jacqui Sawada",Page Moderated,,,
Astrid's Cancer Journey update and call for help,This page is to help raise funds for Astrid in order to meet her living costs due to her stopping work because of her disease.,https://static.givealittle.co.nz/assets/hero/fe8115a5-ba6d-4e49-a399-b36a01539e35-320:False,https://givealittle.co.nz/cause/astrids-cancer-journey-update-and-call-for-help,1000,0,96 days to go,Donate,https://givealittle.co.nz/donate/cause/astrids-cancer-journey-update-and-call-for-help,4 Oct 2025,1 Feb 2026,0,Nelson,12,"I have started this Givealittle page for a dear friend, Astrid, who has been fighting a long battle with a blood cancer called Multiple Myeloma. Astrid started this journey five years ago with a 3 year period of remission. Her cancer returned in 2024 and a drug trial she was accepted on was effective for the past year. Sadly, the drug from the trial has stopped working for her Multiple Myeloma and whilst under the trial, Astrid developed a secondary cancer which she is currently undergoing treatment for.
Astrid's treatment protocol has meant a 6-7 week stay in Christchurch after which she will return to Nelson and begin an alternative treatment for her Multiple Myeloma, in the hopes of bringing this back under control.
The toll the cancers and treatments have taken on Astrid's general health, as well as needing to be in Christchurch for treatment, has meant Astrid needing to stop her part time work for the time being. It is unknown how long it will take her health to return to a point where she can work again and the assistance she gets is not enough to cover her living costs.
The challenges of living with her disease and undergoing taxing treatments in addition to financial burdens has caused increased stress for Astrid and her family. The goal of this page is to lift some of that stress. We fully understand times are tough for many with the cost of living going up. If you feel able to contribute, anything would be wholeheartedly appreciated. Peace and thanks
Summer Marvin's involvement (page creator)
Astrid is a long time dear friend who has become like family. We have known eachother for the past twenty years.
Use of funds
The money raised will go towards Astrid's general living costs including mortgage payments, bills and food.","The money raised will go towards Astrid's general living costs including mortgage payments, bills and food.","Created by
Summer Marvin  




      Paying to a verified bank account of
Astrid Van Hornsveld",Page Moderated,1,"Astrid's treatment update
14 October 2025
Hello all,
Thank you so much for the generous donations towards Astrid's situation. They have helped alleviate some of her living costs so far and your generosity is greatly appreciated. I wanted to give a little update as to how things are going for her.
Astrid is on her fifth week of radiation and has needed to pause her chemotherapy as it has affected her healthy blood cells and she may need a blood transfusion to get back on her feet. The good news on that front is that the chemo has lowered her Multiple Myeloma cancer cells significantly so they hope to find the right balance after her radiation is complete. There's possibly another two weeks of a more focused radiation ahead that will be challenging for her but she continues to put one foot forward, step by step.
Astrid has been well supported by her medical team at Christchurch Hospital as well as the folks at Rainui House, a charitable organisation that has provided her accommodation whilst in Christchurch. Her family and friends have been able to spend some time with her during her stay and she's doing her best to keep spirits up.
There's still a long road ahead and her energy levels and general health have certainly been affected by her treatments which was expected. There is still no timeline for when she may be able to return to work. If you feel inclined to share her story, please feel free to do so. She is forever grateful for all of the support.
In love and gratitude
Share this update
0 comments  |  Login to leave a comment",
Give Ejaz the chance to thrive,This page is dedicated for my son Ejaz. To give him the best future he deserves.,https://static.givealittle.co.nz/assets/hero/9cf542f1-d369-4e2c-bc24-b36c0105a81f-320:False,https://givealittle.co.nz/cause/give-ejaz-the-chance-to-thrive,2743.98,30000,124 days to go,Donate,https://givealittle.co.nz/donate/cause/give-ejaz-the-chance-to-thrive,4 Oct 2025,1 Mar 2026,0,Wellington,41,"During my pregnancy, I dreamed of holding a healthy baby in my arms, but our journey began with an outcome we was not prepared for. Due to medical negligence, my son Ejaz was born with intrauterine growth restriction (IUGR), arriving far smaller and more fragile than he should have been. His start to life was unfairly hard, and every milestone since has been a struggle to achieve.
Despite this, Ejaz has shown incredible courage. He has a smile that lights up every room, and a spirit that refuses to give up. The effects of his early life struggles remain — he faces global developmental delays that limit his ability to grow, move, and experience the world like other children his age. He is unable to walk without support, balance, talk and even finds simple tasks difficult.
He has been having ongoing physiotherapy, speech therapy and occupational therapy however we have not seen any improvement. We are grateful for all the support we have received for Ejaz however it is not enough.
We have discovered hope in stem cell therapy, a treatment that could give him the chance to thrive, to play more freely, and to reach milestones that once seemed out of reach. And also potentially turn to private health care so we can try give him the best we can.
Unfortunately this treatment is not government funded and comes at a cost far beyond what we can manage alone.
We highly appreciate all the donations, sharing and support. Thank you
Rose (Afroza) Talib's involvement (page creator)
I am Ejaz’s Mother. I once made countless prayers to become a mother and Allah blessed me with my miracle Ejaz!
Use of funds
The money we are hoping to raise will go towards the stem cell therapy, aftercare for Ejaz
If we do not meet the goal whatever we have raised will go towards seeing a good specialist and finding an alternative solution.","The money we are hoping to raise will go towards the stem cell therapy, aftercare for EjazIf we do not meet the goal whatever we have raised will go towards seeing a good specialist and finding an alternative solution.","Created by, and paying to a verified bank account of,
      
        Rose (Afroza) Talib
      
      on behalf of My son Ejaz",Page Moderated,,,
24-hour Squash Marathon for Leukemia.,24-hour Squash Marathon for Wayne.,https://static.givealittle.co.nz/assets/hero/8f999679-6c52-4f09-8eac-b35c00f64ea0-320:False,https://givealittle.co.nz/cause/24-hour-squash-marathon-for-leukemia,1245,5000,13 days to go,Donate,https://givealittle.co.nz/donate/cause/24-hour-squash-marathon-for-leukemia,4 Oct 2025,10 Nov 2025,0,"Blenheim, Marlborough",17,"24 Hours on Court for Wayne.
This time I’m picking up my squash racket for a challenge like no other: 24 hours of nonstop squash. Why? Because someone I care for has been facing a far tougher battle.
My father-in-law was recently diagnosed with Chronic Lymphocytic Leukemia (CLL). For years he lived undiagnosed, pushing through symptoms without answers. Now that we finally know what he’s fighting, I want to turn my energy into something that can help him—and others—on their journeys.
According to CLL Advocates NZ, only 10-15 people out of 250 on average per year benefit from the budget allocation. And many are not even able to receive the same treatment options here in NZ.
Most patients being told that treatment would cost $200k in total.
Squash has always been a sport of endurance, resilience, and determination. Playing for 24 hours is my way of honoring his fight, raising awareness, and bringing people together to support the cause.
You can help by;
Donating,
Joining me on court (or supporting) or participating in the
Silent Auction.
No matter how small, your contribution will make a difference. Together we can transform his story of late diagnosis into one of community, awareness, and action.
I’ll be pushing myself through the night, but I won’t be alone—your support will keep me going with every serve, rally, and game. Let’s make this 24 hours count.
Hannes Schoeman's involvement (page creator)
Wayne is my father-in-law.
Use of funds
Current Lifestyle changes and foreseeable Treatment.
Other page links
on Facebook
events.humanitix.com/24-hour-squash-marathon-for-wayne/tickets?fbclid=IwdGRjcANtA5pjbGNrA20DlWV4dG4DYWVtAjExAAEeQTkq5J32Fmfe7EJhjtvFcwE9Ew3-5M0pKeQHLnY7n12cs9SJva8NH57dFzU_aem_vsfgA5R-DrOOTKUNM8rxyQ",Current Lifestyle changes and foreseeable Treatment.,"Created by
Hannes Schoeman  




      Paying to a verified bank account of
Wayne Ovenstone",Page Moderated,1,"Thank you to our Sponsors so far.
10 October 2025
We would like to give a shout out to our current prize sponsors;
Hair Phoria,
Aimee Photography,
X-Potential,
Mitchells,
Meaters,
CBD Eatery
Forrest Wines and
Fat Tony's
Boom Chef Blenheim
Fresh Choice Renwick
Float Marlborough
Share this update
0 comments  |  Login to leave a comment",
Isla and her ALCAPA Heart,Isla is having open heart surgery and her family needs your help.,https://static.givealittle.co.nz/assets/hero/d7b6d406-9511-4e82-bef1-b36b015f8548-320:False,https://givealittle.co.nz/cause/isla-and-her-alcapa-heart,3110,0,6 days to go,Donate,https://givealittle.co.nz/donate/cause/isla-and-her-alcapa-heart,3 Oct 2025,3 Nov 2025,0,"Christchurch, Canterbury",43,"What a journey it has been so far!
Isla has been diagnosed with a rare heart condition and is facing open heart surgery in the next few days.
Isla is almost 4 months old and to most she appears perfectly normal, but when her mum Aliesha took her for a check up, they discovered she hadn't been gaining much weight.
After trying a few different things with no improvement, her GP heard a heart murmur and was referred to chch hospital for a check.
Tues 30 Sept Aliesha took Isla for an appointment at the hospital expecting it to be only a few hours, only to be admitted over night.
Wed 1 Oct Isla had some tests done which very quickly showed her heart was enlarged and not coping. With less than 3 hours notice, Aliesha and Isla were flown to Starship hospital. I followed a few hours later with her belongings and to help support them through this.
Thurs 2 Oct Isla had more specialized tests done and they found what was wrong and she now needs surgery to repair her heart and essentially, save her life. Isla has a condition called Anomalous left coronary artery from the pulmonary artery (ALCAPA)
This will be a long journey with Isla, her parents and siblings with no clear estimate on how long they will be in Auckland recieving treatment for, but at minimum likely a month before being transfered to chch hospital.
This means Isla's dad Marinus will not be working while he's here supporting his daughter. They'll take quite a hit financially. But at least Isla is in safe hands!!
Melody Cook's involvement (page creator)
I am a close friend and support person for Aliesha (Isla's mum) and her family
Use of funds
Covering loss of wages while Marinus isnt able to work and any added expenses associated with this journey including travel, food, and general living costs.
Other page links
www.chop.edu/conditions-diseases/anomalous-left-coronary-artery-pulmonary-artery","Covering loss of wages while Marinus isnt able to work and any added expenses associated with this journey including travel, food, and general living costs.","Created by
Melody Cook  




      Paying to a verified bank account of
Aliesha Holmes",Page Moderated,1,"Surgery
8 October 2025
Thank you all for your kind donations and well wishes, we are eternally grateful.
Miss Isla had her surgery yesterday and she came through amazing. Shes such a little fighter!
Her recovery will be long. The family will likely be up here for the next 4-6 weeks while Isla recovers enough to transfer down to chch hospital before finally making it home.
Share this update
0 comments  |  Login to leave a comment",
Your generosity is much appreciated. Help Cantil Family buy medications and pay hospital bills,Helping a stroke family pay medications and hospital bills,https://static.givealittle.co.nz/assets/hero/57e99e12-6eae-4502-b154-b36a0115cfb9-320:False,https://givealittle.co.nz/cause/help-cantil-family-buy-medications-and-pay,550,0,closed,Read more,https://givealittle.co.nz/cause/help-cantil-family-buy-medications-and-pay,2 Oct 2025,9 Oct 2025,0,"Rototuna, Hamilton",12,"Jose is a much loved Uncle who suffered stroke and heart attack concurrently.
Now in the hospital in the Philippines, needing to pay hospital bills and buy medications for his treatment.
Jose is self employed and since He is lying on a hospital bed and an NGT tube to be fed, there is no way of getting financial help but with the grace of your donations.
Seeking the goodness of your heart. Every dollar counts.
The Cantil family will be so grateful of any help received
Lucel Singleton's involvement (page creator)
I am the niece of the beneficiary
Use of funds
Hospital bills and medications",Hospital bills and medications,"Created by, and paying to a verified bank account of,
Lucel Singleton      on behalf of Jose Cantil Jr.",Page Moderated,,,
Younger Onset BvFTD diagnosis that has rocked our world upside down.,"Supporting a family with ongoing cost due to sudden loss of employment due to younger BvFTD, we weren't prepared for this as our journey.",https://static.givealittle.co.nz/assets/hero/6c9627f1-3f11-487f-8a0c-b36a0118da93-320:False,https://givealittle.co.nz/cause/bvftd-diagnosis-that-has-rocked-our-world-upside,6252,0,90 days to go,Donate,https://givealittle.co.nz/donate/cause/bvftd-diagnosis-that-has-rocked-our-world-upside,2 Oct 2025,26 Jan 2026,0,"Papamoa, Bay Of Plenty",88,"Our Story
My husband, Kevin, is just 55 years old, just a few short months ago he was diagnosed with Behavioural Variant Frontotemporal Dementia (bvFTD) – a rare, young-onset dementia that affects personality, behaviour, and memory, and sadly with no cure it's a progressive life shortening illness
This illness has turned our world upside down. Kevin has always been the most loving and supportive husband, caring father of 7 amazing kids, Poppa to 9 beautiful grandkids and loyal friend. He’s the one who would always lend a hand, share a laugh, and bring warmth into the lives of those around him.To see dementia slowly change the man we love so dearly is heartbreaking.
Recently, Kevin lost his job due to the effects of this illness, and with that came the sudden loss of his independence and the sense of purpose he had in his work. He has also had his driver’s licence taken away for safety reasons, meaning more of the daily responsibilities now fall to me.
On top of the emotional toll, the financial side has been incredibly difficult. With little government support available and the shift to living on just one income while also caring for Kevin, things have become very tight and limited.
Any support, whether through a donation or simply by sharing our story, will make a meaningful difference. It will help ease the pressure so we can focus more on cherishing our time together and facing this journey with strength and love.
Thank you from the bottom of our hearts for standing with us. ❤️
Use of funds
Any support will help ease the financial strain of Kevin’s care — from travel to everyday living costs — allowing us to focus on navigating this journey with love and strength.
Other page links
on Facebook
www.theaftd.org/what-is-ftd/behavioral-variant-ftd-bvftd",Any support will help ease the financial strain of Kevin’s care — from travel to everyday living costs — allowing us to focus on navigating this journey with love and strength.,"Created by, and paying to a verified bank account of,
      
        Jacqui Sawford",Page Moderated,3,"FB Profile open
28 October 2025
ThAnkyou all so very much. Our goal is to spread awareness in FTD, I will always be transparent when it come to Kevin and his journey . I have a Facebook which I will keep up to date and open on Kevin’s Journey. Thank you all from the bottom of our hearts 💙🦋
Share this update
0 comments  |  Login to leave a comment
Making the Most of Every Moment
23 October 2025
We want to thank everyone from the bottom of our hearts for your incredible kindness and generosity. Your support means more than words can say.
Alongside the practical help, some of the funds will also go towards creating special memories for our children and grandkids — moments we’ll cherish together as a family. ❤️
Thank you for helping us make the most of our time and for standing with us through this journey.
With love and gratitude,
Jacqui & Kevin
Share this update
0 comments  |  Login to leave a comment
Thank you
13 October 2025
Kevin and I really grateful for everyone donation and sharing the page .
Kevin is doing well went to his 1st alzheimers group meeting . He seemed to enjoy socializing.
Thankyou all very much and extremely greatful 💙🦋
Share this update
0 comments  |  Login to leave a comment",
"Every prayer, every donation can help save two lives in critical condition . Your support can make a difference","Every prayer, every donation can help save two lives in critical condition. Your support can make a difference",https://static.givealittle.co.nz/assets/hero/7c6ce3f1-8c8d-47b5-991d-b36901688f5a-320:False,https://givealittle.co.nz/cause/every-prayer-every-donation-can-help-save-two,1010,3000,3 days to go,Donate,https://givealittle.co.nz/donate/cause/every-prayer-every-donation-can-help-save-two,1 Oct 2025,31 Oct 2025,0,Auckland,8,"My name is Dhom, and with a heavy heart, I am asking for your support for two loved ones I am helping in the Philippines who are in critical need of medical care.
Zenaida Cosep (65) is currently confined at Region 1 Hospital in Dagupan with severe diabetes complications. She has been diagnosed with Necrotic digits secondary to Diabetes Mellitus Foot and is now awaiting amputation due to worsening infection. Even though she is in a public hospital, they must still provide her medications and surgical supplies. Each item adds to the heavy financial burden.
At the same time, Zenaida's grandson, baby Asher Cabundoc (just 1 month old), is confined in the NICU at Eastern Visayas Medical Center in Tacloban. He has been diagnosed with Sepsis Meningitis Late Onset, Vitamin K Deficiency, and Subarachnoid Hemorrhage. This tiny angel, who has just started his life, is already fighting battles no child should ever endure. Doctors are monitoring him closely, and surgery may be required.
With both of them battling life-threatening conditions, our family is emotionally and financially overwhelmed. We humbly ask for any help, whether it is through donations, prayers, or simply sharing this link. No amount is ever too small, and your kindness will go a long way in helping provide for their medications, procedures, daily essentials, and future maintenance
From the bottom of my heart, thank you for your compassion, kindness, support, and prayers, which will forever be remembered with deep gratitude.
Domicel Marcelo-Nepomuceno's involvement (page creator)
Zenaida is my late mom's sister in law.
Use of funds
The funds will be sent to Zenaida's daughters Jennelyn Cosep Remigio and Nina C De Guzman (Asher's mom) for medication, surgical supplies, operation, and any future maintenance they might need.","The funds will be sent to Zenaida's daughters Jennelyn Cosep Remigio and Nina C De Guzman (Asher's mom) for medication, surgical supplies, operation, and any future maintenance they might need.","Created by, and paying to a verified bank account of,
Domicel Marcelo-Nepomuceno",Page Moderated,,,
Help Give Little Niram a Fighting Chance at Life,"A tiny life, NIRAM is fighting SMA Type 1. Your support can bring hope, healing, and a chance to live. Please help save Niram.",https://static.givealittle.co.nz/assets/hero/56916b1f-46cf-4071-a68e-b36900a8b62b-320:False,https://givealittle.co.nz/cause/help-give-little-niram-a-fighting-chance-at-life,108493.44,200000,18 days to go,Donate,https://givealittle.co.nz/donate/cause/help-give-little-niram-a-fighting-chance-at-life,1 Oct 2025,15 Nov 2025,0,Wellington,1256,"Precious baby boy Niram was born on 19th September – just days ago. Instead of celebrating this joyful time, his family is facing an unimaginable challenge.
Niram has been diagnosed with Spinal Muscular Atrophy Type 1 (SMA1), a rare and devastating genetic disease that affects the nerve cells controlling muscle movement. Without treatment, babies with SMA1 often don’t survive past their second birthday.
But there is hope.
A life-saving gene therapy exists that could give Niram a chance to grow, play, and be the little brother his 4-year-old sibling dreams of kicking a soccer ball with.
This treatment isn’t available in New Zealand but is offered in Australia at a cost of AUD 3.5 million. We are currently applying for a referral, and timing is critical as every day counts — Niram needs treatment at earliest for the best outcome. If the referral is accepted, we will need to cover physiotherapy and other out-of-hospital care expenses, estimated at $200,000, vital for his recovery and ongoing care. If the referral is not accepted, the funds will help support his parents to stay with him, focusing on his care and family without the added stress of returning to work.
Every donation, no matter the size, brings Niram closer to the future he deserves. Please help us give him his chance at life — and his big brother the playmate he dreams of. If you can’t donate, even sharing this means the world.
From the bottom of our hearts, thank you for your kindness and support.
Jagriti Chaudhary's involvement (page creator)
I am a close friend and colleague of Nareman. Both the parents are caring for their baby in the NICU. Your support can provide financial and emotional help and give their baby with rare SMA1 a chance at life-saving Zolgensma treatment in Australia.
Use of funds
Funds raised will go towards Niram's life-saving Zolgensma treatment in Australia. If the target is not met, funds raised will go towards the family's living expenses to help his parents stay by his side with his 4-year-old brother, not forced away to work.","Funds raised will go towards Niram's life-saving Zolgensma treatment in Australia. If the target is not met, funds raised will go towards the family's living expenses to help his parents stay by his side with his 4-year-old brother, not forced away to work.","Created by
Jagriti Chaudhary  




      Paying to a verified bank account of
Nareman Bozooh      on behalf of her baby, Niram",Page Moderated,2,"Help Baby Niram Receive Timely, Life-Saving Treatment
15 October 2025
Previously, we were raising $3.5 million for Niram’s life-saving gene therapy in Australia, which became unattainable given the urgent timing. We are now applying for a referral, which is likely to be accepted, and if it is, we need to raise $200,000 to cover physiotherapy and other essential out-of-hospital care expenses not included in the treatment.
Timing is critical — Niram needs to begin treatment by November, and we must travel to Australia to ensure he receives care as soon as possible.
If the referral is not approved, the funds will instead support Niram’s parents to stay by his side, allowing them to focus fully on his care and family without the added stress of returning to work during this crucial period.
We deeply appreciate your prayers and support as we await the referral. Every contribution, no matter the size, will directly support Niram’s recovery and provide his family with the care and stability they urgently need.
Share this update
0 comments  |  Login to leave a comment
Join Us in Helping Baby Niram Receive Urgent, Life-Saving Treatment
15 October 2025
Precious baby boy Niram was born on 19th September – just days ago. Instead of celebrating this joyful time, his family is facing an unimaginable challenge.
Niram has been diagnosed with Spinal Muscular Atrophy Type 1 (SMA1), a rare and devastating genetic disease that affects the nerve cells controlling muscle movement. Without treatment, babies with SMA1 often don’t survive past their second birthday.
But there is hope.
A life-saving gene therapy exists that could give Niram a chance to grow, play, and be the little brother his 4-year-old sibling dreams of kicking a soccer ball with.
This treatment isn’t available in New Zealand but is offered in Australia at a cost of AUD 3.5 million. We are currently applying for a referral, and timing is critical — Niram needs treatment by mid-November for the best outcome. If the referral is accepted, we will need to cover physiotherapy and other out-of-hospital care expenses, estimated at $200,000, vital for his recovery and ongoing care. If the referral is not accepted, the funds will help support his parents to stay with him, focusing on his care and family without the added stress of returning to work.
Every donation, no matter the size, brings Niram closer to the future he deserves. Please help us give him his chance at life — and his big brother the playmate he dreams of. If you can’t donate, even sharing this means the world.
From the bottom of our hearts, thank you for your kindness and support.
Share this update
0 comments  |  Login to leave a comment",
💜 Help Savana Live Fully in the Time They Have Left,Help Savana live fully 💜in the time they have left,https://static.givealittle.co.nz/assets/hero/0d6fc740-ae0b-4a98-9a7c-b36900cda2b7-320:False,https://givealittle.co.nz/cause/help-savana-live-fully-in-the-time-they-have-left,6910,0,closed,Read more,https://givealittle.co.nz/cause/help-savana-live-fully-in-the-time-they-have-left,1 Oct 2025,22 Oct 2025,0,"Brightwater, Tasman",57,"Kia ora, friends, whānau, and kind strangers,
As most of you know I was diagnosed with terminal cancer. After almost 4yrs of fighting bravely—through treatments, hospital stays, and countless moments of uncertainty— i have now been given the heartbreaking news: the cancer is no longer responding to treatment.
But this page isn’t just about the illness. It’s about life. It’s about helping make the most of the time they have left—whether that’s ticking off a bucket list dream, spending quality time with loved ones, or simply living without the stress of financial hardship.
🌟 What Your Support Will Do
Your donation will help with:
• Essential living costs while savana is unable to work
• Travel and accommodation to visit family or fulfill final wishes
• Palliative care and comfort items to improve quality of life
• Creating lasting memories—photos, experiences, and moments that matter
Every dollar helps. Whether it’s $5 or $500, your kindness will go directly toward making my remaining time as meaningful and joyful as possible.
“I don’t know how much time I have, but I do know I want to spend it surrounded by love, laughter, and peace. Thank you for helping me do that.”
🙏 Thank You
Use of funds
Living costs, food rent power petrol. Healing and natural remedies.
Other page links
on Facebook","Living costs, food rent power petrol. Healing and natural remedies.","Created by, and paying to a verified bank account of,
Savana Verwey",Page Moderated,,,
Tomo's Cancer journey,"Lets help support Tomo through his cancer journey,",https://static.givealittle.co.nz/assets/hero/d40ec016-8018-457e-a8f8-b367011f020a-320:False,https://givealittle.co.nz/cause/tomos-cancer-journey,2904,0,19 days to go,Donate,https://givealittle.co.nz/donate/cause/tomos-cancer-journey,1 Oct 2025,16 Nov 2025,0,"Hamilton, Waikato",33,"On behalf of Steve (Tomo), Nicole and their family we are are reaching out with a humble heart to ask for you support as they navigate this challenging and uncertain chapter in their lives.
As many of you know, Tomo was recently diagnosed with Stage 4 cancer, after a series of symptoms popping up over the past months a trip to the hospital meant some extensive scans and investigation started. After finding a large number of growths on his brain, further scans showed more growths through other parts of his body, including abdomen and lungs, with 28 masses visible.
Tomos oncology team have made it clear from early on that treatment needs to start ASAP in order to try and control the swelling and growths in the brain. This includes whole brain radiotherapy which has a big range of possible side effects that add further layers of difficulty to his home life.
While this particular treatment is funded, the family will be facing challenges such as Tomo being unable to work, and extra costs of support at home and all the travel to and from the hospital so they can focus on treatment and making the most of their time together. This fundraising will also help Tomo and Nicole to explore other treatment options.
Thank you for taking the time to read Tomos story. Whether you’re able to donate or simply share this page with others, we deeply grateful.
Blair Mcconnell's involvement (page creator)
Tomo is one of our best mates, we have been through everything together and couldn't ask for a better friend
Use of funds
This will help financially with support at home while Tomo cant work. Funds will also go towards treatment cost that might come up, we will post a page update once the treatments have been decided","This will help financially with support at home while Tomo cant work. Funds will also go towards treatment cost that might come up, we will post a page update once the treatments have been decided","Created by, and paying to a verified bank account of,
Blair Mcconnell      on behalf of Stephen Thompson",Page Moderated,,,
Supporting Jessie and her family ❤️,Supporting Jessie and her family ❤️,https://static.givealittle.co.nz/assets/hero/34da5b12-d15e-4296-b459-b368011aeddc-320:False,https://givealittle.co.nz/cause/supporting-jessie-and-her-family,16847.07,0,63 days to go,Donate,https://givealittle.co.nz/donate/cause/supporting-jessie-and-her-family,30 Sep 2025,30 Dec 2025,0,"Te Atatu Peninsula, Auckland",304,"On Sunday, 28th September, our beloved Jessie suffered a subarachnoid hemorrhage caused by an aneurysm. She is currently in Auckland Hospital, bravely fighting a very tough battle.
As Jessie focuses on healing, we want to rally around her and her family. This page has been set up to help ease the financial pressures that come with such an unexpected and difficult time.
All funds raised will go directly towards supporting Jessie and Jason’s two beautiful daughters, Aria (9) and Isla (6). The donations will help cover everything from travel to the hospital, household bills, and childcare costs, allowing Jason to be by Jessie’s side without the added burden of financial stress.
Any contribution, big or small, will make a meaningful difference for this wonderful family as they navigate the challenging days ahead.
Thank you from the bottom of our hearts for your kindness, generosity, and support.
Tayla Halloran's involvement (page creator)
Sister/Sister-in-law
Use of funds
The donations will help cover everything from travel to the hospital, household bills, and childcare costs","The donations will help cover everything from travel to the hospital, household bills, and childcare costs","Created by
Tayla Halloran  




      Paying to a verified bank account of
Jason Halloran",Page Moderated,3,"Update on Jessie #3 💙
21 October 2025
Out of ICU and into HDU — take two!
Jessie has been making such solid progress over the last few weeks, and she’s now made her way back to the HDU. She’s continuing to rest and recover, taking each day as it comes. The light has truly returned to her beautiful blue eyes — she’s chatting away, making us laugh, and keeping everyone’s spirits high.
Jessie is still experiencing a bit of short-term memory trouble, but we’re hopeful that with rest and time, that will continue to improve. The Jessie we have today may not be exactly the same as the one we had on the 28th of September, but she’s fighting hard every day to get back there — and we couldn’t be prouder of her strength and determination.
We also want to take a moment to thank every single person who has supported Jessie, Jason, Aria, Isla, and our extended family through this journey. It’s been an emotional rollercoaster, and one we wouldn’t wish on anyone, but the love and kindness we’ve received has shown us just how much good there is in the world. From the bottom of our hearts — thank you all. ❤️
Share this update
0 comments  |  Login to leave a comment
Update on Jessie #2 💙
11 October 2025
Jessie had been making incredible progress over the past few days, but unfortunately, we’ve hit our first hurdle. She began experiencing vasospasms — a common complication after a brain bleed where blood vessels tighten, reducing blood flow and oxygen to parts of the brain.
After a CT scan confirmed the issue, Jessie underwent surgery to open the affected vessels and restore proper blood flow. She has since been moved back to the ICU, where she’s being carefully monitored around the clock by her medical team.
Our Jessie girl is unbelievably strong and continues to fight with everything she’s got. Please keep sending your love, thoughts, and prayers — they mean the world to her family right now. 💙
Share this update
0 comments  |  Login to leave a comment
Update on Jessie 💙
2 October 2025
Hi everyone,
We are absolutely blown away by the love and support shown for Jessie and her family. Knowing that Jason can remain by her side without the extra stress of finances is such an incredible gift, and we are so grateful for your generosity.
Jessie is showing real strength on her road to recovery. She has full movement on her right side, and while her left side is a little slower to respond on command, she is still able to move it. Most encouragingly, her speech is beginning to return. It may not yet be her beautiful sing-song voice, but hearing her say a few words has been a huge comfort to us all.
We know there are still challenges ahead, but every small step forward fills us with hope. Thank you for continuing to keep Jessie, Jason, Aria, and Isla in your thoughts. Your kindness truly makes a difference.
Share this update
0 comments  |  Login to leave a comment",
Help Alapati Get His Treatment,Raising funds to support my husband and his medical bills from surgery and radiation treatments.,https://static.givealittle.co.nz/assets/hero/0279a5cd-476b-4bd5-9144-b36800e4310d-320:False,https://givealittle.co.nz/cause/help-alapati-get-his-treatment,2735,150000,337 days to go,Donate,https://givealittle.co.nz/donate/cause/help-alapati-get-his-treatment,30 Sep 2025,30 Sep 2026,0,"Papatoetoe, Auckland",58,"My husband Alapati was recently diagnosed with Polymorphus Adenocarcinoma, which is a rare form of cancerous tumour, in the salivary gland. This type of cancer is found in 1 in 2 million people each year.
Alapati was diagnosed on 6th of August 2025 after multiple tests, examinations and an investigatory surgery, performed on Monday, 08th of September 2025, by the excellent team of doctors at the Auckland Head and Neck cancer unit.
We were hopeful the tumour had not invaded his tissue, unfortunately, it has, limiting surgery options due to the nature of the cancer.
Our only option is for radiation; with the hope it will shrink or slow the growth and invasion of the vital organs, his spine, brain as well as blood.
My husband is currently on a Work Visa, awaiting the results of his residence visa, which was applied on the 30th May 2025, prior to him being asymptomatic and his devastating diagnosis.
He has been working for going onto 12 months since he arrived in NZ and plans on working for our little family during and hopefully after his treatment.
We are asking for your help please. Our first bill is already at $45000, without the radiation treatment, which will begin in two weeks' time.
I myself am blind, and can no longer work. We are heartbroken as we thought our lives are finally getting better, however, with this devastating diagnosis.
All donations will be going directly to his treatment.
With grateful and hopeful hearts.
Alapati and I thank you all in advance for your generosity.
Tutuila Fuiava's involvement (page creator)
My husband and I have been married for 3 years and have been together for 4 years. I am blind so I no longer work. He works for our little family.
Use of funds
All donations will go towards hospital bills and radiation treatment",All donations will go towards hospital bills and radiation treatment,"Created by, and paying to a verified bank account of,
Tutuila Fuiava      on behalf of My Husband Alapati Puaatoga",Page Moderated,2,"Alapati’s Treatment Update
19 October 2025
Alapati and I are grateful for your support.
We have received news from the Radiation Department, and unfortunately, Alapati’s treatment has been declined due to his immigration status and funds.  The Pacifica Support Group co-ordinator has been absolutely amazing in trying to facilitate and assist us with everything and all the routes we can take.
We have reached out to the Ministry of Health in Samoa for assistance.  In the meantime, we are asking the public for your support and generosity please.  The doctors have advised Alapati’s cancer is treatable with Radiation, only if it is tackled now, and not left to when it no longer is.
Alapati is doing as well as can be, and we are both hopeful.
Please continue to uplift us in prayer, as well as donate if able.
With love and grateful hearts.
Alapati & Tutuila
Share this update
0 comments  |  Login to leave a comment
Thank you 🙏
8 October 2025
Alapati and I wish to express our gratitude to all who’ve shared Alapati’s Give a Little page, donated, prayed and encouraged through all media platforms.
God is so good and we feel your love and support.
We will try and update as much as we can as Alapati goes through this journey with his medical team.
Again, thank you all for your generosity, prayers and support.
Faafetai tele lava,
Alapati & Tutuila Puaatoga
Share this update
0 comments  |  Login to leave a comment",
Help Graham after losing his hand,To help Graham with costs while he is unable to work,https://static.givealittle.co.nz/assets/hero/226e5eef-5b58-4723-8506-b36800cae320-320:False,https://givealittle.co.nz/cause/help-graham-after-losing-his-hand,3946.12,0,63 days to go,Donate,https://givealittle.co.nz/donate/cause/help-graham-after-losing-his-hand,30 Sep 2025,30 Dec 2025,0,Auckland,28,"Graham is a hardworking lawn mowing contractor who has spent years taking care of people’s gardens and lawns with pride and dedication. Tragically, he recently suffered a devastating accident on the job, resulting in the loss of his hand.
This life-altering injury means Graham will be unable to work for the foreseeable future. As a self employed contractor, this sudden loss of income has placed enormous financial strain on his everyday living expenses — mortgage, bills, groceries, and medical costs.
We are raising funds to help Graham get through this incredibly difficult time and allow him to focus on healing, rehabilitation, and adjusting to a new way of life without the immediate pressure of financial hardship.
Any amount, big or small, will make a real difference. Thank you for your kindness, support, and generosity.
Tony Cooksley's involvement (page creator)
Friends for 40 years
Use of funds
Ongoing living costs",Ongoing living costs,"Created by
Tony Cooksley  




      Paying to a verified bank account of
Graham Eyre",Page Moderated,2,"I'll be back
20 October 2025
Last Monday bandages came off and stitches out, all looking good. That was a bit of a reality check seeing the closed up stump for 1st time. Yeah that’s it, get used to it, but can rotate forearm and have got a good stump to work with for prosthetic - professionals very positive - it could always be worse.
Hands on rehab physio says looking good progressing well.
Have got a 500gm strap on weight that I have started using around left forearm to try and turn around the muscle wastage, eliminate the chicken wing effect. Haha
Got the ok to start using spinbike, gradual build up to get some cardio back, loose it fast and it’s a slow return at 60 not like 16 when bouncing back from broken bones wasn’t an issue.
The Artifical Limb centre guy is putting me in touch with a bloke who has a Taska hand, these are pretty wow robust techo and made in Christchurch NZ - Google them up real terminator stuff - I’LL BE BACK
Also check out the mert lawwill prosthetic device - cool tool, I’ll have to get one if I’m going to keep up and beat some of me mates even with one hand haha
Included picture of using mirror box, tricked you - I bet u think that’s my left hand haha
Thanks TJ for knocking that up - And a really big thanks to everyone who’s tipped into this give a little page, it’s really humbling and gives me a sense of worth and makes me want to come back and smash it, attack life head on again, thank you all so much I really appreciate everyone’s generosity.
Cheers all
I’LL BE BACK
Share this update
0 comments  |  Login to leave a comment
An update from Graham
9 October 2025
I’ve had my first appointment on Tuesday with hands on rehab, when they phoned me last week I thought they were taking the piss, I said I haven’t got a hand, long silence on other end till they explained about massage etc they do and mirroring de-sensitizing nerves. Appointment was basically just a chat about all that and mirroring is where you place your good hand on table in front of mirror ideally mirror on side of box, place arm in box, reflection of right hand tricks brain to think left one is there and helps with de-sensitizing of nerves, move right fingers squash a ball do stuff with it, can get the hell electric shocks in the process through what you think is still your attached fingers, phantom pain but believe me pain is real.
Have 1st outpatients appointment next Monday where all going well get bandage off stitches out and can then get into massaging / rubbing some special oil stuff in etc to help strengthen up stump area for prosthetic fitment at latter stage.
Overall coping ok some things a bit hard but it’ll get better, I’ve done some cooking, pain is always there from numb ache to wow yeah feels like I still got hand that is in a fist and being squashed in a vice, then electric shocks feels like being hit with a cattle prodder going through 2 little fingers and thumb. But it’s slow progress at this stage, once bandage off stitches out should come on quicker.
Share this update
0 comments  |  Login to leave a comment",
"Supporting Peaty, Sam, Archie and Penny",A way to support Peaty and his family financially through the final stages of his Cancer treatment.,https://static.givealittle.co.nz/assets/hero/6bf0c3ae-7340-4b49-b385-b36800a7859e-320:False,https://givealittle.co.nz/cause/supporting-peaty-sam-archie-and-penny,2340,0,2 days to go,Donate,https://givealittle.co.nz/donate/cause/supporting-peaty-sam-archie-and-penny,30 Sep 2025,30 Oct 2025,0,Nationwide,19,"Peaty was diagnosed with Stage 1 non-Hodgkins Lymphoma back in May. He has been responding well to treatment and is now hopefully entering into the final stages of radiotherapy. In true Peaty fashion, he has been taking this one without any great fanfare or fuss.
The process has taken a toll financially and he will need to take some further time off from work for the next stage of Radiotherapy. This obviously puts a burden on Peaty, Sam (as well as Archie and Penny).
Please see Peaty's previous Givealittle page here: https://givealittle.co.nz/cause/im-doing-dry-july-for-a-great-mate
Joe Bresnahan's involvement (page creator)
One of my best friends of 20 years.
Use of funds
Daily expenses and generally helping with living costs.",Daily expenses and generally helping with living costs.,"Created by
Joe Bresnahan  




      Paying to a verified bank account of
Daniel (Peaty) Peat      on behalf of Peaty, Sam, Archie and Penny",Page Moderated,,,
"Mind∞Matter™: Body, Brain, and Beyond – A Brain–Body Platform Built with Communities in Aotearoa","A Brain–Body platform built with Aotearoa communities, turning stress & overwhelm into strength, disconnection & isolation into belonging.",https://static.givealittle.co.nz/assets/hero/ea900a32-b0c7-4349-9cb2-b36700f9af94-320:False,https://givealittle.co.nz/cause/mindmatter,340,40000,3 days to go,Donate,https://givealittle.co.nz/donate/cause/mindmatter,29 Sep 2025,31 Oct 2025,0,"Johnsonville, Wellington",5,"As a practising physician overseas, I met a parent at the end of their wits, juggling work deadlines, family responsibilities & sleepless nights, with no time left to care for themselves. Or an employee burning out under constant pressure, trying to push through stress & fatigue while their health silently suffers. These stories are all too common across Aotearoa and the Pacific. Existing tools are fragmented: fitness apps focus only on the body, meditation apps on the mind, and clinical tools can feel impersonal. People are left without a practical, whole-person solution they can use every day.
That’s why I created Mind∞Matter™ — a Brain–Body Platform designed to help people strengthen resilience, restore balance, and take charge of their health.
Where we are now: The platform is well underway, with the foundations already built.
The crucial next stage: What’s missing & what your support will fund - the essential layer that makes the platform truly meaningful: refining the app with communities, running workshops, creating the resources & testing, ensuring it reflects real needs and is ready for launch.
My role: I’m Dr Pamela Stoodley, Founder of Mind∞Matter™, with a background in medicine, psychology, nutrition & neuroplasticity. I’ve led development so far and am working with collaborators to take it to the next level.
Why it matters: With your support, we can turn stress into strength and disconnection into thriving — starting here in Aotearoa and growing to impact the world.
Use of funds
All funds raised will go towards app refinement, developer costs, UX/UI improvements, community workshops, koha for facilitators, beta testing and creation of core resources","All funds raised will go towards app refinement, developer costs, UX/UI improvements, community workshops, koha for facilitators, beta testing and creation of core resources","Created by, and paying to a verified bank account of,
      
        Dr Pamela Stoodley",Page Moderated,,,
Health funds,Any help appreciated,https://static.givealittle.co.nz/assets/hero/e18506be-0cd5-4877-bbf5-b36700fad9e4-320:False,https://givealittle.co.nz/cause/health-funds,1470,0,closed,Read more,https://givealittle.co.nz/cause/health-funds,29 Sep 2025,17 Oct 2025,0,Northland,14,"I am a solo parent of 2 young girls and an adult son. Work full time. It has been over 2 years trying to find a diagnosis for myself through the health system. They are not sure what is going on. Many opinions from professionals but no conclusions. More tests more time.
Many doctors visits or phone contact which are not cheap and not funded at all. Seeing or having contact my doctor sometimes 3 times a month. Medicine that I’m trialling monthly (Low dose naltrexone this is subject to change depending on reaction. Used for pain) and private specialists to see because the public system is not listening to my doctor.
It’s becoming harder and harder to keep up with everything. It’s not easy to ask for help like this but here I am.
I know times are tough for everyone. I would appreciate any help to get through all this.
Use of funds
My doctors visits that I have to have. Tests that aren’t funded that I have to get as proof of progression. Private specialists because the public health system is failing me and unfunded medicine that I’m trialling (Low dose naltrexone for pain). The medication is subject to change and I will post a Page Update if or when this changes.",My doctors visits that I have to have. Tests that aren’t funded that I have to get as proof of progression. Private specialists because the public health system is failing me and unfunded medicine that I’m trialling (Low dose naltrexone for pain). The medication is subject to change and I will post a Page Update if or when this changes.,"Created by, and paying to a verified bank account of,
Courtney McDonald",Page Moderated,4,"Unfortunate update
16 October 2025
Had another eye test normal and peripheral. Have been getting them every 6 months as part of all testing to gather more information about my brain.
My normal vision is perfect. But peripheral is off.
I have also now been referred to an eye specialist to see if I have incongruous hemianopia. On top of everything else. Information has also been passed on to neurologist I am seeing in Auckland.
Share this update
0 comments  |  Login to leave a comment
End goal
10 October 2025
I dont have a goal for raising funds as I dont know what the costs will be by the time i hopefully get answers. I appreciate everyone’s input so very much. You have no idea.
Share this update
0 comments  |  Login to leave a comment
Appointment
8 October 2025
Auckland neurologists have received the referral. Waiting on an appointment hopefully before Christmas. Appointment costs start at around $700
Share this update
0 comments  |  Login to leave a comment
Private referal
4 October 2025
Have had a private referral made to Auckland neurologists. I await that appointment.
Share this update
0 comments  |  Login to leave a comment",
Marleighs Fight with Spinal Muscular Atrophy,Help us with Marleighs Fight with Spinal Muscular Atrophy,https://static.givealittle.co.nz/assets/hero/be78f29d-44d8-46ad-817a-b36700e16d25-320:False,https://givealittle.co.nz/cause/marleighs-fight-with-spinal-muscular-atrophy,12040,20000,62 days to go,Donate,https://givealittle.co.nz/donate/cause/marleighs-fight-with-spinal-muscular-atrophy,29 Sep 2025,29 Dec 2025,0,"New Plymouth Central, New Plymouth",66,"Our best friends’ Hannah and Matthew have just found out their little girl, Marleigh has been diagnosed with Spinal Muscular Atrophy (SMA) a rare and life changing genetic condition that affects muscle strength and movement. This condition is so rare it only affects 6 kiwis babies per year.
Marleigh’s journey will be lifelong. She will need to travel to Starship in Auckland every four months for treatment, and her family are now facing the emotional and financial challenges that come with this new reality.
Despite the daily challenges she faces, Marleigh continues to light up every room with her smile and brings so much joy to everyone who knows her. But the road ahead is a tough one for our beautiful girl.
We’ve set up this page to help ease the burden for Hannah and Matty as Hannah will now have to take extended leave from work and then travel for Marleighs ongoing treatments. This page means they can focus on what really matters, creating memories and giving Marleigh all the love, care, and opportunities she deserves.
Any donation, big or small, will make a real difference. Thank you so much for your kindness and generosity in supporting Marleigh on her next big journey.
Samantha McKenzie's involvement (page creator)
Matthew is my partner Nick's bestfriend they are close friends of ours.
Use of funds
Marleighs ongoing medical costs. Going to Auckland every 4 months. (Therapy and travel costs)",Marleighs ongoing medical costs. Going to Auckland every 4 months. (Therapy and travel costs),"Created by
Samantha McKenzie  




      Paying to a verified bank account of
Hannah Kalin",Page Moderated,,,
Unexpected surgery,Help with a rough patch,https://static.givealittle.co.nz/assets/hero/c641798e-4cce-4ec2-9892-b36600d6e776-320:False,https://givealittle.co.nz/cause/unexpected-surgery,2790,0,8 hours to go,Donate,https://givealittle.co.nz/donate/cause/unexpected-surgery,28 Sep 2025,28 Oct 2025,0,"Christchurch, Canterbury",25,"After a rough few years that depleted all our savings and options, I got a new job and things were looking up. Unfortunately last month I was hospitalized for 8 days due to a pelvic abcess and have been back in hospital for 3 days with another flare up. At this time further concerns have been identified and need more investigation due to my history with cancer.
I have been scheduled for surgery on Wednesday with at least two weeks recovery time. I don't have any sick leave and am very concerned how we will pay our mortgage and bills.
I am so ashamed to be asking for help but can't think of anything else. Thank you for your kindness
Use of funds
Covering bills while unable to work",Covering bills while unable to work,"Created by, and paying to a verified bank account of,
Trish Baird",Page Moderated,,,
Jax’s Journey,Just trying to do the best for our little man,https://static.givealittle.co.nz/assets/hero/8e2b2c29-07fb-4584-a141-b36600ca98ba-320:False,https://givealittle.co.nz/cause/jaxs-journey,2689,0,closed,Read more,https://givealittle.co.nz/cause/jaxs-journey,28 Sep 2025,22 Oct 2025,0,Southland,11,"Usually I’ve never been the type of person to do this but I’ve had a few people come to me encouraging the idea. As a family we have made a very hard decision to move to Australia to get our son with cystic fibrosis on a life saving drug.
We don’t expect people to donate but for those of you wanting to we thank you very much
Maddy Schreurs' involvement (page creator)
Our 2 year old Son
Use of funds
As we are having to get rid of everything In Nz here it will be spent on getting Jax and his little brother everything they need over there such as toys, clothes, transport to and from the hospital and Jax’s partially-funded medications
Other page links
www.stuff.co.nz/nz-news/360835992/mum-moving-australia-life-saving-unfunded-cystic-fibrosis-drug-trikafta?fbclid=Iwc3NjcANFTmpleHRuA2FlbQIxMQABHknRf5d8TUK7-j3o2vwRZ1o3aueNwjgdgrHSWMUvzkD1LeHJ7tasS-UqZNWT_aem_g5lm4wzOfcNUXXtrLu9rcQ","As we are having to get rid of everything In Nz here it will be spent on getting Jax and his little brother everything they need over there such as toys, clothes, transport to and from the hospital and Jax’s partially-funded medications","Created by, and paying to a verified bank account of,
Maddy Schreurs      on behalf of Jax beale",Page Moderated,,,
Help Karina Survive Long Covid!,Support Karina to get the treatment and care needed to live with the effects of severe Long Covid.,https://static.givealittle.co.nz/assets/hero/8ec6a3b0-a492-4067-9262-b3640103d7cf-320:False,https://givealittle.co.nz/cause/help-karina-survive-long-covid,215,0,333 days to go,Donate,https://givealittle.co.nz/donate/cause/help-karina-survive-long-covid,26 Sep 2025,26 Sep 2026,0,Wellington,4,"In November 2023, I got Covid. I had already been chronically ill for 10 years, but for the first time things became life-threatening. This year I spent almost 7 months in hospital suffering with the effects of Long Covid.
I am now bedbound and relying on caretakers and the kindness of others to survive. I have been diagnosed with Severe M.E, MCAS, POTS and Nutcracker syndrome. The effects of these mean I am unable to work to support myself.
I desperately need help to access the private care/treatments that will give me a chance to continue eating, improve my condition and hopefully one day get back to living.
Thank you <3
Please see my previous Givealittle page here: https://givealittle.co.nz/cause/help-rin-eat-and-live-again
Use of funds
Funds will be used for private specialist appointments, unfunded medications and supplements, tests and equipment needed to live.","Funds will be used for private specialist appointments, unfunded medications and supplements, tests and equipment needed to live.","Created by, and paying to a verified bank account of,
      
        Karina Tickle",Page Moderated,,,
Support Mum’s Urgent Heart Surgery,To raise funds for our mum’s open-heart surgery. Any contribution is deeply appreciated as we strive to secure the medical care she needs.,https://static.givealittle.co.nz/assets/hero/d4a8d0e0-f9f9-4040-9f7a-b36301448e77-320:False,https://givealittle.co.nz/cause/help-save-our-mums-heart,8520,15000,closed,Read more,https://givealittle.co.nz/cause/help-save-our-mums-heart,25 Sep 2025,3 Oct 2025,0,Auckland,44,"On Monday, September 15th, our mum suffered a heart attack. Doctors discovered three major arteries were 80% blocked, with some no longer functioning. To make things even more frightening, they also found a possible aneurysm.
She’s currently in a hospital in the Philippines and urgently needs open-heart triple bypass surgery. Without this procedure, her life is at serious risk. Her surgery is scheduled for Saturday, September 27th.
We are doing everything we can as a family, but the medical costs are more than we can handle alone. This is not something we ever imagined having to ask, but we’re humbly reaching out for help.
We would really appreciate any support, whether through a donation, sharing this page, or keeping us in your thoughts.
From the bottom of our hearts, thank you.
Cielo Tionko's involvement (page creator)
I am the daughter of the beneficiary, seeking support to assist with my mother’s urgent medical needs.
Use of funds
Procedure and hospital expenses",Procedure and hospital expenses,"Created by, and paying to a verified bank account of,
Cielo Tionko      on behalf of My Mum's Open-Heart Surgery",Page Moderated,,,
Help Us Support Anna Through Her Cancer Treatment.,"Supporting our sister Anna and her family with daily essentials, so she has space to focus on healing.",https://static.givealittle.co.nz/assets/hero/772f2d6b-ae3a-410d-9f1e-b36601420fcc-320:False,https://givealittle.co.nz/cause/help-us-support-anna-through-her-cancer-treatment,14288,10000,3 days to go,Donate,https://givealittle.co.nz/donate/cause/help-us-support-anna-through-her-cancer-treatment,25 Sep 2025,31 Oct 2025,0,Auckland,39,"Dear Family & Friends,
Our precious Anna has recently been diagnosed with a rare form of endometroid odemo cancer and will soon begin 18 weeks of chemotherapy. As she prepares for this journey, our greatest wish is that she’s able to focus all her energy on healing and recovery.
Anna is the heart of her family, a devoted wife to Greg and a wonderful mum to Jackson (16) and Archer (12). This diagnosis has turned their world upside down, and while Anna bravely faces the physical and emotional challenges ahead, we want to ensure that the everyday burdens of bills, groceries, and household expenses do not add to their strain.
As a circle of women who love Anna dearly, we want to lift as much weight as we can from her shoulders. We’re on a very important mission that we would love you to help support.
Our goal is to raise $10,000 to help cover essential household costs and food over the months of treatment (October – February). This support will allow Anna and her family to focus on what truly matters: her health, her healing, and the precious gift of time together.
We would be so deeply grateful for any donation. Every contribution, no matter the size, is a way of wrapping Anna and her family in love and letting them know we’re all with her, heart and soul.
All of our united love & support will be hugely uplifting and strengthening for Anna and her boys and will ease the weight of this journey.
From our hearts to yours, thank you.
In gratitude & love,
Anna’s Sisters
Rachel Tuffery's involvement (page creator)
Anna and I have been soul sisters for 27 years. Together with dear friends Ami, Leah, Olivia, Tracy, Juanita, + Arlene, Anna Theed & our Waiheke sisters too, we’ve all grown side by side with Anna, supporting each other through life’s joys and challenges.
Use of funds
These funds will help nourish Anna and her family with organic fruit, veg, meat, and fish, and provide vital supplements to support her health. They will also help cover household expenses, lifting some of the financial burden while she is unable to work.","These funds will help nourish Anna and her family with organic fruit, veg, meat, and fish, and provide vital supplements to support her health. They will also help cover household expenses, lifting some of the financial burden while she is unable to work.","Created by
Rachel Tuffery  




      Paying to a verified bank account of
Anna Wallace      on behalf of Anna Stuart",Page Moderated,,,
"Gained a baby, Slipped a Disc","It’s hard to admit how much this has affected me, but I’m ready to take small steps toward healing with these treatments.",https://static.givealittle.co.nz/assets/hero/f7b63688-d435-4c55-b739-b36300e34a2b-320:False,https://givealittle.co.nz/cause/gained-a-baby-slipped-a-disc,350,1685,50 days to go,Donate,https://givealittle.co.nz/donate/cause/gained-a-baby-slipped-a-disc,25 Sep 2025,17 Dec 2025,0,Auckland,14,"Three years ago, just weeks after giving birth to my youngest daughter, I slipped a disc in my Lumbar Spine (Lower back). The pain spread through my leg, leaving me chair-bound and struggling just to care for my baby. Exhausted, in constant pain, and barely sleeping, I fell into postnatal depression. My only goal each day was simply to get out of bed and feed her.
The discectomy eased some of the pain, but the damage to my sciatic nerve changed the way I walk. Along with that came embarrassment, anxiety, and the fear of being seen.
But now it’s time to change. Time to rebuild my confidence, strengthen my body, and take back my life. I’m ready to try something new — the NEUBIE Machine — even if it’s not ACC approved. This is the first step forward.
Treatments must be scheduled within seven days of each other, at a cost of $150 per session, with a goal of 10 sessions.
The NEUBIE machine is an electrical stimulation device used in physical therapy and neuromuscular re-education to identify and correct muscle dysfunction. It works by sending unique electrical pulses to stimulate the nervous system, improve muscle contraction, blood flow, and muscle memory, which helps accelerate healing and restore movement and strength. The treatment is used for rehabilitation from injuries and surgeries, managing chronic pain, and improving function in patients with neurological conditions.
Use of funds
These funds will go directly toward my treatments, which I’ll need to continue weekly once I begin. My goal is to walk normally again, rebuild confidence, strengthen the muscles that have been dormant, and begin healing from the trauma.
Other page links
on Instagram","These funds will go directly toward my treatments, which I’ll need to continue weekly once I begin. My goal is to walk normally again, rebuild confidence, strengthen the muscles that have been dormant, and begin healing from the trauma.","Created by, and paying to a verified bank account of,
Laura Tolutau",Page Moderated,,,
Please Help Mum Drive Her Car,Please help mum to modify her car to a left foot accelerator.,https://static.givealittle.co.nz/assets/hero/fd316603-730e-4d7a-8d2a-b3630141de75-320:False,https://givealittle.co.nz/cause/please-help-mum-drive-her-car,3330,3500,closed,Read more,https://givealittle.co.nz/cause/please-help-mum-drive-her-car,24 Sep 2025,24 Oct 2025,0,"Taihape, Manawatu-Wanganui",67,"""3 and a half years ago, my mum had an emergency right, below the knee amputation to save her life from blood clots she got during either Covid 19 or the vaccines.
The day after mum was released from hospital she fell, splitting the wound back open. After another surgery, they left the wound open, which took 18 months to heal.
Mum suffered from PTSD, Depression and Anxiety as a result of both the amputation and the fall. She is finally ready to drive. Unfortunately, she is unable to receive any funding but using her KiwiSaver hardship, was able to by a modifiable car. Mum is desperate to get her independence back, and driving will mean she can go back to work!""
- My Daughter
Sally Margaret Chambers' involvement (page creator)
My daughter created this page for me, I am the mum.
Use of funds
All funds raised will be spent on having my car modified to a left foot accelerator.
Other page links
on Facebook",All funds raised will be spent on having my car modified to a left foot accelerator.,"Created by, and paying to a verified bank account of,
Sally Margaret Chambers",Page Moderated,,,
Help Arlo Access Life Changing Therapy,Help Arlo Access Life Changing Therapy,https://static.givealittle.co.nz/assets/hero/f6542a62-ac0c-4d9a-8bb8-b3620126d465-320:False,https://givealittle.co.nz/cause/help-arlo-access-life-changing-therapy,12421,10000,147 days to go,Donate,https://givealittle.co.nz/donate/cause/help-arlo-access-life-changing-therapy,24 Sep 2025,24 Mar 2026,0,"Bay Of Plenty, Whakatane District",224,"Our beautiful son Arlo is 15 months old. He is a bright, happy little boy with the sweetest smile and a determination that inspires us every day.
Arlo was born with a rare brain condition called polymicrogyria, confirmed on his recent MRI. The scan showed extensive bilateral perisylvian polymicrogyria and simplification of the gyri (the folds of the brain), along with mild to moderate volume loss. This means Arlo’s brain developed differently, affecting the way it controls movement and coordination.
Because of this, Arlo faces significant challenges:
• Severe motor delays – he is not yet able to sit or roll on his own.
• Low muscle tone and poor coordination, especially in his upper limbs.
• Feeding difficulties – Arlo previously required a nasogastric tube and recently underwent surgery for a Mickey button.
We want to give Arlo every possible chance to grow and reach his potential. We have found an incredible opportunity for intensive therapy at Centre of Movement in Rotorua, a specialised program designed to build strength, improve movement, and support feeding skills.
The cost of this treatment, travel, and accommodation is beyond what we can manage alone. We are raising funds to help cover therapy sessions, travel expenses, and any equipment Arlo may need. Every donation or share brings us closer to giving Arlo the best start in life and the chance to reach milestones we once thought impossible.
Thank you from the bottom of our hearts for supporting our little fighter.
Tamara Holland-Goodwin's involvement (page creator)
I am Arlo's mum, raising funds on behalf of my son.
Use of funds
We are raising funds to help cover therapy sessions, travel expenses, and any equipment Arlo may need.
Other page links
centreofmovement.co.nz","We are raising funds to help cover therapy sessions, travel expenses, and any equipment Arlo may need.","Created by, and paying to a verified bank account of,
Tamara Holland-Goodwin      on behalf of My Son Arlo",Page Moderated,,,
"A mother's love, a daughters fight - Help us heal a Liver and Life","A mother's love, a daughters fight - Help us heal a Liver and Life",https://static.givealittle.co.nz/assets/hero/acf99948-53f5-4846-a2d7-b362011ba176-320:False,https://givealittle.co.nz/cause/a-mothers-love-a-daughters-fight-help-us-heal,1550,1500,closed,Read more,https://givealittle.co.nz/cause/a-mothers-love-a-daughters-fight-help-us-heal,24 Sep 2025,8 Oct 2025,0,Bay of Plenty,36,"After a suicide attempt, Kayla age 13 is in hospital with severe liver failure and needs urgent medical support, travel and aftercare.
Kayla is currently in hospital at Starship children's hospital receiving intensive care and may face ongoing treatments, medications, and possible transplant evaluation.
Why we’re fundraising For:
Funds will help pay for: Ambulance fees, Loss of income, travel and accommodation for family, essential items, prescription medications, and rehabilitation/mental-health follow-up.
Hayley George's involvement (page creator)
Kayla's aunty
Use of funds
Ambulance fees, Loss of income, travel and accommodation for family, prescription medications, rehabilitation/mental-health follow-up, and anything else the family or Kayla needs during this time.","Ambulance fees, Loss of income, travel and accommodation for family, prescription medications, rehabilitation/mental-health follow-up, and anything else the family or Kayla needs during this time.","Created by
Hayley George  




      Paying to a verified bank account of
Krystle George      on behalf of her beautiful daughter, Kayla",Page Moderated,3,"Update 01/10/2025
1 October 2025
Kayla continues to fight bravely on her recovery journey. Her creatinine levels are still high (between 400–360), and doctors have confirmed there is permanent scarring on her kidneys as a result of her overdose.
Today we are being transferred from Starship Hospital in Auckland back to Tauranga Hospital, which feels like a positive step closer to home.
Although her recovery is slow, we are so grateful for every bit of progress she makes. Kayla will need ongoing monitoring of her kidney and liver function, as well as continued support for her mental health. We know this will be a long road, but we are incredibly thankful for the love, kindness, and support for her and our family at this time. 💕
Share this update
0 comments  |  Login to leave a comment
New Update
28 September 2025
The doctor came by and explained that Kayla's high creatinine level of 400 yesterday indicated that her kidneys weren't filtering properly. Today, her level has dropped to 350, which is a sign that things are slowly improving and the kidneys are starting to recover.
The medical team is continuing to monitor her fluid intake and output, measuring the amounts of drinks, IV drips, and urine. This monitoring helps them determine how effectively the kidneys are producing urine and clearing waste. It also prevents issues with dehydration or fluid overload, both of which could worsen kidney injury.
There are concerns regarding potassium levels. Potassium is a mineral that the body needs, but having too much or too little can be dangerous for the heart. Damaged kidneys are unable to regulate potassium levels properly. That’s why the medical team regularly checks potassium levels in the blood and quickly addresses any changes with special medications or IVs if necessary.
Overall, the drop in creatinine is a positive sign, indicating some recovery of kidney function. The monitoring of fluids and potassium is crucial to protect both the kidneys and heart while Kayla's body heals. Recovery can take anywhere from days to weeks, depending on the severity of the injury, but the current trend is encouraging.
Share this update
0 comments  |  Login to leave a comment
An update 25/09/25
25 September 2025
A kidney specialist has come in to evaluate Kayla's kidney function, which is now a concern. She will be placed on a fluid balance chart and undergo various tests to assess her liver and kidneys. Her liver specialists have discontinued her NAC medication since her liver numbers are finally starting to improve. In the meantime, she will continue to receive fluids and maintain a fluid balance chart. If her kidney function continues to worsen, she may require dialysis.
Share this update
0 comments  |  Login to leave a comment",
Please make Linetas Journey with Cancer less stressful by donating to her good cause to prolong her life for her 6 children,Requesting any donations to help with Lineta Uelese's Cancer Treatments. 6x Chemotherapy needed. Plus medical bills,https://static.givealittle.co.nz/assets/hero/a34be6ac-331d-4fc1-ad60-b36200c72db3-320:False,https://givealittle.co.nz/cause/please-make-linetas-journey-with-cancer-less,1510,70000,closed,Read more,https://givealittle.co.nz/cause/please-make-linetas-journey-with-cancer-less,24 Sep 2025,24 Oct 2025,0,"Manurewa, Auckland",14,"Please help suppport my sister-in-law Lineta Uelese. She is
a 39-year-old mother from Samoa.
She arrived in New Zealand three months ago for medical treatment.
the Government of Samoa declined her request to fund her treatment because the
doctor responsible for her check ups advised the former Minister of Health through the
Chief Executive Officer that her surgery can be done in Samoa and she was booked on
the 23rd May 2025.
However, she refused due to some existing cases where some patients were operated in
Samoa but were unsuccessful. Lineta believed that she had cancer which was another unforeseen side that the doctors
cannot determine neither confirm unless they finished conducting a surgery to remove
the cyst, uterus, both ovaries and fallopian tubes.
On her second day here in New Zealand, the 6th June 2025, she was admitted
to Middlemore Emergency for full assessment.
She was very fortunate to have her full assessment given she self funded all her
treatments with the support of our families. The surgeon, Dr Silipa Naiquiso confirmed
that the type of surgery she will be having cannot be done in Samoa due to its difficult nature.
Lineta’s surgery was conducted at Auckland Hospital.
We kindly ask everyone to please help Lineta’s situation. Whatever amount you
donate will
prolong her life for her six children.
Please share and donate for Lineta’s Battle with Ovarian Cancer, Stage 3 and to complete
her six(6) chemo
Fiti Tapelu's involvement (page creator)
Sister Inlaw
Use of funds
Funds will go towards 6 Chemotherapy treatments plus other costs for her medical bills.",Funds will go towards 6 Chemotherapy treatments plus other costs for her medical bills.,"Created by, and paying to a verified bank account of,
Fiti Tapelu      on behalf of Lineta Uelese",Page Moderated,,,
HELP US TO HELP YOU!,Raising funds to provide medical awareness!,https://static.givealittle.co.nz/assets/hero/a76d5262-0477-4404-bc2b-b361017d22d2-320:False,https://givealittle.co.nz/cause/help-us-to-help-you-1,10,0,146 days to go,Donate,https://givealittle.co.nz/donate/cause/help-us-to-help-you-1,23 Sep 2025,23 Mar 2026,0,Nationwide,1,"At fnd aware nz, we aim to provide a centralised source of global information about functional neurological disorder, which is little known and often misunderstood in Aotearoa.
We have designed pamphlets for distribution explaining the condition when there are none in NZ, and, we have developed a medical lanyard, endorsed by St John's, so your medical information is available if you're unable to speak.
These are valid for many health conditions, and sports our sunflower logo, the symbol for hidden disabilities.
We seek funding for the production of these essential items needed to supply to all New Zealanders!
FND Aware NZ's involvement (page creator)
Our purpose is to provide a centralised source of up to date information regarding the diagnosis, research, treatment and life of functional neurological disorder to benefit all New Zealanders
Use of funds
Production and distribution of pamphlets to neurology departments and gp clinics nationwide.
Manufacture of individualised medical lanyards
Other page links
on Facebook
on YouTube",Production and distribution of pamphlets to neurology departments and gp clinics nationwide.Manufacture of individualised medical lanyards,"Created by, and paying to a verified bank account of,
FND Aware NZ        (Charity)",Page Moderated,,,
Run for Robertson: Standing Beside Our Mate in His Toughest Battle,This is about more than raising money. It's about giving Craig and his family the chance to focus on what matters most - making memories.,https://static.givealittle.co.nz/assets/hero/87f54868-facc-461b-8216-b36101491dbc-320:False,https://givealittle.co.nz/cause/run-for-robertson-standing-beside-our-mate,6185,5000,33 days to go,Donate,https://givealittle.co.nz/donate/cause/run-for-robertson-standing-beside-our-mate,23 Sep 2025,30 Nov 2025,0,Canterbury,46,"For 17 years Craig Robertson was a dedicated and respected member of New Zealand Customs. He not only contributed his skills and professionalism but was also a loyal colleague and friend to many.
At 41, Craig had to step away from the career he loved after recieving the devastating diagnosis of advanced Melanoma. Despite treatment and incredible resilience he has now exhausted all treatment options.
To show support I am taking on the challenge to running the Auckland Half Marathon 2nd of November. Every Kilometre will be run in honour of Craig's strength, courage and the impact he's had on those around him.
Justin Bradley's involvement (page creator)
I have known Craig for a few years but his personality makes it feel like I've known him much longer.
Use of funds
Creating lasting memories and easing the financial pressure during this difficult time by going towards bills and living costs",Creating lasting memories and easing the financial pressure during this difficult time by going towards bills and living costs,"Created by
Justin Bradley  




      Paying to a verified bank account of
Craig Robertson",Page Moderated,,,
Marathon for Anjana,Running our first marathon to raise funds for Anjana's life-saving surgery,https://static.givealittle.co.nz/assets/hero/5638736d-d5b3-458e-a40e-b36a00a280bd-320:False,https://givealittle.co.nz/cause/running-our-1st-marathon-to-raise-funds-for-life,6397,6000,17 days to go,Donate,https://givealittle.co.nz/donate/cause/running-our-1st-marathon-to-raise-funds-for-life,23 Sep 2025,14 Nov 2025,0,"Karangahake, Waikato",56,"Paul and I (Sarah) lived in Kolkata, India for 9 years, establishing The Loyal Workshop, a social business that offers alternative employment to women trapped in the sex trade. 4 years ago, we moved back to Aotearoa, and continue to support our Loyal family from afar. Now Prabhat, our new manager needs our help, as his wife Anjana requires life-saving surgery.
On 15th November, Paul and I will run our first ever marathon in Queenstown, to fundraise for Anjana's surgery. Join our support crew, by donating today! And cheer us on to the finish line. Let's do this team!
----
A message from Prabhat:
I write to you with a heavy heart and deep urgency regarding my wife, Mrs. Anjana Roy, who is currently facing a life-threatening medical crisis.
In December 2024, my wife suffered postpartum complications including acute kidney failure, deep vein thrombosis and recently, gallbladder stones which pierced her gallbladder, causing severe infection. This situation was life-threatening, but by the grace of God her life was spared.
Surgery is now booked for 23rd October 2025, which due to co-morbidities will be extremely high risk. The projected cost is ₹3,00,000 INR (approximately NZD$6,000).
Your contribution—no matter the size—will go directly toward covering the medical expenses of this life-saving procedure. Help reunite a young mother with her baby and daughter.
We deeply value your partnership in our moment of need.
With heartfelt gratitude,
Prabhat Roy
Sarah Beisly's involvement (page creator)
Prabhat is Loyal's new manager and Anjana is his wife.
Use of funds
The money will be spent on life-saving surgery for Anjana",The money will be spent on life-saving surgery for Anjana,"Created by, and paying to a verified bank account of,
      
        Sarah Beisly
      
      on behalf of Life-saving surgery for my employees wife, Anjana Roy",Page Moderated,3,"Last chance to give!
13 October 2025
We are almost there team. This is your last chance to give towards Anjana's surgery.
Here is a message from Anjana's husband Prabhat....
""Words are not enough to express our heartfelt gratitude for your generous support. What once seemed like a distant dream — arranging funds for Anjana’s surgery — is now almost fulfilled because of your kindness and compassion. Anjana will be admitted to the hospital on 20th October for further treatment. We humbly ask you to continue upholding her and our family in your prayers — for a successful surgery and a joyful reunion together soon.""
Share this update
0 comments  |  Login to leave a comment
What on earth?
7 October 2025
You people are so ridiculously generous. We are already two-thirds the way there. I am lost for words. Thanks so much everyone for your amazing support!!! This means the world to Anjana and Prabhat.
Share this update
0 comments  |  Login to leave a comment
Wow!!! Thanks so much for your support
3 October 2025
Together, we have almost reached 25% of our goal.... in just 1.5 days! You people are amazing! Keep up the great mahi. We so appreciate your support
Share this update
0 comments  |  Login to leave a comment",
Journey Of Chris Mcphail,"Help Chris On his fight with the big ""C""",https://static.givealittle.co.nz/assets/hero/363d961c-e606-4e1c-b703-b36100c39a9a-320:False,https://givealittle.co.nz/cause/journey-of-chris-mcphail,55,0,56 days to go,Donate,https://givealittle.co.nz/donate/cause/journey-of-chris-mcphail,23 Sep 2025,23 Dec 2025,0,"Hamilton, Waikato",4,"This Man right here has been in for the fight of his life these past several months Hit with the big ""C"" its been life changing for him and his family it kills me to see him paying for everything out of his own pocket as a lot of treatments that he's required aren't funded here in New Zealand which to me is just mind blowing
He's had to climb mountains on this journey seen doctors on doctors for nothing but the same answer no solutions and its just mind boggling to me so if anyone can spare a dollar to help my best friend and his family by taking some of the financial burdens off it ain't much but anything helps
Use of funds
Every dollar will go straight to him and his family to help pay for more treatments and ease the financial burden for them Have also set up my t-shirt business to help as every shirt sold 5 dollars goes towards there family
Other page links
on Facebook",Every dollar will go straight to him and his family to help pay for more treatments and ease the financial burden for them Have also set up my t-shirt business to help as every shirt sold 5 dollars goes towards there family,"Created by
Ropata Clarke  




      Paying to a verified bank account of
Christopher Mcphail",Page Moderated,,,
Howick College fundraising for I am hope,Students and school staff from Howick College running the Auckland Half Marathon to support other young people facing mental health issues.,https://static.givealittle.co.nz/assets/hero/a0fc84a6-14c5-4f12-8869-b36100b28471-320:False,https://givealittle.co.nz/cause/howickcollege-iamhope,840,0,146 days to go,Donate,https://givealittle.co.nz/donate/cause/howickcollege-iamhope,23 Sep 2025,23 Mar 2026,0,"Howick, Auckland",29,"We are a group of teachers, support staff and students from Howick College in East Auckland. On Sunday 2nd November 2025, we are running the Auckland Half Marathon to raise funds for I Am Hope. This charity seeks to raise awareness of mental health issues affecting young people across New Zealand and helping to support them, so it is a very appropriate cause for us to support.
Use of funds
All funds raised will be donated straight to I am hope Charity",All funds raised will be donated straight to I am hope Charity,"Created by
      
        Howick College.
      







      Paying to a verified bank account of
      
        I Am Hope Foundation
          (Charity)",Page Moderated,,,
Help Kaharau and Our Whānau Heal,Raising funds so my son Kaharau and I can get proper treatment and start feeling well again 🫶,https://static.givealittle.co.nz/assets/hero/63a6af9e-c354-43d3-8338-b361009cc863-320:False,https://givealittle.co.nz/cause/help-kaharau-and-our-whanau-heal,8350,10000,146 days to go,Donate,https://givealittle.co.nz/donate/cause/help-kaharau-and-our-whanau-heal,23 Sep 2025,23 Mar 2026,0,"Tauranga, Bay Of Plenty",242,"Kia ora, my name’s Te Whetūmārama and I’m mum to my beautiful boy, Kaharau, who’s nearly one.
Since he was just a few months old, we’ve been on a tough journey with his skin. He developed severe eczema that kept getting infected with staph and yeast. We’ve tried so many things, doctors, antibiotics, diet changes, natural remedies and while some things help a bit, nothing has given him long-term relief.
Most days his skin is sore and itchy. He scratches until he bleeds, wakes through the night uncomfortable, and misses out on just being a carefree baby. Watching him go through this has been the hardest thing as a mum.
It’s also taken a big toll on me. I’ve ended up with bad eczema myself, recurring staph infections, and gut issues from all the stress. Because I’m still breastfeeding, my health affects his too, so I need to heal alongside him.
We are now looking at overseas options for treatment, as what we’ve tried here in NZ hasn’t been enough. But the costs for travel, consults, and treatment are just too much for us to cover alone, which is why I’m reaching out for help, something I never thought I’d do.
Any support will go towards getting both Kaharau and myself the care we need to get better. Even if you can’t donate, sharing this with others makes a huge difference.
From the bottom of my heart, thank you for standing with us and believing in a brighter, healthier future for my boy and our whānau.
Arohanui,
Te Whetūmārama 🌸
Use of funds
Unfunded or partially funded specialist consults, treatments, tests, and daily medical supplies (ointments, creams, sprays, dressings, and probiotics) for Kaharau and myself, support for my own health including vitamins, supplements, probiotics, and gut health support so I can continue breastfeeding and caring for him.
If specialists recommend it funds will also go towards overseas travel and treatment. I will post a page update if we need to go overseas for treatment.
Other page links
on Facebook
on Instagram","Unfunded or partially funded specialist consults, treatments, tests, and daily medical supplies (ointments, creams, sprays, dressings, and probiotics)  for Kaharau and myself, support for my own health including vitamins, supplements, probiotics, and gut health support so I can continue breastfeeding and caring for him.If specialists recommend it funds will also go towards overseas travel and treatment. I will post a page update if we need to go overseas for treatment.","Created by, and paying to a verified bank account of,
Te Whetūmārama Nuku",Page Moderated,,,
Supporting Alan Through His Multiple Myeloma Treatment,Raising money to support Alan James through his multiple myeloma treatment.,https://static.givealittle.co.nz/assets/hero/ece2a2cb-d120-498e-84db-b360015961f5-320:False,https://givealittle.co.nz/cause/supporting-alan-through-his-multiple-myeloma,1985,0,329 days to go,Donate,https://givealittle.co.nz/donate/cause/supporting-alan-through-his-multiple-myeloma,22 Sep 2025,22 Sep 2026,0,Auckland,26,"In April 2025 Alan fell ill very suddenly and was diagnosed with stage 3 Multiple Myeloma (blood cancer). It was also discovered his kidneys were not working and he requires regular dialysis.
He has been extremely unwell due to these diagnoses and cannot carry on as before, he spends many hours at the hospital each week and can no longer work.
The drugs funded in New Zealand for this type of cancer are very old, and unfortunately did not work to treat Alan’s cancer. He is now seeking private treatment with newer drugs that will hopefully give him a better chance. These drugs are not funded and Alan and Michelle are having to pay for these out of pocket. They have been recommended Daratumumab, which is $51,000 for the first two months of treatment. Ongoing treatment will continue to be very expensive but at this point we have to see how the first two months go.
We have made this page in hopes of relieving some of the financial burden this treatment will place on Alan and his whānau. We are so grateful for any support that you are able to give.
Ruby James' involvement (page creator)
Alan is my father-in-law.
Use of funds
Any funds raised will go towards Alan’s medical treatments and related costs.",Any funds raised will go towards Alan’s medical treatments and related costs.,"Created by
Ruby James  




      Paying to a verified bank account of
Michelle Zarnich-James      on behalf of Alan James",Page Moderated,,,
The Scotland Street Marathon for Victim Support,Running a marathon a year after being run over by a concrete mixer,https://static.givealittle.co.nz/assets/hero/7f5f61d8-14e2-4c3b-a566-b36000f2a95d-320:False,https://givealittle.co.nz/cause/the-victoria-park-marathon-for-victim-support,20,0,51 days to go,Donate,https://givealittle.co.nz/donate/cause/the-victoria-park-marathon-for-victim-support,22 Sep 2025,18 Dec 2025,0,Auckland,1,"On December 17th 2024 I got run over by a concrete mixer while riding my bike on the cycle lane that runs down Franklin Road in Auckland. A year later, on December 17 2025, I'm gonna be running a marathon starting and finishing on Scotland St, starting at 5am. The route will go to Buoy Café along Westhaven Marina and to the Silos, in a 6,8km loop.
I'm gonna be raising funds for Victim Support. It's a 24/7 service that supports people directly affected by crime and traumatic events, including their whānau and witnesses. After the accident, the physical challenges were clearly there but the mental ones were bigger and still persist to this day.
I am very grateful to have friends and family support me, especially on my weakest days. Some people don't have the support system to help them cope with a situation like that. Victim Support is there to fill that gap. It's the invisible work that happens after an accident. Everyone sees the medical help, from firefighters, police, ambulance services, doctors or nurses, although nurses could use way more recognition (but that's a topic for another day). But the mental consequences of a traumatic event aren't as easy to see although they arguably harder to deal with.
Running loops at 5am isn't most people's idea of ""fun"". It is a mental challenge as well as a physical one. So if you have no plans on 17th December 2025, come down to Westhaven to run a lap or cheer or hang out, or simply donate here. The more we can do the better.
Berta Salafranca's involvement (page creator)
After my accident I felt extremely lucky to have my friends and family's support. Everyone deserves to feel that and especially those who don't have a solid support system around them.
Use of funds
Manaaki Tāngata | Victim Support is a 24/7 service for people directly affected by crime and traumatic events, including their whānau and witnesses. They support people so that they feel informed, empowered, safe and able to cope with the impact.
Other page links
www.victimsupport.org.nz","Manaaki Tāngata | Victim Support is a 24/7 service for people directly affected by crime and traumatic events, including their whānau and witnesses. They support people so that they feel informed, empowered, safe and able to cope with the impact.","Created by
Berta Salafranca  






      Paying to a verified bank account of
      
        New Zealand Council of Victim Support Groups
          (Charity)",Page Moderated,,,
Help support our friends & Morehus journey & recovery ❤️‍🩹,Supporting Morehus health and recovery journey while relieving the financial strain on his family.,https://static.givealittle.co.nz/assets/hero/5603d320-2f9d-4895-99fa-b36000dd9e39-320:False,https://givealittle.co.nz/cause/help-support-our-friends-and-morehus-journey,14842,0,closed,Read more,https://givealittle.co.nz/cause/help-support-our-friends-and-morehus-journey,22 Sep 2025,22 Oct 2025,0,"Waitara, Taranaki",197,"On Wednesday the 17th of September 2025
Morehu was taken to hospital after a sudden, unexplained medical event which left the left side of his face paralysed and suspicions of a stroke or the likes of.
After many tests Morehu & Sadonie recieved the unfortunate news on Saturday morning that Morehu has a brain tumour, and would need to make the trip to Wellington for brain surgery.
This has obviously been a shock to the family & devastating news for Morehu, Sadonie & their 2 young boys of 6 and 2 years old.
I have set this page up to help raise funds to support our friends financially at this time.
Neither Sadonie or Morehu are able to work during this time while Morehu is on his medical treatment and recovery journey.
I would love for us to help take some of the financial burden away so we can help Sadonie & Morehu focus on what is important at this time.
On behalf of the Knuckey/James whanau I thank you in advance for your generosity and support and any contribution - big or small.
With love.
Hannah Walker's involvement (page creator)
Friend of Sadonie & Morehu.
Use of funds
Any money raised will go directly to Sadonie & Morehu to help cover financial expenses while both are unable to work.",Any money raised will go directly to Sadonie & Morehu to help cover financial expenses while both are unable to work.,"Created by
Hannah Walker  




      Paying to a verified bank account of
Sadonie James",Page Moderated,,,
Moving it for Meningitis,Support Dion's mum Todd to raise funds to help raise awareness and produce resources to help prevent students from contracting meningitis.,https://static.givealittle.co.nz/assets/hero/aa42154e-3cb0-4c4e-862a-b36000a7eac4-320:False,https://givealittle.co.nz/cause/moving-it-for-meningitis,3535,7500,3 days to go,Donate,https://givealittle.co.nz/donate/cause/moving-it-for-meningitis,22 Sep 2025,31 Oct 2025,0,Nationwide,66,"Dion Hodder, affectionately known as D to his mates and Dion Ty when he was in trouble with his mum, was taken from his family in October 2018 by meningococcal septicaemia at the tender age of 16.
In the days before his death, Dion had just a bit of a cough. He was very body aware and insisted he didn’t need a doctor — “they’re just gonna say it’s a virus and I need to rest.” Trusting his instincts, he went ahead with plans for a St John cadet camp. But once there, things changed quickly. Dion began vomiting, had very little appetite, and just wasn’t himself — unusual for a teenage boy who was normally full of energy.
Within 24 hours he was critically unwell and airlifted to Auckland Hospital. By the time his family reached him, blotching had appeared on his skin and machines were keeping him alive. Only six hours after arriving at hospital, Dion’s heart stopped. His family said goodbye far too soon.
Since that day, his mum Todd has been determined to make a difference — to raise awareness of meningococcal disease and help prevent other families from suffering the same devastating loss. This October, she will walk 172.6 km from Oamaru to Ashburton along SH1, honouring Dion’s memory with every step.
Her goal is to raise $7,500 for the Meningitis Foundation to continue their vital work educating communities about the signs and symptoms of this deadly disease.
Every step is for Dion and every kilometre is for another family who might be spared this heartbreak. Every second counts.”
About us
MFANZ promotes the prevention, control and awareness of meningitis. Meningitis can often result in death, loss of limbs, brain damage or other permanent disabilities. We advocate for improved access to vaccines to save lives. Every Second Counts.
Use of funds
The money will be spent on creating more information and resources for students aged 15 - 25 throughout New Zealand to help raise awareness of the disease, its symptoms and the best ways to protect themselves from contracting it.
Other page links
on Facebook
www.meningitis.org.nz","The money will be spent on creating more information and resources for students aged 15 - 25 throughout New Zealand to help raise awareness of the disease, its symptoms and the best ways to protect themselves from contracting it.","Created by, and paying to a verified bank account of,
      
        The Meningitis Foundation Aotearoa New Zealand
          (Charity)",Page Moderated,,,
"Help Sabina, Phil, and Baby Koa , Through This Challenging Time","Support Sabina, Phil, and newborn Koa as they face Guillain-Barré Syndrome and medical costs after an emergency treatment journey.",https://static.givealittle.co.nz/assets/hero/5794b4bd-f5a5-42fb-a773-b35f01598914-320:False,https://givealittle.co.nz/cause/help-sabina-phill-and-baby-koa-through-this,3430,0,closed,Read more,https://givealittle.co.nz/cause/help-sabina-phill-and-baby-koa-through-this,22 Sep 2025,25 Sep 2025,0,"Wanaka, Otago",50,"Sabina and Phil are a loving, devoted couple navigating an unimaginable health crisis while caring for their newborn son, Koa. Two months ago, their family welcomed Koa with joy and hope. Since then, life has taken a sudden, brutal turn.
Around five weeks Sabina began experiencing concerning symptoms that gradually intensified. After a period of uncertainty, she was diagnosed with Guillain-Barré Syndrome (GBS). The diagnosis came three weeks after symptoms started and five weeks after they began, a timeline that has left the family overwhelmed and exhausted.
Sabina and Phil sought urgent care in Dunedin, where Sabina started IVIG treatment from September 8 to September 13. While the medical team did everything possible, Sabina was discharged with partial mobility. Within a week at home, Sabina’s pain intensified and her mobility worsened, necessitating an ambulance trip from Queenstown back to Dunedin, where it was determined that she needed the 2nd stage of treatment, Plasma Exchange, through the jugular vein.
The toll on Sabina has been immense. As a new mother unable to attend to their three-month-old, she carries the emotional weight of not being able to care for Koa. Phill has stepped away from work to be by Sabina’s side and support their family, but the strain is immense. They are a small, close-knit family navigating medical appointments, urgent transports, accommodation costs, and the daily demands of caring for a newborn.
Your generosity brings hope, thankyou 🙏
Mel McLeod's involvement (page creator)
""I'm Sabina and Phil's friend, and this page exists to support them in this extremely challenging time and to raise funds and awareness for there situation
Use of funds
Practical care: Physiotherapy, occupational therapy, pain management, and mobility aids
Medical expenses: Treatments not fully covered by funding, prescriptions, and supplements
Travel costs
accommodation costs
Day-to-day living costs
Other page links
on Facebook","Practical care: Physiotherapy, occupational therapy, pain management, and mobility aidsMedical expenses: Treatments not fully covered by funding, prescriptions, and supplementsTravel costsaccommodation costsDay-to-day living costs","Created by
Mel McLeod  




      Paying to a verified bank account of
Phill Metekingi",Page Moderated,3,"Thankyou
25 September 2025
Hi everyone,
We want to extend our heartfelt thanks to each of you for the incredible support you’ve given Sabina, Phillip, and Baby Koa through Givealittle. Your kindness, prayers, and generosity have meant the world to us during this journey.
As the page nears closure, please know that your impact will be remembered forever. We are deeply grateful for the love and encouragement you’ve shared.
With gratitude,
Mel McLeod and the Sabina, Phillip, and Baby Koa team
Share this update
0 comments  |  Login to leave a comment
The daily uncertainties for Sabina
24 September 2025
Thank you all for the overwhelming support for Sabina, Phil, and baby Koa. Here’s a brief, honest update on Sabina’s medical status and what lies ahead.
Sabina continues to face a severe presentation of Guillain-Barré Syndrome in Dunedin. She is no longer able to stand, even with a walker, and pain is intensified. The medical team is carefully balancing pain control to keep her as comfortable as possible while avoiding over-sedation. Transfusions are proceeding as clinically indicated to support oxygen delivery and stability. Nutrition and swallowing safety remain a priority; speech and language therapists are assessing the safest ways to keep her nourished and hydrated. Sabina has described a tight, rubber-band sensation around her hands and limbs, a distressing but understood part of nerve involvement.
Emotionally, this is a profoundly challenging time. Sabina is separated from newborn Koa and partner Phil, though her mother and father have joined them from the UK to support Sabina in Dunedin. We hold onto hope while acknowledging the daily uncertainties.
Plan ahead: once Sabina stabilises from transfusions, the team will plan a transfer to rehabilitation to maximise nerve recovery and mobility. Ongoing reassessment of pain, swallowing, and respiratory status will guide adjustments in care. We’ll share updates as they occur, while respecting Sabina’s privacy.
Thank you for your generosity and prayers. Your support makes a real difference during this difficult journey.
Share this update
0 comments  |  Login to leave a comment
What is Gillian barr Syndrome
22 September 2025
Update on Sabina’s Condition and a Brief Guide to Guillain-Barré Syndrome (GBS)
Hi everyone, I want to share a personal update about Sabina and offer a clear overview of Guillain-Barré Syndrome (GBS) to help people this condition. GBS is a rare neurological disorder where the immune system attacks peripheral nerves, causing weakness, tingling, and sometimes paralysis. It often follows a viral or bacterial infection, though triggers aren’t always found. The course varies: initial leg symptoms can progress to arms and face; many people recover fully or improve over weeks to months with treatment and rehab. Treatments include IVIg, plasmapheresis, and supportive care like pain management and therapy.
Sabina’s journey so far: she was diagnosed after developing progressive weakness and tingling. She’s started treatment and is being closely monitored for breathing, heart, and overall function. Medical teams emphasize gradual rehab and patience—recovery takes time, but improvement is common with support. Partners and friends can make a real difference by offering practical help, emotional support, and patient presence.
Ways to support someone with GBS: learn the basics, be present and patient, assist with daily needs and appointments, encourage open communication, respect medical directions, protect mental health, and plan for the future with flexible goals.
Thankyou for taking the time to reade this update
Share this update
0 comments  |  Login to leave a comment",
Support Raza’s Fight Against Brain Tumor,"Raza, 19, is fighting a brain tumor. Help us raise the final $7,000 for his life-saving treatment.",https://static.givealittle.co.nz/assets/hero/9e105cff-8ef8-4598-8854-b35f018319f7-320:False,https://givealittle.co.nz/cause/support-razas-fight-against-brain-tumor,1343,7000,closed,Read more,https://givealittle.co.nz/cause/support-razas-fight-against-brain-tumor,21 Sep 2025,5 Oct 2025,0,Auckland,20,"Mohammed Raza Ahmed, a 19-year-old male from Nadi, Fiji, has been diagnosed with a brain tumor, known as a Right Temporal Tumor. This type of tumor affects the part of the brain that controls memory and hearing, and it has already begun to impact Raza’s daily life.
Raza is currently admitted at Lautoka Aspen Hospital, where an overseas neurosurgeon confirmed his diagnosis. His condition is worsening every day, and urgent treatment is needed.
The cost of his treatment, along with travel and accommodation for Raza and his father (who will be his medical attendant), is estimated at $40,000 FJD. Thanks to generous support, we have already secured airline tickets for Raza and his father for October 4th. However, we are still short of $7,000 FJD to cover the remaining expenses while in India. For living costs, transport etc.
Every day counts. Raza is a bright young man with his whole future ahead of him, but he cannot fight this battle alone. With your kindness and generosity, you can give Raza the chance to receive life-saving treatment and a second chance at life.
Please donate what you can, and share Raza’s story with others. Together, we can make hope possible.
Nazrana Ali's involvement (page creator)
Friend of family.
Use of funds
For Raza's treatment. Flights to India and back. Accommodation for Raza and his father while they are in India.",For Raza's treatment.  Flights to India and back.  Accommodation for Raza and his father while they are in India.,"Created by, and paying to a verified bank account of,
      
        Nazrana Ali
      
      on behalf of Raza's father, Mohammed Aiyaz",Page Moderated,2,"Raza has now reached India for his treatment.
10 October 2025
Raza has now reached India for his treatment.
His surgery is confirmed to take place on Saturday 11th October 2025.
The hospital has conducted all required tests also.
After surgery still some tests will be left to take place as explained to his father by the Doctor In Charge.
Raza is keen to get the surgery done so he can start his healing journey.
Share this update
0 comments  |  Login to leave a comment
Raza's health update
25 September 2025
I spoke with Raza’s father yesterday, and he shared some changes they’ve been noticing. Raza has recently started showing signs of being more stubborn and at times acting younger than his age. He can also become aggressive on occasion. These changes are challenging for the family, but they remain hopeful and are continuing to do everything they can to support him.
Your kindness and contributions mean so much to Raza and his family during this difficult time. Every bit of support helps them navigate these new challenges, and they are deeply grateful to each of you for standing beside them.
Share this update
0 comments  |  Login to leave a comment",
Top Surgery,"Helping heal a misplaced soul, giving him the body, mind and soul of who hes meant to be.",https://static.givealittle.co.nz/assets/hero/e9e5326d-a93d-4913-80c9-b35e0138621e-320:False,https://givealittle.co.nz/cause/top-surgery-14,26.24,100000,327 days to go,Donate,https://givealittle.co.nz/donate/cause/top-surgery-14,20 Sep 2025,20 Sep 2026,0,"Christchurch, Canterbury",4,"Public waitlists are full, or are no longer accepting anymore people due to changes with the government's, some hospitals no longer give these surgeries to people anymore.
Hi 👋🏻 I'm Maxx, im 24 and came out as transgender this year!
I thankfully have the emotional support of my family and a few odd friends, and am greatful for everything and everyone.
But the costs alone for either of the two main surgeries I need cost an arm and a leg and probably a house deposit...
I am here seeking help to raise the funs for the first surgery! Top surgery 🤞🏻
I appreciate all help and or shares! I want to be me, the person I am, I want to feel happy with myself, my body and my mind so please join me on this journey.
Please see my previous Givealittle page here: https://givealittle.co.nz/cause/tedious-top-surgery
Use of funds
All funds raised will go towards top surgery. Removing the breast tissue to flatten my chest to look more masculine.
If my goal is not met, I will hold the funds in a savings account until I reach my goal.","All funds raised will go towards top surgery. Removing the breast tissue to flatten my chest to look more masculine.If my goal is not met, I will hold the funds in a savings account until I reach my goal.","Created by, and paying to a verified bank account of,
      
        Maxx Pitkethley",Page Moderated,,,
"Ben, Our Gilmours Hero",Support our treasured driver Ben as he recovers from a devastating accident—please donate to help him and his family.,https://static.givealittle.co.nz/assets/hero/61d56724-5877-420c-9525-b35e00d7cb75-320:False,https://givealittle.co.nz/cause/ben-our-gilmours-hero,40876.7,0,327 days to go,Donate,https://givealittle.co.nz/donate/cause/ben-our-gilmours-hero,20 Sep 2025,20 Sep 2026,1,"Whangaparaoa, Auckland",431,"He has already received numerous surgeries and will continue to have many more throughout his recovery process.
Gilmours North Shore are here for him throughout his rehabilitation journey, and we have set up this “Give a Little” page for him, so he can concentrate on getting better without financial worries for himself or his beloved family who are supporting him during this difficult time.
One of our treasured drivers, Ben was in a life changing, devastating accident this week while delivering to our valued customers.
Ben was tragically hit by a car from behind while he was getting stock out of the back of his truck, causing ben to receive horrific injuries.
Everyone knows that Ben is an extremely popular Team Member, is always bubbly, throwing jokes around and full of mischief and therefore we want to do everything we can to help him.
Please give a donation in support of Ben throughout this journey.
We will give updates as we receive them.
Thank You for your kindness, support and compassion.
Karen Blair's involvement (page creator)
A valuable and loved member of our team
Use of funds
Rehabilitation and recovery, day to day living costs helping Bens parents be by his side during this time","Rehabilitation and recovery, day to day living costs helping Bens parents be by his side during this time","Created by
Karen Blair  




      Paying to a verified bank account of
Ben Pope",Page Moderated,1,"Update o Ben
14 October 2025
Posted by: Givealittle
Hello, my friends…. this is Ben with a wee update. After 2 stays in ICU, 4 surgeries, and a 3 week stay in Auckland hospital, I was transferred to North Shore Hospital late last week. I still have a long way to go on this journey that has been thrust upon me, but I’m determined and strong willed and with the support of many around me, will get through this. My family and I would personally like to thank the many generous donors not only for their financial donations but also their kind words, love and support. It truly has meant the world to us.
Share this update
3 comments  |  Login to leave a comment
14/10/2025 by Nick
Hi Ben ,it's great to get a progress report from you .We are all thinking of you and your family as you continue your road to recovery from your terrible accident .
Kind Regards Nick ( Sales ) Gilmours Mt Roskill
14/10/2025 by Sonia
Hey Ben.
Me and van, have been thinking about you alot. Its so good to hear from you, its really made my day! we really miss you & hope for the best for you always.
Every Tuesday when delivery is due, we always think about you and your positive nature.
Cheers buddy!! Van & Sonia ( Peninsula Bakery) life time of free drinks & food.
15/10/2025 by Leonie
So good to hear from you! So many of our customers have been asking how you’re doing. So I can update them now! Thinking of you and your family. Leonie xx","on 21 Sep 2025
Private asks
Wouldn't he be covered by ACC for work related injury and work for that matter!! Why make out he gets nothing because of accident?
This question has not been answered yet."
Support New Self-Employed Midwives in Te Awa Kairangi/the Hutt Valley 2025-2026,Self-employed midwives face huge costs in setting up before they can practise as a midwife. Help us support them to work in our community.,https://static.givealittle.co.nz/assets/hero/48c247a3-3639-4aee-a139-b35e00cb191c-320:False,https://givealittle.co.nz/cause/supporting-newgrad-lmcmidwives-hutt-2025-2026,15,4000,153 days to go,Donate,https://givealittle.co.nz/donate/cause/supporting-newgrad-lmcmidwives-hutt-2025-2026,20 Sep 2025,31 Mar 2026,0,"Wellington, Lower Hutt City",1,"Midwifery students have up to 4 years of intense study before practising as a Registered Midwife. They spend a minimum of 2400 hours of clinical work caring for whānau in an UNPAID capacity. Bachelor of Midwifery degree demands are high, making it hard to fit in other paid work to cover living and studying costs. Much of their final year is spent providing 24 hour on-call cover alongside their midwifery mentor.
On completing their degree, they are required to pay exam fees as well as professional registration and annual practising certificate fees. Self-employed LMC midwives have additional business, clinical equipment set up, compulsory training and professional subscription costs too. We estimate an average setting up cost of $4000. Student loan repayments begin too. The limited funding available only covers a fraction of these costs.
We hear from new midwives that are struggling to pay for the costs of setting up, but also can't practise as a midwife until these costs have been paid. LMC midwives have to build up a caseload of clients over time and can only claim minimal amounts for the first months until their clients are due to birth.
There is such a shortage of midwives practising due to the pressures they face. New midwives need support NOW.
We want to provide funding towards these costs to encourage and support more midwives to work in our community. Please join us in giving new midwives a warm welcome and strong start to their midwifery career in the Hutt.
About us
Oxytocin Trust (formerly named Hutt Maternity Action Trust) is an independent Charitable Trust which focuses the energy of our community to support those birthing in the Hutt Valley. Oxytocin is the love hormone in birth, and it gets things moving!
Use of funds
All funds raised will go towards supporting new self-employed midwives working in Te Awa Kairangi/the Hutt Valley by contributing towards their costs to set up their midwifery practice.
Other page links
on Facebook
on Instagram
oxytocintrust.org.nz",All funds raised will go towards supporting new self-employed midwives working in Te Awa Kairangi/the Hutt Valley by contributing towards their costs to set up their midwifery practice.,"Created by, and paying to a verified bank account of,
      
        Oxytocin Trust
          (Charity)",Page Moderated,,,
"Much loved son, brother, uncle and great uncle",Loving family man trying to get more time with his family,https://static.givealittle.co.nz/assets/hero/cb26a811-03df-4f8c-9cc1-b35d012e77a1-320:False,https://givealittle.co.nz/cause/roy-holroyd-natural-cancer-treatments,904,0,326 days to go,Donate,https://givealittle.co.nz/donate/cause/roy-holroyd-natural-cancer-treatments,19 Sep 2025,19 Sep 2026,0,"Waipu, Northland",16,"Roy Nelson Holroyd is my eldest uncle and he has stage 4 prostrate cancer which has spread to his bones, which caused his right femur to just break, causing him to spend 2 months in hospital with two surgery and is having natural treatments to prolong a better quality of life. To fund unfunded natural cancer treatments such as high vitamin c infusions weekly and salvestrol tablets and more as well as travel costs for many appointments.This costs at least $500 per week.
alexis holroyd's involvement (page creator)
He is my eldest uncle and great uncle to my first baby
Use of funds
Natural cancer treatments and appointment costs as well as travel costs
Other page links
on Facebook",Natural cancer treatments and appointment costs as well as travel costs,"Created by, and paying to a verified bank account of,
alexis holroyd      on behalf of Roy Nelson Holroyd",Page Moderated,1,"Thank you
27 September 2025
Thanks so much to everyone who has been kind enough to donate to help Roy out we all appreciate it immensely thank you all for your kindness.
Share this update
0 comments  |  Login to leave a comment",
Support Our Wonderful Julie Wulie,Support Julie Wulie 💛 She brings magic to our kids every day. Help with her surgery costs so she can recover & keep inspiring,https://static.givealittle.co.nz/assets/hero/8ac40182-982d-4bf2-b1a3-b35d00e3134c-320:False,https://givealittle.co.nz/cause/support-our-wonderful-julie-wulie,8849.98,0,52 days to go,Donate,https://givealittle.co.nz/donate/cause/support-our-wonderful-julie-wulie,19 Sep 2025,19 Dec 2025,0,"Chatswood, Auckland",72,"Julie Wulie is truly one of a kind. Every day she brings magic, joy, and boundless energy into the lives of our children. Her creativity, warmth, and care create a nurturing space where tamariki feel safe, celebrated, and inspired to grow.
Julie doesn’t just teach – she creates magic. Whether it’s the little traditions she builds, the stories she shares, or the way she makes every child feel special, Julie has a gift for turning ordinary moments into extraordinary memories. Our children thrive because of the love and dedication she pours into them.
Sadly, Julie is now facing a challenge. With a two-year waitlist in the public health system for hip replacement surgery, she has chosen to go ahead and fund the surgery privately so that she can return to living and moving comfortably sooner. This decision allows her to focus on her health and recovery without the long delays, so she can continue doing what she loves most — bringing joy and energy to the children in her care.
This page has been set up to help Julie with the significant costs of her surgery and recovery – and more importantly, to show her just how valued she is. Every contribution, no matter the size, is a way of saying thank you for the magic she has created in our children’s lives.
Let’s come together as a community to support Julie, just as she has always supported our little ones.
Arohanui
Colette Williams' involvement (page creator)
Parents of Chelsea Kindergarten
Use of funds
Surgery costs",Surgery costs,"Created by
Colette Williams  




      Paying to a verified bank account of
Julie Killick",Page Moderated,1,"Afternoon Tea
9 October 2025
Dear Parents and whānau,
We will be having an afternoon tea tomorrow at 1.45pm to send Julie off with all our best wishes for her hip surgery next week. All are welcome. Hope to see you all tomorrow.
From Team Chelsea
Share this update
0 comments  |  Login to leave a comment",
"After years of pain, falls, and medical frustration, we finally have hope.",My dad has been in constant pain for over a year. We finally have hope with a surgery that can get him out of Chronic Pain.,https://static.givealittle.co.nz/assets/hero/bfe05b75-9a14-4e20-a2ee-b35c017ab6b7-320:False,https://givealittle.co.nz/cause/after-years-of-pain-falls-and-medical-frustration,340,40000,325 days to go,Donate,https://givealittle.co.nz/donate/cause/after-years-of-pain-falls-and-medical-frustration,18 Sep 2025,18 Sep 2026,0,"Warkworth, Auckland",10,"After more than a year of pain, falls, and medical frustration, we finally have hope.
My dad has been living in constant, severe pain following a series of bad falls that left him struggling with what was first believed to be post-trauma arthritis.
Over time, the pain only got worse — until it became unbearable.
He’s now on multiple pain medications just to get through the day. But those meds come with serious side effects: he’s lost his appetite, struggles to work,
and is barely able to live a normal daily life. It’s heartbreaking to watch someone you love suffer like this.
Now — finally — there’s a light at the end of the tunnel.
A new specialist believes there is a surgery that could relieve his pain and allow him to live normally again. But his insurance doesn’t cover it, and we’re facing around $45,000 in out-of-pocket costs for the surgery, recovery, and ongoing care + time off work living cost for 3-6 months .
If you’re reading this, we’re asking for your help — even a small donation can make a difference. If you can’t give, sharing this with your community
means just as much.
We want nothing more than to see him pain-free, able to eat, move, and live again without depending on medications that are now hurting more than helping.
Thank you for reading, for donating, and for caring.
We’ll keep updating this page as we go — and we’re so grateful for your support.
Use of funds
The money will be spent on the surgery, recovery costs and hopefully some bills whilst he is off work to support his wife & home.
Other page links
on Facebook
on Instagram","The money will be spent on the surgery, recovery costs and hopefully some bills whilst he is off work to support his wife & home.","Created by, and paying to a verified bank account of,
      
        Courtney McConnell
      
      on behalf of Marty McConnell",Page Moderated,,,
A little help for a big smile,Support Morgan’s journey on medically required and life changing jaw surgery to correct a severe class II Malocclusion.,https://static.givealittle.co.nz/assets/hero/af35828a-6001-4905-9057-b35c0154c3dc-320:False,https://givealittle.co.nz/cause/a-little-help-for-a-big-smile,3510,20000,141 days to go,Donate,https://givealittle.co.nz/donate/cause/a-little-help-for-a-big-smile,18 Sep 2025,18 Mar 2026,0,Wellington,40,"Our daughter Morgan is full of zest, laughter, and the kind of humor that lights up any room. She loves playing netball with her friends and throws herself into life with energy and joy.
But Morgan has a serious jaw condition that requires surgery, this is medically urgent and needs to scheduled as soon as possible. This will give her the healthy smile and confidence she deserves. On the more serious side, simple things like eating properly and growing into her teenage years will become harder. We have been in consultation with an orthodontist for a year and have been referred to a specialist orthodontist where we received the news.
As parents, we want to give her every chance to keep chasing her dreams on the netball court and beyond — but the cost of this surgery is more than we can manage on our own.
With your help, we can give Morgan the future she deserves: one full of laughter, confidence, and smiles. Every donation, big or small, brings us closer to making that happen. Thank you for being part of Morgan’s journey.
The funds we have will cover all further consultations, the extender plate and post surgery braces. We are raising funds for the surgery itself which is $20 000. We are doing everything we can from our end, if you have the means we have started a give a little page ❤️
**we will post the updated medical report as soon as we receive it**
Priscilla Kruger's involvement (page creator)
She is our beautiful daughter
Use of funds
All funds raised will contribute towards the money needed for the surgery",All funds raised will contribute towards the money needed for the surgery,"Created by, and paying to a verified bank account of,
Priscilla Kruger      on behalf of Our daughter, Morgan Kruger",Page Moderated,2,"Appointment with surgeon
7 October 2025
Hi there everyone, we have secured an appointment with the surgeon that will perform the procedure which is good news as securing these appointments in a relative short period can sometimes be difficult. The appointment is set for the 3rd of November. We will update again and keep everyone up to date. Thank you for all the donations, it is appreciated.
Share this update
0 comments  |  Login to leave a comment
Update
29 September 2025
We are 12% there ! Thank you to everyone for your generosity. Next we will be dropping off 1000 flyers at 1000 houses in our neighbourhood. We are also booking sausage sizzle fundraiser events over weekends. We are waiting for an appointment with the surgeon in Wellington. We will continue to keep you posted as we go.
Share this update
0 comments  |  Login to leave a comment",
A little goes a long way for the Knott Family,A chance to give back to those who always give !,https://static.givealittle.co.nz/assets/hero/38318d2f-f643-4e27-8d7e-b35c01425a66-320:False,https://givealittle.co.nz/cause/a-little-goes-a-long-way-for-the-knott-family,465,0,51 days to go,Donate,https://givealittle.co.nz/donate/cause/a-little-goes-a-long-way-for-the-knott-family,18 Sep 2025,18 Dec 2025,0,"Waipawa, Hawke's Bay",12,"A lifetime of always lending a helping hand to friends, family and anyone who needs it, this loving ,giving couple need a helping hand in return
From a 30 year farming past into the truck driver he is now Ian has always worked long hard hours to support his family, he will go out of his way to lend a hand (big or small) to anyone in need. He is caring, loving, funny and has always been fit and healthy.
After being rushed into hospital 3 weeks ago after not feeling quite himself for a while, Ian now faces an uncertain future while waiting for answers.
My parents dont know whats next or what the future holds. It is not yet known if Ian will be able to return to work (after treatment etc) or what this could look like, they have the full support of their family behind them however there is only so much we can do.
We are looking for your support, even a little goes a long way, so if you are able to help, it will be very much appreciated
Thank you from the bottom of our hearts 💕
Wendy Sheehan's involvement (page creator)
My parents who have always been there for me and our family
Use of funds
Costs to get to and from treatments, assistance to what was a one income family to help ease the struggle and financial burden during this trying time
Other page links
on Facebook","Costs to get to and from treatments, assistance to what was a one income family to help ease the struggle and financial burden during this trying time","Created by, and paying to a verified bank account of,
Wendy Sheehan      on behalf of Ian & Kathryn Knott",Page Moderated,,,
Help us to keep The Billy Guyton Foundation operational.,"After the loss of Shane Christie, we need to get BGF back up and running to continue his mission of advocating for CTE sufferers.",https://static.givealittle.co.nz/assets/hero/768d752a-a3c6-4925-8fc0-b35c00e838e1-320:False,https://givealittle.co.nz/cause/the-billy-guyton-foundation,7340,20000,325 days to go,Donate,https://givealittle.co.nz/donate/cause/the-billy-guyton-foundation,18 Sep 2025,18 Sep 2026,0,Nelson,97,"In May 2023, former professional rugby player Billy Guyton Died tragically after years of struggling with the effects of repeated concussions. After his passing, he became the first professional rugby player diagnosed posthumously (NZ) with Stage 2 CTE, a brain disease caused by repeated head trauma.
Billy’s close friend and teammate Shane Christie, who had also battled post-concussion syndrome and suspected CTE for nearly a decade, founded the Billy Guyton Foundation (BGF). Shane poured in his own money and energy while struggling himself, determined to make sure others wouldn’t suffer alone as he and Billy had.
Shane advocated loudly for change, but tragically, on 27 August 2025, he too lost his life to the devastating effects of suspected CTE.
Right now, our focus is to : To support people in Aotearoa living with concussion TBI and suspected CTE to access treatment and recovery options that aren’t covered by ACC including hormone therapy, biofeedback, and holistic care. All funds raised will go directly towards helping people receive the care they need and deserve. We are an Incorporated Charitable Trust NZBN 9429052636806 and are in the process of registering as a charity so we can grow this mahi and reach more whānau in need.
Your koha helps us keep this kaupapa alive for Billy, for Shane, and for everyone fighting the same fight they once did.
Ngā mihi nui for standing with us 💙
Coutrney Hayford's involvement (page creator)
I am a friend of Shane, Billy, Holly and Tori. I want to do all I can to share Shane and Billy's legacy and see the Billy Guyton Foundation support impacted people.
Use of funds
All proceeds will go towards getting the charity officially registered and running. and to help people with sports-related head injuries like Billy and Shane, who often haven't had access to the care they needed.
Other page links
www.billyguyton.org","All proceeds will go towards getting the charity officially registered and running. and to help people with sports-related head injuries like Billy and Shane, who often haven't had access to the care they needed.","Created by
Coutrney Hayford  




      Paying to a verified bank account of
Billy's Sister Tori Guyton      on behalf of The Billy Guyton Foundation",Page Moderated,1,"A Heartfelt Thank you
7 October 2025
Posted by: Billy's Sister Tori Guyton
We just want to say a heartfelt thank you to everyone who has donated, shared, and supported the Billy Guyton Foundation.
Your kindness, love, and encouragement mean more than words can express.
Every message and contribution reminds us that the boys legacy continues to touch lives.
Ngā mihi nui - we’re so grateful 💙
Share this update
0 comments  |  Login to leave a comment",
Help Paul Nelson purchase a vehicle to keep his independence following injury,Helping Paul regain his independence after a hit-and-run accident so he can run his small business and maintain his independence.,https://static.givealittle.co.nz/assets/hero/ef485b71-a8d6-4a46-9d77-b35c00b8ee17-320:False,https://givealittle.co.nz/cause/help-paul-purchase-a-vehicle-to-keep-independence,470,30000,141 days to go,Donate,https://givealittle.co.nz/donate/cause/help-paul-purchase-a-vehicle-to-keep-independence,18 Sep 2025,18 Mar 2026,0,Auckland,8,"We have a wonderful life-long friend in South Africa, he desperately needs a hand & we are hoping our NZ friends & family can help us make a difference. Every $1 we can raise here is equivalent to 10 rand & will go far in helping reach our goal.
December 11 2004, Paul, was the victim of a devastating hit-and-run accident at just 17, a day that changed his life forever.
Paul sustained severe injuries to both his head & body. A time of great uncertainty & pain for our family. But what we soon discovered was the incredible strength & tenacity within Paul. After coming out of a coma, he had several months in a rehab center. Eventually returning home in a wheelchair, the start of a long journey to healing.
Slowly, he began to walk again. Roughly 3–4 years later, he was ready to reclaim independence. He went for his driver’s license & on his 2nd attempt, proudly passed. With help of a friend, Paul got his 1st vehicle. A symbol of hope & freedom. Regaining strength early on by mowing our family lawn. What began as therapy grew into something bigger. He started mowing lawns for family & friends, & soon it became a small business. He now supports himself by offering lawn services, using his car to transport equipment & dispose of waste. While helping the local community too, he loves to lend a hand.
However, after years of service, His Honda is no longer roadworthy & he needs a new vehicle to continue running his small business & serving his community.
This is where we ask for your help.
Ester Oliver's involvement (page creator)
We are life-long friends of Pauls' parents and Paul is like family to us.
Use of funds
All donations will go towards purchasing a new vehicle to keep his small business running and help maintain independence following his accident.",All donations will go towards purchasing a new vehicle to keep his small business running and help maintain independence following his accident.,"Created by, and paying to a verified bank account of,
      
        Ester Oliver
      
      on behalf of Paul Nelson",Page Moderated,,,
Help Fund Life-Saving Keytruda for Jasmine,"Let's raise in excess of $100K to fund the life-saving drug Keytruda for Jasmine, a vital treatment for her triple-negative breast cancer.",https://static.givealittle.co.nz/assets/hero/b6dc0941-14eb-4dd4-9759-b35c00a41632-320:False,https://givealittle.co.nz/cause/help-fund-life-saving-keytruda-for-jasmine,55179.99,100000,325 days to go,Donate,https://givealittle.co.nz/donate/cause/help-fund-life-saving-keytruda-for-jasmine,18 Sep 2025,18 Sep 2026,1,Auckland,252,"Our gorgeous friend Jasmine needs our help. Less than two weeks ago, Jasmine felt a lump in her breast and, within a week, was diagnosed with invasive grade 3 triple-negative breast cancer(the most aggressive form). At only 47 years old with two beautiful young boys, it was a jolt she didn’t see coming and is the news everyone of us dreads receiving.
Jasmine has started her epic journey to beat this beast and is in the hands of an excellent surgeon and oncologist. This week, she will have her port put in, and chemotherapy, along with immunotherapy, will start next week.
Unfortunately, the vital life-saving immunotherapy drug Keytruda is incredibly expensive (well in excess of $100k) and not funded for early-stage breast cancer in NZ. This means the cost must be met privately. The total quickly becomes overwhelming for any family, which is why we are reaching out for help to make sure Jasmine can start this vital treatment without delay.
Those who know Jasmine know that she is an incredibly special person who would give anything to help others. Now is her time to be supported. As you can imagine, it is very difficult for Jasmine to accept this kind of financial help, but it is absolutely the best thing we can do for her right now.
Please give what you can - and consider sharing this page. Every little bit counts.
Kate Pollard & Monique O'Grady (on behalf of Jasmine's Support Crew)
Kate Pollard's involvement (page creator)
Jasmine is our best friend.
Use of funds
The funds will go towards the drug Keytruda, which is only funded in New Zealand for palliative care, but vital in Jasmine's immunotherapy regime for her triple-negative breast cancer (the most aggressive form).","The funds will go towards the drug Keytruda, which is only funded in New Zealand for palliative care, but vital in Jasmine's immunotherapy regime for her triple-negative breast cancer (the most aggressive form).","Created by
Kate Pollard  




      Paying to a verified bank account of
Jasmine Smith",Page Moderated,1,"🤍Thank You🤍
20 September 2025
Posted by: Jasmine Smith
To my family, friends, friends of friends, thank you all.
I’m overwhelmed and ever so grateful for all the love and support.
From the bottom of my heart, I thank you.
Thank you for your kind and generous contribution, thank you for sharing the page, and thank you for your love, it all means so much to me. 🤍x
Share this update
0 comments  |  Login to leave a comment","26 days ago
Kylie asks
Hi, I work for a charity called TimeOut. We connect generous holiday homeowners across New Zealand with people diagnosed with stage 4 cancer or an incurable illness, offering them the chance to enjoy a much-needed break and spend quality time with loved ones.
If you’re interested in applying or would simply like to learn more, we’d love to support you.. As a small charity, we can’t always guarantee a suitable match - particularly for larger groups - but we do our very best to help. Recipients can apply online at www.timeoutnz.org or get in touch with us directly at info@timeoutnz.org with any questions. Take care, Kylie
This question has not been answered yet."
Koha for Heeni Hoterene's battle against cancer,"To help raise funds for unfunded treatment, Keytruda, an immunotherapy drug",https://static.givealittle.co.nz/assets/hero/5db1a4a6-1659-4578-ad85-b35b00a6b3ad-320:False,https://givealittle.co.nz/cause/koha-for-heeni-hoterenes-fight-against-cancer,73259.84,100000,23 days to go,Donate,https://givealittle.co.nz/donate/cause/koha-for-heeni-hoterenes-fight-against-cancer,18 Sep 2025,20 Nov 2025,1,Nationwide,1126,"Many of you know Heeni for her deep passion and extensive knowledge of Maramataka Māori, and the impact she has made across Aotearoa with her workshops keynote speaking, and tireless advocacy for well being.
She is also known for her strong online presence, where she shares daily updates that uplift and educate, staying connected with whānau and community across the motu. Mama of Karirikura (16), Otane (15), Keteriki (14) and Ouenuku (8). Heeni lives in alignment with her values - embracing organic living, gardening, and off-grid housing - and is committed to a lifestyle that nutures both people and Papatūānuku. Her generosity has touched many, especially those affected by cancer, offering her time, knowledge and support to others walking a similar path.
Five years ago, Heeni was diagnosed with stage 4 endometrial cancer. Recently, she received the heartbreaking news that the cancer has spread to her lung and stomach. Her next phase of treatment involves chemotherapy alongside Keytruda, an immunotherapy drug that is not funded in Aotearoa. The cost of this treatment is an overwhelming $100,000, and while this is only a portion of her overall medical expenses, it is the most urgent need right now. Any koha, no matter the size, will help support Heeni through this next stage of her healing.
Ehara toku toa i te toa takitahi ko toku toku toa he toa takitini
Our strength is us together
Ka nui to mihi ki a koutou katoa mō tō tautoko
Thank you all for your support
Karlena Newman's involvement (page creator)
Heeni is my dear friend from school days
Use of funds
On unfunded drug, Keytruda","On unfunded drug, Keytruda","Created by
Karlena Newman  




      Paying to a verified bank account of
Heeni Hoterene",Page Moderated,1,"Let's hit the target of $100,000!!
10 October 2025
We are so close to hitting the target of $100K for Heeni's treatment, e te whānau!
Heeni has started treatment and is so thankful for all of the love and support that she has received, not just from donations but all the messages and calls from near and far.
Ka nui te mihi ki a koutou katoa mō tō aroha me tautoko!!
Share this update
0 comments  |  Login to leave a comment","26 days ago
Kylie asks
Hi, I work for a charity called TimeOut. We connect generous holiday homeowners across New Zealand with people diagnosed with stage 4 cancer or an incurable illness, offering them the chance to enjoy a much-needed break and spend quality time with loved ones.
If you’re interested in applying or would simply like to learn more, we’d love to support you.. As a small charity, we can’t always guarantee a suitable match - particularly for larger groups - but we do our very best to help. Recipients can apply online at www.timeoutnz.org or get in touch with us directly at info@timeoutnz.org with any questions. Take care, Kylie
This question has not been answered yet."
Help Bring Angela Home After a Stroke in Thailand,Our mum Angela had a stroke in Thailand. Please help us cover her care and bring her home to NZ to recover with family and friends.,https://static.givealittle.co.nz/assets/hero/33582e89-196f-4c76-9f4a-b35b012321f9-320:False,https://givealittle.co.nz/cause/help-bring-angela-home-after-a-stroke-in-thailand,4940,80000,50 days to go,Donate,https://givealittle.co.nz/donate/cause/help-bring-angela-home-after-a-stroke-in-thailand,17 Sep 2025,17 Dec 2025,0,"Christchurch, Canterbury",44,"*updated 23/09 *When this page began, our urgent aim was to cover Angela’s hospital bills in Thailand and the medical costs to get her home to NZ. On 4 September in Phuket, she suffered a major stroke and had emergency clot removal that saved her life but left limited speech, left-side weakness, and swallowing difficulty. With invoices above NZD $73,000 and insurance first declined as “pre-existing,” we reached out to help fund her care and repatriation.
We’re relieved to share that Allianz has since reversed its decision and confirmed full cover for Angela’s hospital costs and repatriation. Because those immediate expenses are now funded, this page shifts to its new purpose: supporting Angela’s long-term recovery in New Zealand. Donations received—and any future support—will fund rehabilitation, physiotherapy, speech therapy, mobility aids, and other needs for her long term recovery.
Angela is stable and brighter. She has moved from ICU to a ward with a caregiver, is practicing in a wheelchair, and still jokes about the food. Two nurses arrive in Phuket on Monday 22 September for pre-flight checks Tuesday 23 September. On Wednesday 24 September an ambulance will take her to Phuket Airport for the Phuket–Singapore–Christchurch flight. She is due to land in Christchurch at 9:30 am on Thursday 25 September and go straight to Christchurch Hospital where a specialist will look after her.
On September 4th, Angela Hill suffered a major stroke while visiting her son Cam in Phuket. She was found collapsed and rushed to Bangkok Hospital, where doctors performed an urgent clot removal procedure that saved her life. Angela has been left with limited speech, loss of movement on her left side, and difficulty swallowing.
Cam, who himself had just undergone major eye surgery days earlier, has been by her side through it all. Sadly, despite Angela declaring a previous stroke when taking out her travel insurance, her claim has been declined due to it being classed as a pre-existing condition.
Now, after 14 days in intensive and hospital care, Angela is making slow but positive progress. Doctors believe she has a good chance of recovery with time, patience, and therapy. However, the costs are overwhelming:
• Hospital bills have already reached THB 1.4 million (NZD $73,000+)
• Ongoing care is required until she is well enough to fly home
• She will need oxygen support and a nurse escort on her journey back to New Zealand
We are asking for your help to:
• Cover her hospital bills in Thailand
• Fund the medical support needed to get her home to New Zealand
• Give Angela the chance to continue her recovery surrounded by friends, family, and proper rehabilitation services
Every donation, no matter the size, will make a real difference in helping Angela get the care she desperately needs.
🙏 We are so grateful for your support, prayers, and generosity.
Thank you,
Angela, Cam & Family
Cam McLean's involvement (page creator)
I am Angela’s son, and I have been by her side in Phuket since she suffered her stroke. As her primary support person and caregiver, I’m helping manage her medical care, hospital bills, & travel arrangements until she is strong enough to return home to NZ
Use of funds
23/09 use of funds
fund rehabilitation, physiotherapy, speech therapy, mobility aids, and other needs for her long term recovery.
We are asking for your help to:
• Cover her hospital bills in Thailand
• Fund the medical support needed to get her home to New Zealand
• Give Angela the chance to continue her recovery surrounded by friends, family, and proper rehabilitation services
Other page links
on Facebook","23/09 use of fundsfund rehabilitation, physiotherapy, speech therapy, mobility aids, and other needs for her long term recovery.We are asking for your help to:•	Cover her hospital bills in Thailand•	Fund the medical support needed to get her home to New Zealand•	Give Angela the chance to continue her recovery surrounded by friends, family, and proper rehabilitation services","Created by, and paying to a verified bank account of,
Cam McLean      on behalf of Angela Hill, as she recovers from a stroke in Thailand",Page Moderated,12,"Angela Update – Friday, Oct 17
17 October 2025
Angela Update – Friday, Oct 17
Hi all,
It’s been a little while since the last update, but I wanted to share some wonderful progress from Mum over the past week! Angela continues to improve little by little every day, which is fantastic to see. Her speech has noticeably strengthened thanks to ongoing language and facial therapy, and while movement in her left arm and leg is still limited, she’s working hard with the incredible team at Burwood Hospital. She especially enjoys her daily sessions on the stationary pedalling machine!
Although sleep remains a challenge, she’s managing to get good rest during the day, especially after therapy sessions. Looking ahead, we’re beginning to explore rest-care options with medical support in Christchurch. While the cooler weather isn’t her favourite, she’s surrounded by a wonderful network of friends who continue to visit and encourage her recovery.
If you haven’t reached out recently, please do give Angela a call or message on WhatsApp, Facebook Messenger, or her NZ mobile — she’d absolutely love to hear from you. Thank you all for your continued love, prayers, and support. Every message makes such a difference.
With gratitude,
Cam (in Phuket) ❤️
Share this update
0 comments  |  Login to leave a comment
Angela Update – Friday, Oct 3
3 October 2025
Hi all,
It’s been one week since Mum arrived safely back in New Zealand, and I wanted to share an update on her progress.
After spending the weekend in Christchurch Hospital’s Medical Assessment Unit, she was transferred on Monday to Burwood Hospital’s specialist stroke unit. She is now in Room DG23 for anyone who would like to visit.
As expected, things remain very challenging for her. Mum dislikes the cold Christchurch weather, but at least has a view outside onto the lawn, green grass, and blue sky, which she enjoys when the sun is out. She also had a shampoo and haircut earlier this week, which was lovely!
She is now engaged in regular therapy sessions to get her body moving again, and her food intake is slowly improving — both very positive signs.
For friends in Christchurch, please do connect with her on Facebook Messenger or WhatsApp (if she doesn’t answer, she’s likely sleeping or doing exercises, so try again later). If you’re nearby, she would love a visit — your encouragement means the world to her.
Thank you for keeping Angela in your thoughts and prayers, and have a wonderful day.
With gratitude,
Cam (in Phuket)
Share this update
0 comments  |  Login to leave a comment
Angela Update – Sunday, Sept 28
28 September 2025
Hi all,
Mum is now settling into Christchurch Hospital and is currently in the Medical Assessment Unit. We’re hopeful she’ll be moved to a ward tomorrow. She continues to make slow but steady progress, and her beautiful smile is starting to return — though there is still a long road ahead to full recovery.
She would absolutely love visitors! You can find her in Room 39, Medical Assessment Unit, Ground Floor, Waipapa Building. You can also call her on Facebook Messenger or WhatsApp (if she doesn’t answer, she’s likely fast asleep — so please try again later).
A big thank you to Marie for sharing regular daily updates, and thank you all for the ongoing love, visits, and support. It truly means so much to Mum and to our whole family.
Wishing you all a wonderful day,
Cam (writing from Phuket) ❤️🇳🇿
Share this update
0 comments  |  Login to leave a comment
Angela Update – Wednesday, Sept 24
24 September 2025
Hi all,
We’ve just said goodbye (for now) to Mum at Mission Hospital, where I spent some time with her before the ambulance collected her. She’s now on the way to Phuket International Airport for her 3:05pm flight to Singapore, followed by the 7:50pm flight to Christchurch, arriving at 9:30am Thursday NZ time.
Mum has been in hospital here in Thailand for a total of 20 days, and it’s such a relief to finally have her on her way home. This is a huge milestone after everything she’s been through, and we’re so grateful for the incredible care and support that made it possible.
Thank you all for the kind messages, encouragement, and prayers — I’ve been reading them out to Mum every day, and they’ve truly lifted her spirits. The next update will be from New Zealand!
With gratitude,
Cam
Share this update
0 comments  |  Login to leave a comment
Update
24 September 2025
Posted by: Givealittle
When this page began, our urgent aim was to cover Angela’s hospital bills in Thailand and the medical costs to get her home to NZ. On 4 September in Phuket, she suffered a major stroke and had emergency clot removal that saved her life but left limited speech, left-side weakness, and swallowing difficulty. With invoices above NZD $73,000 and insurance first declined as “pre-existing,” we reached out to help fund her care and repatriation.
We’re relieved to share that Allianz has since reversed its decision and confirmed full cover for Angela’s hospital costs and repatriation. Because those immediate expenses are now funded, this page shifts to its new purpose: supporting Angela’s long-term recovery in New Zealand. Donations received—and any future support—will fund rehabilitation, physiotherapy, speech therapy, mobility aids, and other needs for her long term recovery.
Angela is stable and brighter. She has moved from ICU to a ward with a caregiver, is practicing in a wheelchair, and still jokes about the food. Two nurses arrive in Phuket on Monday 22 September for pre-flight checks Tuesday 23 September. On Wednesday 24 September an ambulance will take her to Phuket Airport for the Phuket–Singapore–Christchurch flight. She is due to land in Christchurch at 9:30 am on Thursday 25 September and go straight to Christchurch Hospital where a specialist will look after her.
Thank you very much for your kind support, love and prayers. We truly appreciate it 🙏🙏🙏
Angela, Cam & Family”
Share this update
0 comments  |  Login to leave a comment
Angela Update – Tuesday, Sept 23
23 September 2025
Hi all,
I’ve just left the hospital after meeting the two wonderful nurses, Kathryn and Kerrie from Brisbane, who arrived in Phuket yesterday. They completed Mum’s pre-flight assessment — mobility remains the biggest challenge as her left arm and leg are still not responding, but both nurses are highly experienced and have everything arranged to manage the journey. We also prepared the clothes Mum wants to wear tomorrow and repacked her luggage so she’s all ready to go.
Tomorrow at 10am I’ll return to see her safely into the ambulance and off to the airport. The nurses confirmed she’s been accepted by a specialist at Christchurch Hospital, with speech and mobility therapists ready to begin her rehabilitation. The Southern Cross repatriation staff have been excellent — I honestly don’t know how this would have all come together without Allianz revising their decision and the incredible support of their team.
So, another good day of progress and now just one more day to go here in Thailand. Thank you all for your ongoing support — Mum is very excited to be heading back to Christchurch and can’t wait to see you all soon!
– Cam
Share this update
0 comments  |  Login to leave a comment
Angela Update – Sunday, Sept 21
21 September 2025
Hi all,
More good news today — flights and nurses are now confirmed!
• Two nurses will arrive shortly and I’ll meet them at the hospital on Tuesday, Sept 23 at 10am for Mum’s pre-flight assessment.
• On Wednesday, Sept 24 at 11am, an ambulance will collect Mum and transfer her to Phuket International Airport for her 3:05pm departure.
• Angela will land in Christchurch at 9:30am on Thursday, Sept 25, and will be transferred directly to Christchurch Hospital.
• She’s been practicing sitting in a wheelchair to prepare for the journey — she’ll need to sit upright for the Phuket–Singapore leg, then will be able to lie flat in business class from Singapore to Christchurch.
• And yes, she still continues to complain about the hospital food 😁 — so tomorrow we’ll bring her some homemade chicken and potato soup, along with dropping her luggage at the airport.
We’re finally there…!! ✈️🇳🇿
Once Mum is in Christchurch, we’d love for those nearby to visit her. It’s been such a difficult time and your support will mean the world to her.
🙏 Thank you all again for your incredible kindness, well wishes, and messages. Truly appreciated.
– Cam
Share this update
0 comments  |  Login to leave a comment
Angela Update – Saturday, Sept 20
20 September 2025
Hi all,
Mum is now settled in a regular ward room at Mission Hospital and being well looked after by Khun Mum, the caregiver we arranged, along with the nurses and doctors there.
Today she is looking much brighter. The staff gave her a shower and washed her hair, which she really appreciated. She has also managed a little soup (spoon-fed) — although she wasn’t too impressed with the flavour! Still, these are encouraging signs of progress.
Her repatriation has now been confirmed for Wednesday, Sept 24 on Singapore Airlines (Phuket – Singapore – Christchurch). Two nurses will arrive in Phuket on Monday to accompany her and ensure a safe journey. Once in New Zealand, she will be admitted to Christchurch Hospital for further care.
I’ll be visiting Mum tomorrow morning and will share another update then. In the meantime, please feel free to call her on WhatsApp or Facebook Messenger — she would absolutely love to hear from you.
Thank you all once again for the incredible kindness, encouragement, and support during this difficult time. It truly means the world to us.
– Cam
Share this update
0 comments  |  Login to leave a comment
Angela Update – Friday, Sept 19
19 September 2025
❤️ Major update today – incredible news!
After Angela’s insurance was first declined on the basis of a “pre-existing condition” (even though it was declared when the policy was taken), Cam has been pushing for answers, asking for her full application and the complete policy wording.
This afternoon, Allianz phoned to confirm that after a senior-level review they have reversed their decision and will now cover all medical costs and full repatriation. They explained the change was due to “ambiguity, the situation, and her age.”
This is such a huge relief as the bills were really starting to mount — and yes, a few tears of relief were shed.
We had been preparing to bring Mum back to Cam’s home in Phuket today, but Allianz has asked that Angela remain in hospital for safety. She has now been moved from ICU into a regular ward, and we’ve arranged a kind caregiver to stay with her while she recovers.
Within the next 1–2 days, Allianz will send two nurses from New Zealand or Australia to escort her home. Angela is expected to be repatriated early next week to Christchurch Hospital, and once stable, will likely transfer to Burwood Hospital’s specialist stroke unit for rehabilitation.
🙏 Thank you all so much for your love, donations, and prayers. The funds raised on Givealittle so far — and any future donations — will go directly to Angela to support her long-term recovery and rehabilitation in NZ.
From the bottom of our hearts, thank you. ❤️🇳🇿
– Cam, Angela & Family
Share this update
0 comments  |  Login to leave a comment
Sending love to you all. 💖
19 September 2025
Here are some photos and a message from one of Angela's motorhome friends. Thank you, Sue, for the support and kind message. We hope to see mum back in her bus soon 🙏
Hi Cam, you don't know me, but I'm a motorhome babe and read your sad news about Mum's stroke. I am so sorry to hear that news. In January 2015, I met Mum in her Bedford, which I loved, selling her licorice allsorts at Pohara Boat Club. I just wanted to share those photos you may be able to share with Mum when she recovers. Sending love to you all. 💖
Share this update
0 comments  |  Login to leave a comment
Angela Update – Thursday, September 18
18 September 2025
Angela has now been safely relocated to Mission Hospital Phuket. She’s currently in the ICU while awaiting transfer to a regular ward.
I met with her new doctor today, and here’s the latest progress:
• Oxygen has been removed – a big step forward.
• The feeding tube is out, as she can now swallow soft liquids like milk (she was so relieved about this!).
• She still has some coughing and phlegm, but it’s slowly improving.
• Her left arm and leg remain immobile, but the therapist visits regularly, and she’s doing lots of movement exercises.
Angela also has her phone back (it had been kept by the nurses for security), so please feel free to give her a call. Typing replies is still very difficult for her, so calls are best.
The doctor is optimistic that she may soon be ready to come back home (to my place) with the support of a private nurse for feeding and therapy. The longer-term goal will be to return to New Zealand with a nurse once she’s strong enough.
Thank you so much for all your love, support, and prayers – it means the world to both Angela and our family.
With gratitude,
Cam 🙏❤️
Share this update
0 comments  |  Login to leave a comment
Angela Update – Wednesday, Sept 17
17 September 2025
Angela is being transferred today from Bangkok Hospital Phuket to Mission Hospital Phuket (the same hospital where Cam’s son Louie was born). This move will help reduce costs now that her insurance claim has sadly been declined.
Cam has also been in contact with the NZ Embassy in Bangkok for advice and support moving forward.
Mum is understandably tired and emotional, but she is aware of what’s happening and welcomes your love and encouragement. Please feel free to give her a call if you’d like to say hello. 💙
Thank you all so much for your kindness, care, and continued support.
– Cam
Share this update
2 comments  |  Login to leave a comment
18/09/2025 by Kris
Can you explain exactly why her Insurance Coverage was declined? If this Company said they covered incidents occurring while traveling, I'm shocked they won't cover....unless she had a pre-existing condition???
23/09/2025 by Cam McLean
Hi Kris, please read the latest updates. Thank you",
Let’s support our beautiful Leah! ❤️,Let’s rally around Leah and give during this time!,https://static.givealittle.co.nz/assets/hero/aca1619b-7a0a-419d-b5a8-b35b00e2c914-320:False,https://givealittle.co.nz/cause/lets-support-our-beautiful-leah,7320,7000,7 days to go,Donate,https://givealittle.co.nz/donate/cause/lets-support-our-beautiful-leah,17 Sep 2025,4 Nov 2025,0,Canterbury,115,"Hi everyone!
For those who may be unaware, a few months ago Leah was diagnosed with Hodgkin lymphoma (cancer).
Since this sudden news, Leah has had to stop working and take the next few months off work due to ongoing medical appointments and chemotherapy treatment.
While we know Leah’s faith has been a light in this journey, and this news has stirred faith in so many around her to pray. We want to help in a practical way to ease the burden of financial stress during this time.
We know any amount if you feel to give or can give, would be such a blessing to Leah! What a beautiful way to come together, and support her so she does not need to worry about paying for bills and any ongoing medical costs moving forward. Leah also has no family that currently live in Christchurch, so it would be a blessing to be able to help her see her family during this time. God bless and thank you so much for your support for Leah!
Zchde Sofai's involvement (page creator)
Leah’s close friend
Use of funds
weekly bills, groceries, travel to see her family, rent.
Other page links
on Instagram","weekly bills, groceries, travel to see her family, rent.","Created by
Zchde Sofai  




      Paying to a verified bank account of
Leah Bhandal",Page Moderated,,,
Help Save My Father’s Life – Urgent Heart Surgery Needed,Rising funds for a urgent heart surgery for my father in fiji he has 2 blocked arteries and 1 semi blocked Please if u can help in any way🙏,https://static.givealittle.co.nz/assets/hero/e80a0290-deae-4b62-847f-b35b00e2b7fa-320:False,https://givealittle.co.nz/cause/help-save-my-fathers-life-urgent-heart-surgery,1470,0,324 days to go,Donate,https://givealittle.co.nz/donate/cause/help-save-my-fathers-life-urgent-heart-surgery,17 Sep 2025,17 Sep 2026,0,"Wainuiomata, Lower Hutt",18,"My father who lives in Fiji is fighting for his life At just 55 years old he has suffered a stroke a heart attack and has now been told that his heart is failing His arteries are dangerously blocked and without urgent surgery we could lose him He has always been a strong, hardworking man the kind of father who never asked for anything in return to support his family He is the only provider for himself and his wife, but now, because of his declining health, he can no longer work. Watching him go from being fit to someone who struggles to walk or breathe without pain has been heartbreaking we have been doing everything we can to support him from afar but we’re struggling especially with my wifes health We reached a point where we cant do this alone anymore
Thats why Im asking for ur help
If u can donate, no matter how small it would mean the world to us If u have any items u no longer need we would be so grateful to receive them and resell them to raise funds
We are doing everything we can to earn what we can
I am a painter so if anyone has jobs available please reach out we would be grateful for the opportunity
This isn’t just about money Its about giving a father a second chance Its about holding on to hope when everything feels like its slipping away if you can help in any way by donating sharing this message offering work or keep us in your prayers we would be grateful
Farook Iftikaar's involvement (page creator)
He is my Father
Use of funds
We are raising funds to cover the cost of his life-saving heart surgery in India and the care he’ll need afterward including recovery, hospital stay, food, and travel.","We are raising funds to cover the cost of his life-saving heart surgery in India and the care he’ll need afterward including recovery, hospital stay, food, and travel.","Created by, and paying to a verified bank account of,
Farook Iftikaar      on behalf of Farook Sattar",Page Moderated,,,
💛 Help Support Sana’s Recovery Journey in Turkey 💛,💛 Help Support Sana’s Recovery Journey in Turkey and Return Home 💛,https://static.givealittle.co.nz/assets/hero/beaae0b3-436d-4836-9fea-b35a011fc627-320:False,https://givealittle.co.nz/cause/help-support-sanas-recovery-journey-in-turkey,20810.6,0,139 days to go,Donate,https://givealittle.co.nz/donate/cause/help-support-sanas-recovery-journey-in-turkey,16 Sep 2025,16 Mar 2026,0,Auckland,154,"Kia Orana and Talofa Lava
All glory and honor to our Lord and Saviour Jesus Christ.
As many of you are aware, my precious wife, Sana, came to Turkey in pursuit of better health through weight loss surgery after months of preparation and prayer. The procedure itself was a success, but shortly after, our world shifted.
Following surgery, something was very wrong — Sana was unable to move her arms, sit, or stand. An emergency MRI revealed five herniated discs in her neck, requiring urgent spinal surgery (which cost 18,000EU). By God's grace, the surgery went well, but the road ahead is long.
Sana now faces an extended recovery period here in Turkey until at least mid-October. With myself (Steven) stepping into the role of full-time caregiver. The unexpected medical costs mounting — inc. specialist care, rehab, accommodation, and daily living expenses — we find ourselves in a situation we cannot navigate alone.
With humble hearts, we are reaching out to our village for support. Your prayers have already moved mountains, and now, if you’re able we are seeking any financial contribution to ease the financial pressures and to allows us to focus on Sana’s healing.
All funds raised will be managed by Sana’s father, Pastor Iliafi Esera, on our behalf.
From the bottom of our hearts, thank you for standing with us. Special thanks to our parents —
Junnie, Iliafi & Fia, and Terry & Marie Ruaporo and to our village for our prayers.
With love and gratitude, Steven, Sana & the Ruaporo Family
Steve Ruaporo's involvement (page creator)
I am Sana's Husband
Use of funds
The money will be used to meet the mounting medical bills, accommodation and living expenses here and in Turkey.","The money will be used to meet the mounting medical bills, accommodation and living expenses here and in Turkey.","Created by
Steve Ruaporo  




      Paying to a verified bank account of
Iliafi Esera      on behalf of Sana and Steven Ruaporo",Page Moderated,,,
VERY ILL THAILAND HOSPITAL WARREN JOHNSON,DESPERATE TO HELP DAD Warren Johnson,https://static.givealittle.co.nz/assets/hero/f2edc88f-0bc6-4f2c-9440-b35c0185372b-320:False,https://givealittle.co.nz/cause/very-ill-thailand-hospital-warren-johnson,780,20000,2 days to go,Donate,https://givealittle.co.nz/donate/cause/very-ill-thailand-hospital-warren-johnson,16 Sep 2025,30 Oct 2025,0,Northland,10,"PLEASE HELP My father Warren is in hospital and to sick to fly home without a doctor with him or he has to have an operation in Thailand.
Warren lives in Thailand part of the year and comes home to NZ for medical check and to see whānau and friends once a year. There is no medical insurance he let it lapse.
We need to raise $15,000.00 NZD minimum to cover the costs of the operation to replace his defibrillator/pacemaker and then more for additional hospital costs in Hat yai district at Songklanagarind hospital in Thailand.
Stephanie Vickers' involvement (page creator)
This is my father Warren Johnson
Use of funds
SURGERY and hospital costs as everything is user pays. It will contribute to the costs which grow daily in the hospital.",SURGERY and hospital costs as everything is user pays. It will contribute to the costs which grow daily in the hospital.,"Created by, and paying to a verified bank account of,
Stephanie Vickers      on behalf of WARREN JOHNSON",Page Moderated,1,"GETTING BETTER
14 October 2025
Thank you to all who have contributed. Dad is much better. He is recuperating at his home in Phang Nga, Thailand, after the operation, which was very successful. He still has a number of hospital visits requiring travel back to the hosptial in Hat Yai. His hosptial bill topped out at 400,000 Thai Baht which is equivalent of approx $20 000 which he will need to pay off.
We hope to see him come home to New Zealand in a month or two to check in with the New Zealand Health system and maybe stay.
Share this update
0 comments  |  Login to leave a comment",
Gary Elliott is a top bloke,Helping out a mate.,https://static.givealittle.co.nz/assets/hero/ead7e088-b8ce-4177-b57d-b35a00e8b273-320:False,https://givealittle.co.nz/cause/gary-elliott-is-a-top-bloke,2430,5250,49 days to go,Donate,https://givealittle.co.nz/donate/cause/gary-elliott-is-a-top-bloke,16 Sep 2025,16 Dec 2025,0,"Grey Lynn, Auckland",33,"Most of you will know Gary Elliott as our Bar Manager from the GLRSC, Gary has been having tummy issues since February this year, he's been to the Doctors numerous times, and a few weeks ago it got so bad he went to A&E, they diagnosed him with Bowel Cancer within a few hours, and he has spots on his liver, he is heading in for surgery on Thursday 18th Sept. As you will know if you know Gary, he will give you the shirt off his back, and his last $10.00 if you needed it more than him, well now Gary needs your help, Gary is a person who lives from week to week, and whilst he will have sickpay, his recovery will be more than 2 weeks, I am asking for help to cover his rent, power etc for approx. 10 weeks, any help at all would be greatly appreciated by myself and Gary.
UPDATE - Gary has stage 3 bowel cancer and has to have Chemo, he is trying to do the weekends at work currently, but we will see how he goes. <3
Gina Welsh's involvement (page creator)
Gary is my boss at work
Use of funds
Rent, amenities, food
Other page links
on Facebook","Rent, amenities, food","Created by
Gina Welsh  




      Paying to a verified bank account of
Gary Elliott",Page Moderated,,,
Help Amari-Jade 🩷,Help Amari-Jade go to therapy & gain mobility 🩷,https://static.givealittle.co.nz/assets/hero/ab799989-bc5d-4f68-ae39-b35a00d03446-320:False,https://givealittle.co.nz/cause/amari-jades-story,2033.12,3000,closed,Read more,https://givealittle.co.nz/cause/amari-jades-story,16 Sep 2025,7 Oct 2025,0,"Massey, Auckland",62,"My daughter was born on 07/11/2023. What I thought would be the best day of my life, turned out to be the worst. There were no red flags during pregnancy or even birth all the way up to when it was time to push. My midwife told me baby was getting stressed and that I had to push harder. I had been in labour for 10+ hours so I felt like I had nothing left in me, I even told her to “f***** pull her out!” No one intervened, I pushed her out myself and as a result she was born unexpectedly flat. Nothing could have prepared me for this! It took approximately 10 minutes to bring her back. This has resulted in life long disabilities; mainly severe HIE, spastic quad CP and epilepsy. Doctors/neurologists told me the damage was too much and basically to let her go because her life would have no quality. I chose to keep her by my side because at the end of the day, no one can tell me what her life is worth and I would die for her. The reason I’m doing this is to pay for a three week intensive therapy programme so that she can gain some mobility as she’s currently not able to move around on her own which breaks my heart daily. Imagine a doctor telling you your baby will never walk, talk or feed themselves then imagine what you would do to change that! We have privately raised $3000 already, and the total cost is $8,100. Any koha is appreciated. There’s also a raffle pinned on my Facebook page- Jahden Marie that is open to the public! NGĀ MIHI 🩷🩷
Jahden Smith's involvement (page creator)
I am her mother
Use of funds
The remaining cost of the 3 week intensive therapy programme at the centre of movement in Rotorua
Other page links
on Facebook",The remaining cost of the 3 week intensive therapy programme at the centre of movement in Rotorua,"Created by, and paying to a verified bank account of,
Jahden Smith      on behalf of My daughter, Amari-Jade 🩷",Page Moderated,1,"Update 🩷
29 September 2025
I would like to thank every single person that has donated and left us a kind message, it honestly means the world to us! It has been such a humbling and eye opening experience to receive so much love from both friends and family and strangers. It was quite hard for me to open up so much and let the world in on my daughters disabilities and struggles but now I see that it is worth it and there are people that really care. We are over halfway to our goal please keep sharing and once again, thank you all!!! If you would like to follow Amari Jades journey through Therapy feel free to private message me on my Facebook: Jahden Marie; and I will send video and photo updates as I am not publicly sharing EVERYTHING 🩷 Therapy date: 06/10-23/10
Share this update
0 comments  |  Login to leave a comment",
Together for our Ajae and her precious family!,Raising funds for Ajae and Shaun to pay for upcoming bills and overall life expenses while Ajae is off work.,https://static.givealittle.co.nz/assets/hero/39410c3a-1f12-40c5-bc42-b3590160c54f-320:False,https://givealittle.co.nz/cause/together-for-our-ajae-and-her-precious-family,13506,20000,3 days to go,Donate,https://givealittle.co.nz/donate/cause/together-for-our-ajae-and-her-precious-family,15 Sep 2025,31 Oct 2025,0,"Tauranga, Bay Of Plenty",109,"Hello beautiful souls!
As alot of you know by now, our gorgeous Ajae is about to undergo some intensive chemo treatment for a lymphoma that was found in her body, for the next few months or so.
As family, friends, and the overall body of Christ I feel like we have an incredible opportunity to support one of the most gorgeous, humble, generous families we know.
WE get to be family for them as well, we get to uplift them and support them through this next few months, so that Shaun and Ajae don’t need to worry about how they’ll pay for the upcoming bills necessary and just general day to day life too. We can take that stress away if we rally together!
Let’s bless them like they have never been blessed before family!
Sara Joy Hair Design's involvement (page creator)
A family friend.
Use of funds
Supporting the whole Tabak family in day to day life and anything medical needed!",Supporting the whole Tabak family in day to day life and anything medical needed!,"Created by
Sara Joy Hair Design        (Business)
  




      Paying to a verified bank account of
Ajae Tabak",Page Moderated,2,"Overwhelmed and grateful
6 October 2025
Posted by: Ajae Tabak
Thank you so, so much to everyone that has so generously supported and given to us as a whānau. We are so overwhelmed and thankful.
Ajae is beginning round 2 this week — three rounds to go. Chemo will be over by Christmas which is a big win and a great goal to have set before her.
The kids are doing really well given the super hard circumstances and on the better days we are making the most of time together.
God has been so near during this time. His peace covering our hearts, His presence going before us and absolutely soaking us, His provision stepping in every time we’ve needed. He hasn’t let us down and He never will!
So much love from all of us
The Tabak’s ♥️🤗
Share this update
0 comments  |  Login to leave a comment
Let’s bless them more!!!!
19 September 2025
Hey everyone! As we have gone above and beyond the original goal, we are making the goal bigger as to bless this family even more than we can imagine!!!!
Thank you to everyone for your support so far! Ajae and Shaun are blown away! Let’s keep blowing them away! Amen!
Sara and Maddi!!!
Share this update
0 comments  |  Login to leave a comment",
MeCayla’s Fight,Help us ease the financial strain while our daughter MeCayla battles a rare cancer with courage and hope for her future.,https://static.givealittle.co.nz/assets/hero/8f916e18-a3ef-4160-8fc1-b35901658df7-320:False,https://givealittle.co.nz/cause/mecaylas-fight,1064.62,0,138 days to go,Donate,https://givealittle.co.nz/donate/cause/mecaylas-fight,15 Sep 2025,15 Mar 2026,0,Auckland,24,"At just 17 years old, our daughter MeCayla is facing the biggest fight of her life after being diagnosed with a rare cancer, CIC-rearranged sarcoma. Despite everything, she continues to dream about her future, studying criminal law or criminology, enjoying time with her best friends Jade and Astha, and cuddling her beloved Jack Russell, Frikkie.
Since her diagnosis, my wife has had to leave her job to care for MeCayla full-time, and while we manage on one income, it has been a real struggle. The journey ahead includes 14 cycles of chemotherapy and two major surgeries scheduled for October 21st.
MeCayla has already shown incredible strength: the cancer that had spread to her lungs and lymph nodes has completely cleared. Now we want to give her the best chance possible to beat this.
Every donation, big or small, will help us cover the financial burden of treatment, travel, and daily life while we focus on what matters most, helping MeCayla heal. Your support means the world to us.
IZAK JANSEN's involvement (page creator)
We are MeCayla’s proud parents, standing beside her with love and strength as she bravely faces her cancer journey.
Use of funds
Funds will help with hospital travel, medical costs, and living expenses while we rely on one income. They’ll also go toward supporting MeCayla directly, making sure she has what she needs to stay comfortable, positive, and focused on recovery.","Funds will help with hospital travel, medical costs, and living expenses while we rely on one income. They’ll also go toward supporting MeCayla directly, making sure she has what she needs to stay comfortable, positive, and focused on recovery.","Created by, and paying to a verified bank account of,
IZAK JANSEN      on behalf of our daughter Mecayla Jansen",Page Moderated,2,"surgery
22 October 2025
Hi everyone,
We wanted to share an update on our daughter, MeCayla. Her surgery went incredibly well! The surgeons were able to remove the tumor in her thigh, along with the affected lymph nodes, which is such a huge relief for us all.
She now has two incisions — one on her thigh that’s around 25–30cm long, and another on her stomach that’s about 15–20cm long, so they are quite large. She was given an epidural for pain management, which has kept her lower body numb (apart from her feet — she can wiggle those!). It’s helped a lot with the pain in her leg.
Because of the stomach incision, the epidural hasn’t helped much there, so she’s been using a morphine pump for that pain. The downside is that the strong medication has made her quite nauseous and sick, but she’s pushing through it with her usual strength and determination.
The operation lasted around five and a half hours, but everything went smoothly, and her medical team was really happy with how it all went. We’re so proud of how brave and positive she’s been through every part of this journey.
Thank you so much to everyone who’s sent messages, donated, and wished her well. Your love and support mean the world to our family and have helped carry us through these tough weeks. 💕
Share this update
0 comments  |  Login to leave a comment
update- halfway done!
7 October 2025
We wanted to share an update on MeCayla and how she’s doing so far on her treatment journey. She’s officially finished cycle 7 of chemotherapy — which means she’s now halfway through! Only 7 cycles left to go.
It’s been a tough road, but she continues to face everything with incredible strength, courage, and positivity. We’re so proud of how far she’s come.
She’s now taking a short break from chemo to rest and prepare for her upcoming surgery in two weeks. This next stage will be another big step in her treatment, but we’re feeling hopeful and grateful for all the love and support that’s carried her this far.
Thank you to everyone who’s donated, shared, or sent messages — your kindness truly means the world to us. 💕
Share this update
0 comments  |  Login to leave a comment",
Ava's Fight Against Ewing Sarcoma – Help the Lyall Family,Ava's Fight Against Ewing Sarcoma – Help the Lyall Family,https://static.givealittle.co.nz/assets/hero/ae0268f5-1d25-4cc0-96f7-b35901431f59-320:False,https://givealittle.co.nz/cause/avas-fight-against-ewing-sarcoma-help-the-lyall,33920,0,18 days to go,Donate,https://givealittle.co.nz/donate/cause/avas-fight-against-ewing-sarcoma-help-the-lyall,15 Sep 2025,15 Nov 2025,0,"Ashburton, Canterbury",272,"On July 29th, Hayden and Tracey Lyall heard the words no parent ever wants to hear — their vibrant, active 9-year-old daughter, Ava, has cancer. What started as a sore leg turned out to be something far more serious: a rare and aggressive form of bone cancer called Ewing Sarcoma.
Ava’s treatment plan is intensive: months of chemotherapy, major surgery, followed by more chemo. Doctors estimate at least 9 to 12 months of treatment and recovery — a long road ahead for a young girl who just wants to get back to gymnastics, dance, hockey, and water skiing.
For Tracey and Hayden, this is every parent's nightmare. The impact has been immediate and overwhelming. Their family routine has been replaced with hospital visits, uncertainty, and emotional exhaustion.
Tracey has taken extended leave from work to be by Ava’s side, while Hayden is juggling work, travel, and caring for their other two children, Angus and Millie, at home.
Tracey and Hayden don’t like asking for help. However this is a massive journey, with a massive impact on their income and it doesn’t feel right leaving them to crack into it on their own. Taking financial pressure off means they can focus on what matters most: Ava’s health and keeping their family strong.
Anything you can give helps, and sharing this with others who know Ava and the Lyalls would mean the world.
💛 Thank you for your support
Kate O'Carroll's involvement (page creator)
Tracey is one of my closest friends. We met in Ashburton, were each other bridesmaids, navigate motherhood and now ageing together! Tracey is someone I laugh with and lean on and I can't believe the journey they are now on!
Use of funds
To help ease the financial burden of Tracey stopping work and Hayden working reduced hours.
Other page links
on Facebook",To help ease the financial burden of Tracey stopping work and Hayden working reduced hours.,"Created by
Kate O'Carroll  




      Paying to a verified bank account of
Tracey Lyall",Page Moderated,1,"Update on Ava’s Journey
27 October 2025
Posted by: Tracey Lyall
Thank you ❤️
Thank you all for your kind and generous donations, love, and support.
Ava is now at cycle 6 of chemotherapy, which is going well. She has further tests next week, followed by her operation (details are still being worked through) We are staying positive and hopeful.
Your kindness means so much to us. Thank you from the bottom of our hearts. 💕
Share this update
0 comments  |  Login to leave a comment",
Please Help Charlies Smile,Charlies Dental procedures to help prevent any more pain.,https://static.givealittle.co.nz/assets/hero/7b1b6323-b75d-4c77-af28-b35901311db1-320:False,https://givealittle.co.nz/cause/please-help-charlies-smile,130,0,closed,Read more,https://givealittle.co.nz/cause/please-help-charlies-smile,15 Sep 2025,24 Sep 2025,0,Wellington,4,"Hi Folks,
Ive made this page to try and help my beautiful daughter get her 'smile' back.
Charlie is 11years old and requires 6 submerged teeth to be pulled( which is publically funded) and space maintainers to be put in their place so the adult tooth can come through instead of the gap closing.
These submerged teeth are so deep they are lodged in her bone/jaw which often cause her pain and headaches.
The space maintainers can only be put in by an peadiatric orthodontist specialist- which requires payment to be made.
Charlie is such a warrior and as her mummy id love nothing more than to give her a healthy break from medical issues.
Charlie won her battle against pnemoccoccial meningitis when she was younger and since then has had wee issues.
Charlies orthodantist has suggested she would also need braces once this issue is solved...
Please know that by creating this page my heart is breaking having to ask for help to help my daughter.
I have exhausted all other avenues like wish for a smile, winz and loans.
Any help would absolutly mean the world to us and be put straight towards Charlies dental needs.
Thank you so much for taking some time to read our story.
Take care,
Bridget
Use of funds
The money will go directly to the specialist to pay for space maintainers , and braces .","The money will go directly to the specialist to pay for space maintainers , and braces .","Created by, and paying to a verified bank account of,
Bridget Needham",Page Moderated,1,"1st Goal- Peadiatric Orthodontist Appointment
22 September 2025
Our first visit to the Peadiatric Ortho is $350
This is to determine how he will insert the space maintainers for Charlie.
Thank you all so much for your generosity!
It means the world x
Share this update
0 comments  |  Login to leave a comment",
Life-changing,Let's get Treen the lifechanging treatment she desearves,https://static.givealittle.co.nz/assets/hero/84a313ec-3895-4105-98ca-b35800d74808-320:False,https://givealittle.co.nz/cause/httpswwwfacebookcomshare16mubmejzz,280,0,47 days to go,Donate,https://givealittle.co.nz/donate/cause/httpswwwfacebookcomshare16mubmejzz,14 Sep 2025,14 Dec 2025,0,"Tauranga, Bay Of Plenty",8,"Our girl Treen is out of action, it is heartbreaking to watch this strong woman who is the life of the party and the ray of sunshine we all need in our lives become a shell of who she was because of this dreadful disease. Trina has endured 15+ years of Endometriosis, polycystic ovary syndrome, uterine fibroids, and unexplained pain, digestional issues and fatigue that she lives with every day but in the last 3 weeks has become sevearly enemic, bed/house ridden, unable to drive, had 7x A n E visits 3x hospital admissions, 5x visits to her GP 2x alternative trips to outside emergency clinics not to mention ongoing imaging, tests, consultations, procedures, non funded medication and surgeries, with a very challenged and pressured public health system Trina is having to seek private medical care which has started adding up and taking its toll as she can also no longer work at this time. Let's get this beautiful mama the treatment she needs and get her back out on the dance floor. 🥰🙏
Tory Day's involvement (page creator)
Close friend
Use of funds
Non funded medication, surgery, consultations/procedures, assistance as she recovers, anything that konnor (son) needs during this time
Other page links
on Facebook","Non funded medication, surgery, consultations/procedures, assistance as she recovers, anything that konnor (son) needs during this time","Created by
Tory Day  




      Paying to a verified bank account of
Katrina Worsnop",Page Moderated,,,
Help Byron Find Light Through the Darkness- of navigating PMP cancer,"Byron, a surfer, runner, and hardworking builder, faces his biggest battle yet with PMP cancer and the “mother of all surgeries.",https://static.givealittle.co.nz/assets/hero/f1460701-c2e5-4a95-afc2-b35800d2c186-320:False,https://givealittle.co.nz/cause/help-byron-find-light-through-the-darkness,17405,0,17 days to go,Donate,https://givealittle.co.nz/donate/cause/help-byron-find-light-through-the-darkness,14 Sep 2025,14 Nov 2025,0,"Tauranga Taupo, Waikato",120,"Byron has always lived life to the fullest. A surfer, runner, builder & leather worker, he’s never been afraid of hard work or chasing the waves. His energy, determination, & love for the outdoors have always defined him.
Years ago, Byron’s world changed when he suffered a traumatic brain injury that cost him the sight in one eye. Many would have given up, but not Byron. With resilience & grit, he rebuilt his life & continued to do the things he loved.
Now, Byron is facing an even bigger battle. He has been diagnosed with PMP cancer (Pseudomyxoma Peritonei), a devastating disease. To fight it, he must undergo Cytoreductive Surgery with HIPEC (Heated Intraperitoneal Chemotherapy) often called “the mother of all surgeries”. It is one of the most extreme & gruelling operations a person can face, lasting many hours & followed by a long, difficult recovery.
This diagnosis has forced Byron to give up the work he loves, leaving a financial strain on top of everything else. But while cancer may have paused his building projects, runs & time on the ocean, it hasn’t taken away his fighting spirit.
Byron has already proven he is a survivor once and with our support, he can do it again. This page has been set up so that his community can come together to ease the burden & give Byron the best chance to recover, heal, and return to the work, waves and trails he loves.
Every donation, message, & act of kindness will help Byron focus on what truly matters: his fight, his healing, & his future.
Amber Lenihan's involvement (page creator)
I’m Byron’s sister, and I’ve seen his incredible strength through every challenge life has thrown at him. I’ve set up this page because I want to give him the support he needs — and deserves — as he faces this next battle.
Use of funds
The funds will be used to support Byron through his surgery and long recovery, covering living costs while he cannot work, and easing the financial pressure so he can focus fully on healing.
Funds will also be used for uncovered treatment, rehabilitation and uncovered medical expenses. His exact treatment plan has not yet been decided, once this has been confirmed we will post a Page Update.
--
Uncovered Medical Costs detailed in Page Update below posted on 23/09/2025","The funds will be used to support Byron through his surgery and long recovery, covering living costs while he cannot work, and easing the financial pressure so he can focus fully on healing.Funds will also be used for uncovered treatment, rehabilitation and uncovered medical expenses. His exact treatment plan has not yet been decided, once this has been confirmed we will post a Page Update.--Uncovered Medical Costs detailed in Page Update below posted on 23/09/2025","Created by
      
        Amber Lenihan
      





      Paying to a verified bank account of
Byron Smith",Page Moderated,2,"Gratitude & Staying Positive 💙🤍💙
2 October 2025
I want to take a moment to thank everyone who has supported me so far on the beginning of this long and rocky ride. The kindness and generosity shown, from family, friends, and even people across the world who don’t know me personally has blown me away.
Your donations, messages, and encouragement mean more than I can ever express.
Your support has helped me not just financially, but also mentally and physically. Knowing I am not facing this journey alone gives me strength every single day.
Right now, I’m focusing on staying positive, following the recommended diet, and using supplements to prepare my body the best I can for the surgery and recovery ahead.
Thank you again to each and every one of you who has donated or shared my story. I feel incredibly grateful to be surrounded by so much compassion. 💙
Share this update
0 comments  |  Login to leave a comment
Update: Preparing for HIPEC Surgery & Plan for the Funds.
23 September 2025
Yesterday, Byron met with three surgeons and their specialist nurse to go through the plan for my upcoming Cytoreductive Surgery with HIPEC (Heated Intraperitoneal Chemotherapy). This operation is known as “the mother of all surgeries” and will take many hours.
The surgery will begin with an epidural for pain relief and protection during and after the operation. The surgeons will then carefully remove the peritoneum (the lining of my abdominal cavity) along with any visible tumours. Depending on what they find, they may also need to remove organs such as my spleen or parts of my intestine. Once this is complete, heated chemotherapy will be circulated directly into my abdomen for around 90 minutes to destroy any remaining cancer cells.
Recovery will be long and intense. I will first be monitored in PACU and Critical Care, then spend two nights in HDU, followed by at least 15 nights on the ward while my body heals and drains fluid through multiple tubes.
Thanks to your generosity, I can focus on recovery without the crushing stress of lost income. As a self-employed contractor with no sick or holiday pay, your donations will go towards living costs, uncovered medical costs, and supportive therapies that may aid my healing.
Uncovered Medical Costs
* Medications not fully funded by Pharmac (e.g., pain relief, anti-nausea, or other recovery-related drugs).
* Additional scans, blood tests, or specialist appointments if they aren’t scheduled under public care.
* Special equipment or supplies he may need at home after discharge (e.g., dressings, mobility aids, nutritional supplements) that aren’t provided by the hospital.
* Complementary therapies, if recommended by his care team, such as acupuncture for nausea/pain, nutritional support, or other holistic approaches to aid recovery, he also has an extensive list of supplements and therapies leading upto the surgery that he would like to try.
Your support means more than words can say. 💙
Share this update
0 comments  |  Login to leave a comment",
Help with cataract surgery for the most in need in remote Tanzania!,To provide life changing eyesight to those most in need through cataract surgery.,https://static.givealittle.co.nz/assets/hero/dedfb7f9-20cd-42f7-8115-b358008c0035-320:False,https://givealittle.co.nz/cause/help-with-cataract-surgery-for-this-most-in-need,15083,20000,321 days to go,Donate,https://givealittle.co.nz/donate/cause/help-with-cataract-surgery-for-this-most-in-need,14 Sep 2025,14 Sep 2026,0,"Hastings, Hawke's Bay",69,"The gift of sight is one of the most taken for granted senses we have. Imagine nit being able to see for even a few minutes, hours. Imagine then if this was the rest of you life. Cataracts are easily reversible yet many in remote Tanzania live with them simply because they do not have the opportunity to have them operated on.
Eye Care For Africa has built a small clinic in Shinyanga and is set to see our first full scale clinic performed in October 2025. For just $NZD100 (or GBP50) you can make a life-changing difference to someone's life.
Please give generously! Asante sana!
About us
Eye Care for Africa was founded in 2017 by Hawkes Bay based Optometrist Niall McCormack. It was formed to provide eye care to some of the most marginalised groups in the countries of Uganda, Tanzania, Rwanda and Kenya, currently concentrating on Tanzania.
Use of funds
100% of the money raised from this page will go towards cataract surgery for those who need it most. All volunteers pay their own travel and accommodation costs.
Other page links
on Facebook
www.eyecareforafrica.org.nz",100% of the money raised from this page will go towards cataract surgery for those who need it most. All volunteers pay their own travel and accommodation costs.,"Created by, and paying to a verified bank account of,
      
        Eye Care For Africa
          (Charity)",Page Moderated,1,"Progress
1 October 2025
Hi everyone, I’ll be replying individually to all the donors. We have been inundated with cataract patients with sight so poor they need to be helped to the examination chair. If anyone would like to donate, every donation is gratefully accepted. Thank you so much everyone!
Share this update
0 comments  |  Login to leave a comment",
Two brothers need an accessible home,Help Ethan and Ollie to have a wheelchair accessible home,https://static.givealittle.co.nz/assets/hero/3ca3cc16-7590-472b-b3cd-b357014e06ac-320:False,https://givealittle.co.nz/cause/two-brothers-need-an-accessible-home,8753,0,320 days to go,Donate,https://givealittle.co.nz/donate/cause/two-brothers-need-an-accessible-home,13 Sep 2025,13 Sep 2026,0,"Warkworth, Auckland",79,"We are asking for help to modify our home to make it accessible for Ethan and Ollie, who are brothers that both have a genetic muscle wasting disease, Duchenne Muscular Dystrophy. Ethan (14) and Ollie (11) started their life like any other babies, born with all 10 fingers and all 10 toes, but as Ethan grew up, unlike his peers he struggled with running, climbing and general mobility. By the time Ethan was diagnosed with DMD at 3yrs old, his brother Ollie was born, so we had him tested and unfortunately, we found he had the condition also.
They spend a lot of time in hospital, see countless medical professionals and take a lot of medication in the hope of slowing down this relentless condition. But there is no cure for DMD, it will eventually affect every muscle in the body, including heart and lungs and rob them of the ability to use their arms and legs. After the initial shock of such a devastating diagnosis, we have vowed as parents to give them the best life possible. It’s hard as parents to comprehend that their condition will only get worse and the best we can do is slow the muscle wasting down. So, we need your help to do some extensive modifications to our home; to make it a wheelchair accessible space, to ensure they are as independent as possible within their own home.
Corinne King's involvement (page creator)
I am the Mother of Ethan and Ollie
Use of funds
Housing modifications to make our home wheelchair accessible
Other page links
on Facebook
on YouTube",Housing modifications to make our home wheelchair accessible,"Created by, and paying to a verified bank account of,
      
        Corinne King
      
      on behalf of Ethan and Ollie King",Page Moderated,,,
If you are able give a little mum will breathe.alot,#GIVEALITTLEBREATH... to someone who doesn't ask for anything from anyone im asking PLEASE help my MUM ❤️🩷🧡💛💚💙🩵💜🤎🖤🩶🤍,https://static.givealittle.co.nz/assets/hero/488792dc-4296-4ee1-b6d1-b35700c54da5-320:False,https://givealittle.co.nz/cause/if-you-are-able-give-a-little-mum-breathe-alot,25.2,65000,149 days to go,Donate,https://givealittle.co.nz/donate/cause/if-you-are-able-give-a-little-mum-breathe-alot,13 Sep 2025,26 Mar 2026,0,"Runanga, West Coast",3,"Not sure how this really works but my story is my mum Debbie Fraser is only 63 she's got a massive heart and lived her life giving and helping other's..she had C.O.P.D thats has now become chronic emphasima she lost her husband November last year to C.O.P.D. That's when I moved back in with to look after her no one wants to lose their mum I got a job mining to help her with the mortgage and bills her husband was paying.
Things were going very well saving money to repair her roof and build her a ensuit in her room everything and anything I could to make it easier for her then I suddenly lost my job. I have already lodged a claim regarding the loss of my job.
I NEED NOTHING JUST MY MUM......
Mum has just gotten over a infection in her left lung that had her laid up in bed for 16 days that could have been more than her body to cope with but we got over it so I kinda need to be at her side 24/7 to help her with living and getting her relaxed and comfortable so getting another job is not ideal currently I do what I can but it's a endless battle she gets outta breath just talking 😢
I don't know what else to do. Its hard to ask for help but
PLEASE help my mum watching someone you love struggling to breathe is so horrible. #THANKYOUVERYMUCHNZ.
Daniel Fraser's involvement (page creator)
She my mum and has been since the very first day I was born.
Use of funds
Mortgage payment as her sickness benefit covers.Power, Phone, Food, and RATES.until she is well enough for me to go back to working we are short the 750 fortnight mortgage payment on her house.","Mortgage payment as her sickness benefit covers.Power, Phone, Food, and RATES.until she is well enough for me to go back to working we are short the 750 fortnight mortgage payment on her house.","Created by
Daniel Fraser  




      Paying to a verified bank account of
Debbie Fraser",Page Moderated,,,
Helping Kanan beat breast cancer!,Fundraising to support my best friend 🤍,https://static.givealittle.co.nz/assets/hero/b27c8a6b-e8e8-48ea-8f93-b35700a954d2-320:False,https://givealittle.co.nz/cause/help-kanan-beat-breast-cancer,24776,0,320 days to go,Donate,https://givealittle.co.nz/donate/cause/help-kanan-beat-breast-cancer,13 Sep 2025,13 Sep 2026,0,Wellington,365,"At just 25 years old, Kanan has been diagnosed with breast cancer. It's something you never expect to hear, especially so young. Kanan is a dedicated teacher, counsellor, dancer and friend, and I know she means a lot to many of us - now, she needs our help.
Her treatment plan is intense and will span the next year: six months of chemotherapy followed by six months of radiation, and if it all goes well, surgery to remove the tumor. The funds raised will go directly towards supporting treatment costs and living expenses, so she can focus on healing and recovery. Every dollar we raise will help ease the burden.
We know times are tough, but if you are able to contribute - whether it's a donation, sharing this page or sending your love and encouragement, it would mean the world to her.
🤍🤍🤍
Tina Dowdall's involvement (page creator)
Kanan is my best friend of 24 years.
Use of funds
The funds raised will go directly towards treatment costs and living expenses.
The treatment has not been decided yet and we will post a Page Update once this has been confirmed.",The funds raised will go directly towards treatment costs and living expenses.The treatment has not been decided yet and we will post a Page Update once this has been confirmed.,"Created by
Tina Dowdall  




      Paying to a verified bank account of
Kanan Te Maipi",Page Moderated,1,"Stage & treatment update
22 September 2025
Kia ora e te whānau,
Firstly, I want to thank you from the bottom of my heart for all of your support and awhi. It’s not just the donations – every share, message, and kind word has been so overwhelmingly amazing.
Last week, Kanan started her IVF journey. Her eggs will be taken out and frozen next week, giving her the option of having a family in the future if she chooses. After this, she will be put into perimenopause - this will hopefully stop the chemo from affecting her reproductive system.
Today, Kanan had her first oncology appointment, where we learned that her cancer is stage 2 and HER2 positive - an aggresive sub-type that can grow and spread at a much faster rate. While this isn't the stage 1 we were hoping for, we are grateful to have clarity and a clear plan forward.
Kanan starts chemotherapy on 6 October. Her doctors have also recommended an additional targeted chemotherapy treatment alongside her regular one to give her the best possible chance of beating this.
The hard part is that this treatment is unfunded and will cost around $35,000–$40,000. We are so appreciative of all the donations so far, but we still have a long way to go to make this treatment accessible for her. Keep your eyes peeled for upcoming fundraising events – including a 24-hour dance-a-thon – details to come!
Share this update
0 comments  |  Login to leave a comment",
Scarlett’s just survived a stroke so big it nearly killed her—now she’s fighting to keep a roof over her head.,massive stroke and is fighting through hospital and a long recovery—without any way to work or pay bills. This page helps keep her housed,https://static.givealittle.co.nz/assets/hero/4a645c20-8d8f-43d9-9f5b-b357001133c1-320:False,https://givealittle.co.nz/cause/scarletts-just-survived-a-stroke-so-big-it-nearly,355,0,3 days to go,Donate,https://givealittle.co.nz/donate/cause/scarletts-just-survived-a-stroke-so-big-it-nearly,13 Sep 2025,31 Oct 2025,0,Auckland,4,"don’t usually put out personal pleas like this, but this is serious: my friend Scarlett is in real trouble, and I’m honestly scared for her.
Scarlett just had a massive stroke — a catastrophic brain bleed. No warning. No reason. Just life being unfair. Now she’s stuck in a hospital bed, her future a giant question mark, and on top of that, she’s facing the very real threat of losing her home.
If you know Scarlett, you already know the kind of person she is. She’s got a heart the size of Auckland, and she’s always been the first to step up when anyone else was struggling—her friends, her family, even total strangers. I’ve watched her give what little she had, time and time again, just to help someone else through their darkest days.
But now? Now it’s Scarlett who needs help.
Desperately.
She’s unable to work. The bills keep coming—rent, food, power. There’s no secret stash, no “just tough it out.” If she doesn’t get help, she could lose everything. Recovering from a stroke is hard enough without also being homeless or wondering where your next meal comes from.
And if that wasn’t enough, Scarlett’s also fighting to stay smokefree—for her health, for her future, for the people who love her.
So here’s the ask: if Scarlett has ever had your back, if you know what it’s like to be at rock bottom, please step up. $8,000 is what it takes to keep her in her home
Scarlett’s always put others first.
It’s time we do the same for her.
Thank you for whatever you can do.
Filo Pati's involvement (page creator)
Very good friend of Scarlett and her two kids
Use of funds
Scarlett survived a massive stroke and is fighting her way through hospital and a long recovery at home—without any way to work or cover bills. Funds raised will go towards Scarlett's day-to-day living costs to help keep her housed, fed, and smokefree while she heals. Every bit of support means she can destress","Scarlett survived a massive stroke and is fighting her way through hospital and a long recovery at home—without any way to work or cover bills. Funds raised will go towards Scarlett's day-to-day living costs to help keep her housed, fed, and smokefree while she heals. Every bit of support means she can destress","Created by
Filo Pati  




      Paying to a verified bank account of
scarlett mcgrath",Page Moderated,,,
Save Pinky Brewster 💕 Life-Saving Surgery Needed,Surgery Needed to Stop Pinky’s Pain,https://static.givealittle.co.nz/assets/hero/a8039143-bb7e-420f-b04f-b35600da6004-320:False,https://givealittle.co.nz/cause/save-pinky-brewster-life-saving-surgery-needed,84,4500,closed,Read more,https://givealittle.co.nz/cause/save-pinky-brewster-life-saving-surgery-needed,12 Sep 2025,12 Oct 2025,0,Auckland,6,"***** UPDATE - 25/09/2025 *****
Hi everyone,
Thank you so much to all who have donated — we are truly grateful for each and every contribution. We will now be closing this page and will no longer be accepting donations.
The funds so generously given will no longer go toward surgery, but instead will help cover the costs of cremation.
We deeply appreciate your kindness, support, and compassion during this difficult time.
Warm regards,
River Cruz.
****************************************************
Update
As many of you know, this page was originally created to support Pinky’s surgery for amputation due to suspected cancer. We can now confirm it was indeed bone cancer, which was very advanced and had spread. Sadly, Pinky’s condition deteriorated, and today we had to make the heartbreaking but kindest decision to let her go.
All donations received will now be used to cover the costs of her cremation.
We are truly devastated, but also deeply grateful for the love, kindness, and support shown to us and to Pinky during this difficult time.
Thank you all again from the bottom of our hearts.
Use of funds
Money will go towards Surgery costs and After-care.",Money will go towards Surgery costs and After-care.,"Created by, and paying to a verified bank account of,
River McLeod Cruz",Page Moderated,1,"Update
29 September 2025
Posted by: Givealittle
Hi everyone,
Thank you so much to all who have donated — we are truly grateful for each and every contribution. We will now be closing this page and will no longer be accepting donations.
The funds so generously given will no longer go toward surgery, but instead will help cover the costs of cremation.
We deeply appreciate your kindness, support, and compassion during this difficult time.
Warm regards,
River Cruz.
Share this update
0 comments  |  Login to leave a comment",
Help Support Coraline Through Her Cancer Journey,Help Support Coraline at Senso Through Her Cancer Journey,https://static.givealittle.co.nz/assets/hero/e81d0915-7a37-47b9-b166-b35500dd974d-320:False,https://givealittle.co.nz/cause/help-support-coraline-through-her-cancer-journey,4060,10000,318 days to go,Donate,https://givealittle.co.nz/donate/cause/help-support-coraline-through-her-cancer-journey,11 Sep 2025,11 Sep 2026,0,"Meadowbank, Auckland",45,"Coraline, our much-loved hairdresser at Senso Meadowbank, recently received devastating, unexpected news: she has been diagnosed with breast cancer. In just two weeks, she faces surgery, followed by a challenging 12-month journey of chemotherapy and radiation.
Those who know Coraline know her kindness, her radiant smile that lights up the salon, and her incredible talent with hair. Senso Meadowbank is more than a salon to her, it’s the dream she has poured her heart into for the past two years, carefully building a loyal clientele and a welcoming space for our community.
Coraline is also a devoted mum to four beautiful daughters, ages 3 to 14. While she focuses on her health and family, this fund will help keep her treasured salon running and provide essential support for her and her girls.
Our community is strong and caring. Let’s rally around Coraline and show her that she’s not alone. Every donation, big or small, makes a real difference. 💗
Coraline has not requested we do this, but has accepted the offer to do it on her behalf.
All funds will be deposited directly from Givealittle to Coraline directly.
Andrea Duff's involvement (page creator)
Client & friend.
Use of funds
Funds to help keep the salon running, funds to help with childcare and school fees, anything she and her husband needs on one income and to keep her treasured Senso afloat.","Funds to help keep the salon running, funds to help with childcare and school fees, anything she and her husband needs on one income and to keep her treasured Senso afloat.","Created by
Andrea Duff  




      Paying to a verified bank account of
Coraline Rewcastle Perretta",Page Moderated,3,"A VERY generous and talented local!
20 October 2025
The incredibly talented Michelle McLiver has generously listed one of her beautiful original paintings on Trade Me to support Coraline’s recovery:
https://www.trademe.co.nz/a/marketplace/art/nz-artists/listing/5572812224
100% of the proceeds from this auction will be donated directly to this page to help with her ongoing care and treatment.
The artwork, titled “Karekare Falls”, captures one of West Auckland’s most iconic and breathtaking waterfalls. A framed piece of this calibre from Michelle would normally retail for around $2,000, so this is a rare opportunity to own a very special piece of art while also contributing to this special cause.
I was lucky enough to see Coraline briefly last Thursday when she popped into Senso to have her hair washed and blow-waved. She hadn’t been able to wash her hair herself yet, as wasn't allowed to get the surgery area wet. So it was lovely to see her being pampered, and even though she was tired, she still had her radiant Coraline smile.
She is now at home resting and gently recovering before the next stage of her treatment begins
Share this update
0 comments  |  Login to leave a comment
Update on Coraline
13 October 2025
Coraline underwent her mastectomy surgery last week, and we’re so relieved to hear that everything went well. It’s good to have that part behind her.
Recovery has been challenging, with some nausea and fatigue, which is completely normal after such a major procedure. Hang in there, Coraline. Take the time you need to rest and heal. We’re all sending strength and positive energy for a smooth and speedy recovery. 🌸
Share this update
0 comments  |  Login to leave a comment
Update from Coraline
6 October 2025
Here’s an update from Coraline. While it’s not the news we hoped for with Senso, we’re so proud of her for prioritising her health. As she faces no income, she still needs our support while finalising salon finances and managing without income. Please continue to give generously. Coraline has been deeply touched by your kindness. Let’s send her strength as she undergoes surgery this week.
💗 A Message from Coraline 💗
As some of you already know, I’ve recently been diagnosed with cancer. After much thought and discussion with my medical team, I’ve made the difficult decision to step back from hairdressing for now, as my treatments will be long-term and ongoing over the next few years.
It hasn’t been easy to let go of the scissors after so many years at Senso, but I’m deeply grateful for all the love, loyalty, and support I’ve received from each of you.
The good news is that Natalie who many of you have already met will be taking over senso and all the clients. I’ve had the pleasure of working alongside her for the past few months, and she’s truly amazing: warm, talented, and passionate about making people feel their best.
Natalie will be in touch soon to reorganise appointments and do her best to accommodate everyone into her schedule. You can also reach her directly at (09) 528 33 20 to book your next visit.
Thank you all again for your kindness and for continuing to bring life and energy to Senso. It means the world to me. 💕
With love, Coraline
Share this update
1 comment  |  Login to leave a comment
06/10/2025 by Christine
Ton salon te tenait tellement à cœur ❤️ ma chérie mais ta santé passe avant tout. D'énormes bisous de papa et maman",
Trans future and hope for less pain.,Help me fix my face and body and me become the me I’ve always wanted.,https://static.givealittle.co.nz/assets/hero/3d29dbc8-e197-4250-b3fb-b35500b81c5f-320:False,https://givealittle.co.nz/cause/surgery-gone-wrong-trans-in-need,81,34000,318 days to go,Donate,https://givealittle.co.nz/donate/cause/surgery-gone-wrong-trans-in-need,11 Sep 2025,11 Sep 2026,0,Waikato,5,"Hey, Chloe here.
In December 2023, I had surgery to remove a tumour in my parotid gland, behind the jaw and ear. The surgery involved opening my face from the top of my ear to below it in my neck area. Unfortunately, I ended up having my ear moved and fluid buildup and tissue movement in my face, which I still have.
To understand myself and find my identity as a trans person, I experimented with different clothing, hairstyles, and makeup. However, I had to put any future plans on hold to receive medical treatment and undergo surgery on my face, which has been complicated by ongoing issues.
I need multiple injections and biopsies in my face and neck to manage pain, fluid buildup, facial sweating, and check for recurring problems. This has shifted my jaw, changed my face shape, and made it difficult to eat simple foods. In social situations, this can become embarrassing because it triggers my emotions due to the pain. Corrective surgery in my face will significantly improve this and also address other areas of my face.
I’m still no closer to having my face fixed or starting my transition. This is because the entire process is self-funded, and I can’t afford the necessary treatments. I feel like my journey has been taken away from me, not just because I can’t pay for the services I need, but also because I’ve spent so much time recovering and seeking additional treatments to alleviate pain and facial disfigurement. As of now, the only possible outcome is surgery.
Use of funds
The money will be used for corrective facial surgery and facial feminisation and body feminisation like boobs and jaw line and brow reduction and fixing what little hair I have left.
Other page links
on Facebook
on Instagram",The money will be used for corrective facial surgery and facial feminisation and body feminisation like boobs and jaw line and brow reduction and fixing what little hair I have left.,"Created by, and paying to a verified bank account of,
Chad Short",Page Moderated,1,"Price for my surgery
16 October 2025
price includes surgery for my face and my breast implants including all my hospital stays and my companion fee to bring my mum along to help me get around etc. we have chosen Thailand for the surgeries as it’s upto $100,000 in New Zealand and slightly less in Australia. The surgeries will be completed hopefully end of 2026 early 2027. Feel free to ask me any details about the surgeries, I’m happy to talk about them.
Share this update
0 comments  |  Login to leave a comment",
Matariki Emerging (ME) Programme,"One of the principles is to overcome barriers to participating such as costs, thus we are seeking full funding to allow all to attend.",https://static.givealittle.co.nz/assets/hero/2ffd5881-7195-464d-9a9d-b35401521885-320:False,https://givealittle.co.nz/cause/matariki-emerging-me-programme,30,35000,133 days to go,Donate,https://givealittle.co.nz/donate/cause/matariki-emerging-me-programme,10 Sep 2025,10 Mar 2026,0,"Christchurch, Canterbury",3,"Beginning in July 2026, this is a 6 month pilot programme designed for under 18 year olds that are struggling with direction in life. This programme was developed from a tikanga maori knowledge base where the selected participants and their family are invited to participate. Its main purpose is to strengthen identity, build self esteem, identify a future direction and connect to groups within the community that support the identified future direction.
Use of funds
There are basic costs associated with the programme such as venue hire, catering, staffing, transport hire, administration (each participant will be provided with a report), activities and consultants.
Other page links
on Facebook","There are basic costs associated with the programme such as venue hire, catering, staffing, transport hire, administration (each participant will be provided with a report), activities and consultants.","Created by, and paying to a verified bank account of,
Paramount Safety Services        (Business)",Page Moderated,,,
Annabelle's Legacy ❤,Supporting advocacy for mental health system reform following the loss of our daughter,https://static.givealittle.co.nz/assets/hero/9a2c40d7-8629-422c-b33b-b34300e3e09f-320:False,https://givealittle.co.nz/cause/annabelles-legacy,3065,0,300 days to go,Donate,https://givealittle.co.nz/donate/cause/annabelles-legacy,10 Sep 2025,24 Aug 2026,0,"Glen Eden, Auckland",63,"Our beloved 13-year-old daughter Annabelle Daza died in September 2024. In her final weeks, she reached out again and again for help — but the systems meant to protect her failed. Crisis helplines did not escalate her serious disclosures. Emergency services withdrew when she showed distress. Schools dismissed the concerns of her worried friends. Every time she asked for help, she was let down.
We are determined to fight for the changes that could have saved her life and will protect other tamariki. Together with MPs, Mana Mokopuna - Children's Commissioner, Mitey, and media we are building Annabelle's Legacy - a system that can truly work for vulnerable children, young people, and their families.
We are sharing Annabelle's funeral service for those who knew and loved her, and for all who are supporting our kaupapa. It captures the essence of our extraordinary girl - her creativity, her gentle spirit, and the profound impact she had on everyone lucky enough to know her.
https://drive.google.com/file/d/1BpYeZTyWwtVl8lNYq2x1iFtZBtGd938Q/view?usp=sharing
Donations will support legal representation at the coroner's inquest and ongoing advocacy work to create the systemic changes that will protect other vulnerable tamariki - so that no other whānau must endure what we have.
Thank you for standing with us.
With gratitude,
Zoë and Miguel Daza
Use of funds
Donations will go towards
Legal costs to hire a QC lawyer as our representative for the coroner's inquest
Advocacy-related travel, expert advice,
Essential resources to support systemic change in the mental health system. This funding enables us to continue fighting for reforms that could prevent other children from falling through the same gaps that tragically failed Annabelle.
Other page links
on Instagram","Donations will go towardsLegal costs to hire a QC lawyer as our representative for the coroner's inquestAdvocacy-related travel, expert advice,Essential resources to support systemic change in the mental health system. This funding enables us to continue fighting for reforms that could prevent other children from falling through the same gaps that tragically failed Annabelle.","Created by, and paying to a verified bank account of,
Zoe Daza",Page Moderated,1,"Significant Progress in Our Advocacy for Change
24 September 2025
We wanted to share some significant developments in our advocacy for Annabelle.
The Health and Disability Commissioner has referred our complaint about Youthline directly to the Minister for Mental Health, Matt Doocey. This referral was made due to ""broader concerns regarding potential risks to public safety with particular reference to a young and vulnerable population."" This means they've recognised that the failures in Annabelle's case represent systemic issues that need addressing at a policy level.
We're also incredibly grateful for the Children's Commissioner Dr Claire Achmad's powerful open letter supporting the need for urgent reform. Her first open letter since 2013 validates everything we've been advocating for - you can read it here: https://www.stuff.co.nz/nz-news/360822291/our-urgent-collective-care-needed-prevent-youth-suicide-open-letter-childrens-commissioner
These institutional voices backing our call for change give us real hope that meaningful reform will happen so other families don't face what we have.
Thank you for your continued support in this fight for systemic change.
Zoë and Miguel
Share this update
1 comment  |  Login to leave a comment
25/09/2025 by Natalie
This is an awesome start in getting that reform our mental health system needs! Thank you for being so brave, sharing Annabelle’s story and fighting for these changes we need in order to protect our young people.",
Hi Hear Again – Hearing Aids Fundraiser,I'm tired of missing the important stuff,https://static.givealittle.co.nz/assets/hero/be995649-48b1-41e7-97b0-b35400ff3c5c-320:False,https://givealittle.co.nz/cause/hi-hear-again-hearing-aids-fundraiser,186,11000,43 days to go,Donate,https://givealittle.co.nz/donate/cause/hi-hear-again-hearing-aids-fundraiser,10 Sep 2025,10 Dec 2025,1,Waikato,8,"Hi everyone,
I'm Stephen, and I'm reaching out for a bit of help. After a lifetime working in transport — a tough industry where the pay isn't huge — I'm now facing a challenge I can't tackle alone.
I need hearing aids. Not just any hearing aids, but a set that will cost nearly $10,000. Unfortunately, I don’t qualify for any funding apart from $500.11 per aid, which leaves a massive gap to cover.
Years of working around loud machinery without protection have taken their toll. I’ve lost the lower range of my hearing, which means I struggle to hear female voices and softer sounds — and trust me, that’s more of a problem than some might think. It affects my daily life, my relationships, and my ability to work effectively.
I’ve always been independent, but this time I need to ask for help. My savings won’t stretch far enough to cover this cost, and I’m hoping that kind-hearted New Zealanders might be able to give a little to help me get back to normal life.
Every dollar helps — big or small — and I’m incredibly grateful for any support you can offer.
Thank you for reading, and thank you for caring.
Use of funds
The money will buy Hearings aids if I don't hit the target I will still buy hearing aids, However it will be another dept","The money will buy Hearings aids if I don't hit the target I will still buy hearing aids, However it will be another dept","Created by, and paying to a verified bank account of,
stephen knauf",Page Moderated,,,"6 days ago
Jill asks
Hi Stephen, checkout resonate hearing aids, I heard it advertised on radio. Evidently you pay 100.00 per month, no harm checking it out cheers Jill
stephen
Yes I understand that,however it's just another bill that never ends, so would rather pay outright"
Help Support Shazza Through Her Cancer Journey,"A much-loved Queenstown local, bravely facing Triple Negative Breast Cancer after a lifetime of giving back to her community.",https://static.givealittle.co.nz/assets/hero/ca00e7af-bb71-4bcc-b2e6-b35400f39fc0-320:False,https://givealittle.co.nz/cause/help-support-shazza-through-her-cancer-journey,2110,0,133 days to go,Donate,https://givealittle.co.nz/donate/cause/help-support-shazza-through-her-cancer-journey,10 Sep 2025,10 Mar 2026,0,"Otago, Queenstown Lakes District",30,"Shazza has been a familiar face around Queenstown for over 30 years – a true local with a heart of gold.
After the sudden loss of her husband Barrie in 2021, her world seemed to fall apart. With the love and support of her son Jared and a close circle of friends, she slowly found her way forward again. But earlier this year, Shazza was diagnosed with Triple Negative Breast Cancer.
While waiting for treatment, the cancer spread to her clavicle. Thankfully, she is responding well to chemotherapy, but doctors have advised her to stop work and rest in preparation for major surgery in October. If all goes well, she still won’t be able to return to work until at least February next year.
Shazza has spent years giving back to the community – from fundraising for local causes and charities, to shaving her own head in support of the Cancer Society. Now, it’s our turn to support her.
Holiday and sick leave can only stretch so far. We are asking for financial help to ease the pressure during this incredibly tough time, allowing Shazza to focus on healing without the added stress of bills and expenses.
Every little bit counts, and your kindness will make a world of difference.
Kerry Andrews' involvement (page creator)
Long time friend
Use of funds
Everyday living expenses while unable to work for 6months.
Other page links
on Facebook",Everyday living expenses while unable to work for 6months.,"Created by
Kerry Andrews  




      Paying to a verified bank account of
Sharon Shaw",Page Moderated,,,
Please help JAYDEN'S Family,Please help Jayden Broomes Family,https://static.givealittle.co.nz/assets/hero/0b87bd54-64a2-49ef-b98b-b35400ee5feb-320:False,https://givealittle.co.nz/cause/please-help-jaydens-family,49876,0,133 days to go,Donate,https://givealittle.co.nz/donate/cause/please-help-jaydens-family,10 Sep 2025,10 Mar 2026,2,"Gore, Southland",1002,"As most of you would have heard Jayden Broome had an accident on Monday night 8/09/25. This has left Jayden with serious injuries and in hospital. He has been moved from Dunedin to Christchurch at this time.
At a time like this Jayden's family need as much help as we can give them.
The money raised on this page will be paid to Moe Murray who will act as the administrator of funds along with Chris Wilson at the families request.
Hello everyone, Jayden's Mum and Dad would like to thank you all.
Jayden is in a stable condition in CHCH Hospital and is going to be transported back to Dunedin Hospital hopefully at the end of the week. Jayden has multiple injuries that are going to take some time to heal.
Brendon (Moe) Murray's involvement (page creator)
Very close friends to the family.
Use of funds
Funds raised will go to Jayden's Mum (Toni) and Dad ( Darren)for travel and accommodation costs and daily costs of living while being by Jayden's side through his recovery
Other page links
on Facebook",Funds raised will go to Jayden's Mum (Toni) and Dad ( Darren)for  travel and accommodation  costs and  daily costs of living while being by Jayden's side through his recovery,"Created by, and paying to a verified bank account of,
Brendon (Moe) Murray      on behalf of Jayden Broome",Page Moderated,1,"Update 24/09
24 September 2025
Posted by: Givealittle
Hello everyone,
Jayden’s Mum and Dad would like to extend their heartfelt thanks to each of you for your kindness and generous donations over the past couple of weeks.
Although Jayden has a long recovery ahead, he is now in a stable condition at Christchurch Hospital and has been approved for transfer to Dunedin Hospital hopefully by the end of the week so he can be closer to his family.
He has sustained multiple injuries that will require time and care to heal.
Share this update
1 comment  |  Login to leave a comment
24/09/2025 by Rosy
Jayden such good news ... you have been in our thoughts ...it will be great to be closer again to your family and friends 🧡","on 24 Sep 2025
Vanessa asks
Thank you. I really appreciate the update.
This question has not been answered yet.
on 21 Sep 2025
Vanessa asks
Any update please?
Brendon (Moe)
Jayden is in a stable condition in CHCH Hospital and is going to be transported back to Dunedin Hospital hopefully at the end of the week. Jayden has multiple injuries that are going to take some time to heal."
It's time to circle the wagons and help one of our own.,Hrushi and his family need our love and support.,https://static.givealittle.co.nz/assets/hero/0f278a31-1d94-419e-8e49-b354007df722-320:False,https://givealittle.co.nz/cause/its-time-to-circle-the-wagons-and-help-one,1810,10000,closed,Read more,https://givealittle.co.nz/cause/its-time-to-circle-the-wagons-and-help-one,10 Sep 2025,26 Oct 2025,0,Auckland,10,"Givealittle update: You can view the original cause page here: https://givealittle.co.nz/cause/support-hrushis-recovery-fundraiser
6 months ago, the unimaginable happened and I urge you all to take a moment to reflect on how it would feel if this had happened to someone you love.
It was an ordinary day, like any other, when Hrushi suddenly suffered a tragic fall that changed his life forever. In an instant, what we all take for granted - mobility, independence, normalcy - was taken from him. He is now paralysed from the neck down and while miracles do happen, the prognosis is not looking good.
Such cruel and random events remind us just how fragile our health and wellbeing truly are.
This is an earnest appeal to anyone and everyone who has known Hrushi during the significant time he has spent in the auto industry. We are raising funds to help make his life a little easier. You may have only spoken to him on the phone or met him a few times, but anything you can spare would mean a lot.
It’s still very early days - Hrushi has only just returned home after spending time in the ICU. We’re not yet sure how the funds will best be used, but even if they provide just a small amount of relief for Hrushi, his wife, and children, your support will be money well directed.
That said, I’m thinking BIG and I believe we can all do better than that!
Please pass this on to your contacts in the automotive, finance, and insurance industries. Let’s come together and make a real difference.
Thank you for taking the time to read this - now please, donate if you can.
Rob Dean's involvement (page creator)
I've known Rushi for the past 8 years - first during his time at Nova, and later at Western SsangYong. I've always enjoyed his company and have found him to be a loyal man of solid character, and a deeply family-oriented person
Use of funds
Bills and living costs.",Bills and living costs.,"Created by
Rob Dean  




      Paying to a verified bank account of
Hrushikesh Purani",Page Moderated,,,
No more pain! Please help me get new teeth,Helping to make a difference with a beautiful smile and the ability to eat normally again,https://static.givealittle.co.nz/assets/hero/05f8691a-dab0-4363-ad9f-b35301829c0e-320:False,https://givealittle.co.nz/cause/new-teeth-new-life,112,14500,13 days to go,Donate,https://givealittle.co.nz/donate/cause/new-teeth-new-life,9 Sep 2025,10 Nov 2025,0,"Greymouth, West Coast",3,"I understand im not the worst case, but to me and my life, i am.. i have suffered from bad teeth since i was little, as reflux ruined the enamel on my teeth, now i am 37 years old and after two babies my teeth dont have much left in them.. i am constantly paying money to have them filled and cannot get ahead with the work that needs done... but a cheap flight to turkey would fix that.. so thats what i am aiming for, fingers crossed with your help.. $14,000 for the whole treatment plan with a trusted clinic to get what would be around $40-50k worth of work here in new zealand so i am reaching out for any help towards it will be greatly received! I would give anything to eat freely again and not be in constant pain, to smile freely..
Many thanks in advance!
Use of funds
All will go towards the $14,325 treatment plan to fix my teeth... which would otherwise cost $40-50k here in nz","All will go towards the $14,325 treatment plan to fix my teeth... which would otherwise cost $40-50k here in nz","Created by, and paying to a verified bank account of,
Kara Watkins",Page Moderated,,,
Shave for a Trial - John Lyon's Cancer Battle,I am shaving my head to help raise funds for John Lyon's battle with cancer. All funds will go towards unfunded trials/treatment.,https://static.givealittle.co.nz/assets/hero/69b01f32-2a9c-4c93-90d9-b35301445c40-320:False,https://givealittle.co.nz/cause/shave-for-a-trial-john-lyons-cancer-battle,18331,0,3 days to go,Donate,https://givealittle.co.nz/donate/cause/shave-for-a-trial-john-lyons-cancer-battle,9 Sep 2025,31 Oct 2025,1,"Millwater, Silverdale",113,"John Lyon is a mate of mine that was diagnosed with a rare stage 4 nasopharyngeal cancer. He has been fighting this for 12 months with multiple rounds of chemo, radiation and Keytruda, which is an unfunded immunotherapy. Things seemed to be going well, but recently scans revealed that secondary cancers on his lungs, ribs and lymph nodes have spread. Because of this John needs to start looking at drug trials and other unfunded treatments to continue his fight against cancer and prolong his time with his family (wife Emma and kids Lucas and Sophia). These drug trials and treatments all come with a hefty price tag, so I have decided to raise money by getting sponsors to shave my head. If you are keen to support this please share this post on your socials and donate. All funds will be used directly to support John and his family fight this battle. Thanks for any support.
Jarrod Walton's involvement (page creator)
John is a good mate of mine. He is a great mate, father to Lucas and Soph and husband to Emma. John is a giving guy who does not hesitate to help anyone that needs a hand or support.
Use of funds
All funds will be used directly to support John and his family fight John's cancer, by helping fund drug trials and other unfunded treatments.","All funds will be used directly to support John and his family fight John's cancer, by helping fund drug trials and other unfunded treatments.","Created by
Jarrod Walton  




      Paying to a verified bank account of
John  Lyon",Page Moderated,4,"Last Chance
28 October 2025
Hi Team
Thanks to everyone who has donated to date!!!
I caught up with John yesterday. He is doing well and looks like he will start a new round of conventional treatment soon. He and Emma are still applying for overseas drug trials and hopefully he finds one that he is eligible for soon!
This page will close in 4 days so just sending a reminder to donate if you have not already.
Cheers
Jarrod
Share this update
0 comments  |  Login to leave a comment
The Big Shave
6 October 2025
The big shave happened this morning with John the learner barber doing the honors. Thanks to Singh from Cuts 2 Go in Orewa for letting us use his barber shop. Thanks also to all of you generous legends who have donated to date. The page is open until the end of the month so its not too late to donate if you have not already. Please donate and share!
Share this update
0 comments  |  Login to leave a comment
Big Thanks
5 October 2025
Posted by: John Lyon
Just wanted to say a big thanks to everyone for all your support. It means so much to our family as we navigate treatment and options moving forward x
Share this update
0 comments  |  Login to leave a comment
Thanks Team
17 September 2025
Just an update to say thanks heaps to all of you who have donated so far - you are all legends. The page will be open to the end of October so please share it with friends and family. I will be doing the shave later this month and will post photos!!
Share this update
0 comments  |  Login to leave a comment","on 12 Sep 2025
Kylie asks
Hi, I work for a charity called TimeOut. We connect generous holiday homeowners across New Zealand with people diagnosed with stage 4 cancer or an incurable illness, offering them the chance to enjoy a much-needed break and spend quality time with loved ones.
If you’re interested in applying or would simply like to learn more, we’d love to support you.. As a small charity, we can’t always guarantee a suitable match - particularly for larger groups - but we do our very best to help. Recipients can apply online at www.timeoutnz.org or get in touch with us directly at info@timeoutnz.org with any questions. Take care, Kylie
This question has not been answered yet."
Help Claudia Fight Leukemia,"Help Claudia Fight Leukemia. 
Claudia, is only 25 years old and has recently been diagnosed with acute myeloid leukemia (AML).",https://static.givealittle.co.nz/assets/hero/fab0cf2d-113d-4c8a-bb1d-b35301392a5b-320:False,https://givealittle.co.nz/cause/help-claudia-fight-leukemia,1755,0,132 days to go,Donate,https://givealittle.co.nz/donate/cause/help-claudia-fight-leukemia,9 Sep 2025,9 Mar 2026,0,"Napier, Hawke's Bay",18,"Help Claudia Fight Leukemia for Her Daughter Elora
Our beautiful daughter, sister, Claudia, is only 25 years old and has recently been diagnosed with acute myeloid leukemia (AML).
This devastating news has turned her world upside down. At just 25, she should be enjoying life, chasing her dreams, and raising her little girl. Instead, she is now facing the toughest battle of her life — fighting cancer.
She is also the loving mum of Elora, her bright and beautiful 1½-year-old daughter. Elora is her whole world, and Elora is her biggest motivation to keep fighting. We want nothing more than for this little girl to grow up with her mum by her side, healthy and strong.
She has already begun treatment, but it is a long, painful Journey, The costs travel, and the day-to-day expenses while she is unable to work are overwhelming for her and our family.
We are reaching out with heavy hearts but also with hope. Every donation, no matter how big or small, will go directly towards:
Travel and accommodation. Support for her and Elora during this difficult time
If you can’t donate, please consider sharing this page with your friends, family, or workplace. Your kindness, prayers, and support mean more than words can say.
Together, we can help give Claudia the strength and support she needs to fight this battle and continue being the amazing mum Elora deserves.
From the bottom of our hearts, thank you. 💙
Brandon Lawrence's involvement (page creator)
Claudia is my Sister and Elora's Uncle
Use of funds
Travel and accommodation, Expenses while Elora is under Grandmothers care","Travel and accommodation, Expenses while Elora is under Grandmothers care","Created by
Brandon Lawrence  




      Paying to a verified bank account of
Sharin Marshall      on behalf of Claudia Marshall",Page Moderated,1,"Update from Claudia
6 October 2025
Thank you to the incredible people that have donated! You guys are amazing.
Claudia had a bone marrow biopsy done today to tell if the first round of chemo has worked and from having 64% of Leukemia cells in her blood to now only having 1-2% of Leukemia cells remaining
The doctors are absolutely happy with this news and it is the best news we hoped for as that means chemo is working.
Claudia is off to Wellington tomorrow for a bone marrow transplant consultation to explain further in detail what it requires if she did need it now or in the near future as she is still waiting on some results from this bone marrow, will know in a couple days whether she can come home early than expected or has to stay the 4 months (3 months remaining) and if she does infact need the transplant. If she does there is a long wait list, so she'll continue her chemo and wait.
Claudia starts her second round of chemo this week.
She thanks everyone for donating and all the messages. You guys are incredible 😊
Share this update
0 comments  |  Login to leave a comment",
Help Sam living with Ehlers-Danlos Get Treatment for Spine & Joint Pains,"Help Sam access treatment for EDS-related spine and joint instability to reduce pain, regain function, and live more actively & comfortably.",https://static.givealittle.co.nz/assets/hero/3e211c9e-f745-477c-a812-b35300f52701-320:False,https://givealittle.co.nz/cause/help-sam-living-with-ehlers-danlos-get-treatment,1250,60000,12 days to go,Donate,https://givealittle.co.nz/donate/cause/help-sam-living-with-ehlers-danlos-get-treatment,9 Sep 2025,9 Nov 2025,0,"Christchurch, Canterbury",16,"I’m fundraising for regenerative medicine to help stabilize my degenerating loose spine, shoulders, and other joints affected by Ehlers-Danlos Syndrome (EDS), a connective tissue disorder that causes joint instability, pain, and early degeneration.
After years of unexplained pain, injuries, I received an EDS diagnosis last year, learning my body produces faulty collagen, affecting many body systems. Ongoing joint pain & discomforts meant giving up my career as an award-winning young scientist, along with many sports and activities I loved. Cervical Instability is my most challenging condition with neck pain, stiffness, difficulty swallowing and throat/voice issues, vegas nerve degeneration and damage.
These treatments have great potential to restore strength and stability to my damaged ligaments, reduce pain & help avoid risky invasive surgeries, I’ve spoken with others worldwide who’ve had significant improvements from similar treatments & I’m hopeful it could help me regain lost function, slow degeneration & restore more activity to my life.
With your support, I can access these promising treatments, travel to appointments, and cover related medical costs. My dream is to return to more of what I love - photography, swimming & cycling, singing, and connecting with friends, while continuing inspiring others to live authentically and positively.
I’m grateful for every bit of support :) 5% of donations go to EDS NZ. I'm also going clean-shaven for the first time in 9 years,as part
Use of funds
Funds will go towards various repeated prolotherapy injections of multiple joints, travel for treatment & scans & complementary medical care such as physiotherapy and postural restoration.
Other page links
on Facebook
on YouTube
caringmedical.com/home/conditions/neck-pain-and-cervical-instability","Funds will go towards  various repeated prolotherapy injections of multiple joints, travel for treatment & scans & complementary medical care such as physiotherapy and postural restoration.","Created by, and paying to a verified bank account of,
Sam Davidson",Page Moderated,,,
Top Surgery for William,Top Surgery for William,https://static.givealittle.co.nz/assets/hero/342ac6a3-3be5-4c02-915f-b35300ddf0aa-320:False,https://givealittle.co.nz/cause/top-surgery-for-william,1175.2,24150,282 days to go,Donate,https://givealittle.co.nz/donate/cause/top-surgery-for-william,9 Sep 2025,6 Aug 2026,0,Auckland,25,"For 6 years, I've known I'm trans. Since puberty, I've known I didn't like the way my chest looked.
Top Surgery (mastectomy) is a life-saving surgery considered not medically necessary by insurance, which is why I need to raise money to be able to afford the procedure.
Like taking testosterone has done, my life would be drastically improved. I would no longer struggle with swimming, exercise, wearing the clothes I like, and existing comfortably in my body. Instead of spending the morning wondering what shirt will make me less aware of my rather curvaceous chest, and spending an absurd amount of money every few months on compression binders, I would be able to focus on the important things in my life, like studying medicine!
Use of funds
Funds raised will go towards surgical fees , hospital and anesthetic fees
Other page links
on Instagram","Funds raised will go towards  surgical fees , hospital and anesthetic fees","Created by, and paying to a verified bank account of,
William P",Page Moderated,1,"Thankyou
29 September 2025
I'm truly privileged to be receiving this support, I couldn't thank everyone enough! It's tough keeping money when I have a new medical cost every other week; so the help from outside, toward something I can't focus my own money on, really makes a difference.
Share this update
0 comments  |  Login to leave a comment",
LOVE U BRO,Charity for men’s mental health,https://static.givealittle.co.nz/assets/hero/9ba78d6a-3f93-47d9-81a3-b3530080412a-320:False,https://givealittle.co.nz/cause/love-u-bro,3195,0,3 days to go,Donate,https://givealittle.co.nz/donate/cause/love-u-bro,9 Sep 2025,31 Oct 2025,0,Canterbury,65,"Donating for men’s mental health by rolling 100 5 minute rounds on the 27th of September !
Northsouth Jiu Jitsu's involvement (page creator)
Friends and supporters
Use of funds
Improving access for men’s mental health
Other page links
on Instagram",Improving access for men’s mental health,"Created by, and paying to a verified bank account of,
Northsouth Jiu Jitsu        (Business)
      on behalf of Love u bro campaign",Page Moderated,,,
Help Fix Shakiras Lying Hips,Requesting help to cover living expenses whilst recovering from double hip surgery.,https://static.givealittle.co.nz/assets/hero/4d8cc70e-cdc2-4a63-93cb-b352015867c3-320:False,https://givealittle.co.nz/cause/help-fix-shakiras-lying-hips,3305,0,closed,Read more,https://givealittle.co.nz/cause/help-fix-shakiras-lying-hips,8 Sep 2025,30 Sep 2025,0,Wellington,36,"Kia ora Whanau
My name is Shakira and im in much need of some awhi, kindness. I'm currently on a waiting list for two complete hip replacements, despite my name, my hips appear to in fact lie. This has been ongoing for the last 8-9 years of constant back and forth between GPs, physios, psychologists, and pain clinics. It's only been identified as Osteoarthritis around April. This being my second attempt at being put through to the orthopaedics at Wellington Hospital.
I had a date booked for surgery on the 9th September, but due to our health system being overwhelmed and acute cases coming in, this unfortunately has now delayed until October 14th. I am unable to access acc, due to it not being from injury. I am also not eligible for disability/sickness allowance, due to being income tested on my partners income.
I'm writing this out of desperation, as I can't function or continue with my mahi as a ECE teacher. I can barely walk, get out of seating, dress myself, or manage basic self care tasks. My partner has to help with all these basic self care needs on a daily basis, which is a huge strain on our relationship & sleep and mental health. I am in constant pain and being in a profession that requires constant being on your feet, lifting, being reactive and responsive to children is compromising the health & safety of myself, as well as the Tamariki I work with. I can no longer manage, or sustain this physically, mentally, and exacerbating the pain.
Use of funds
Work is only prepared to cover 3 weeks out of the 6 weeks of my recovery. What I'm needing support with is to have some financial assistance with mortgage payments, to cover me over this the period, also to support me to have break until surgery.","Work is only prepared to cover 3 weeks out of the 6 weeks of my recovery. What I'm needing support with is to have some financial assistance with mortgage payments,  to cover me over this the period,  also to support me to have break until surgery.","Created by, and paying to a verified bank account of,
Shakira Walsh",Page Moderated,,,
Healing journey of Awhitia,This page is to help Awhitia through her journey of recovery.,https://static.givealittle.co.nz/assets/hero/d3ab1c7f-5a10-4b6a-9647-b3520159b7a1-320:False,https://givealittle.co.nz/cause/healing-journey-of-awhitia,1383,0,closed,Read more,https://givealittle.co.nz/cause/healing-journey-of-awhitia,8 Sep 2025,20 Oct 2025,0,"Kingsland, Auckland",9,"Awhita is a healer, a traditional birther, a tohunga ruahine, and a teacher of rongoā Māori. She has currently under gone a critical surgery and would like to continue her healing journey with your help.
Our former Art of Living New Zealand President, Awhitia Mihaere, is in recovery after surgery to remove a tumour. Awhitia a wonderful teacher, healer and leader in the Māori world is a dedicated supporter of the Art of Living, and took a leading role in Gurudev’s visit last year. You might remember her as the lady who did the call when Gurudev entered the church as well as the one who sang a waiata when Gurudev was on stage at the main event. She brings his knowledge to the Māori community. Please join us in donating to support Awhitia’s healing journey.
Nirmala D'SOUZA's involvement (page creator)
I have known Awhitia since she first became the President of the Art of Living Foundation New Zealand and has become a close friend and counselor over the years
Use of funds
Awhitias journey towards a more holistic healing journey.
Money will be used for healing herbs and maori medicine and healing methods such as romi romi, miri miri, lomi lomi as well as mindfulness programs that will help her on her journey","Awhitias journey towards a more holistic healing journey.Money will be used for healing herbs and maori medicine and healing methods such as romi romi, miri miri, lomi lomi as well as mindfulness programs that will help her on her journey","Created by
Nirmala D'SOUZA  




      Paying to a verified bank account of
Awhitia Mihaere",Page Moderated,,,
Help me smile again,Help bring back my smile,https://static.givealittle.co.nz/assets/hero/96774b14-099a-4992-a0fc-b35200de56a9-320:False,https://givealittle.co.nz/cause/help-me-smile-again-6,18,25000,closed,Read more,https://givealittle.co.nz/cause/help-me-smile-again-6,8 Sep 2025,13 Sep 2025,0,Waikato,4,"Kia ora friends, whānau, and kind strangers,
I’m reaching out with a humble heart to ask for your support. For some time now, I’ve been struggling with my teeth, and it has deeply affected my health, confidence, and quality of life. Something as simple as eating a meal or smiling has become difficult, and it’s taken a toll on me more than I can put into words.
After researching options, I’ve found that travelling to Turkey for dentures is the most affordable and effective way to get the treatment I need. My goal is to raise $25,000 to cover the costs of flights, accommodation, and the dental work.
Your donation, no matter how small, will help me take this step towards smiling confidently again, eating without pain, and living life fully. Even if you can’t donate, sharing this page would mean the world to me.
From the bottom of my heart, thank you for helping me on this journey toward a healthier, happier future.
Use of funds
Funds raised will go towards Flights, accommodation and dental work","Funds raised will go towards Flights, accommodation and dental work","Created by, and paying to a verified bank account of,
Michelle Bowden",Page Moderated,,,
Sparkys Care Stroke Month,Sparkys care fundraising for New Plymouth Stroke Support Trust through out the month of September.,https://static.givealittle.co.nz/assets/hero/22052ab7-6d9e-4dd4-9686-b35101369fc2-320:False,https://givealittle.co.nz/cause/sparkys-care-stroke-month,335,0,closed,Read more,https://givealittle.co.nz/cause/sparkys-care-stroke-month,7 Sep 2025,30 Sep 2025,0,"New Plymouth, Taranaki",12,"In 2022, Bryce from Bryce Collins Electrical and Scotty from Smith Sparky Services created Sparky’s Care — two local electricians giving back, raising funds, and having fun.
This year we’re back, teaming up with Shining Peak and Smok’n Comrades to support the New Plymouth STROKE Support Trust, who work tirelessly to ensure stroke survivors in Taranaki aren’t left isolated, but instead can reconnect, explore, and enjoy life.
👉 How you can help:
❤️ Wear Red & spread the word – we’ll be in our Sparky’s Care gear all month.
🍴 Join us at Smok’n Comrades on Sunday 21 Sept – a portion of every meal sold supports the cause.
🍻 Drink Beer, Do Good – Shining Peak will donate 5% of all beer sales in September.
👕 Order a Sparky’s Care Tee – $10 from every shirt goes to stroke support.
💸 Donate – every little bit helps us reach our goal!
Please get behind Sparky’s Care, Shining Peak & Smok’n Comrades this September as we raise funds for the New Plymouth STROKE Support Trust. Together, we can make a real difference. ❤️
Bryce Collins' involvement (page creator)
Charity Donation
Use of funds
This money will go towards the operation of the Trust where they take there members (stroke survivors) out on various events through out the year.
Other page links
on Facebook",This money will go towards the operation of the Trust where they take there members (stroke survivors) out on various events through out the year.,"Created by, and paying to a verified bank account of,
Bryce Collins      on behalf of New Plymouth Stroke Support Trust",Page Moderated,,,
"Hi I am Gabriel, I am one of the MoMo twins",MoMo twins,https://static.givealittle.co.nz/assets/hero/b7d59539-dda5-432f-892f-b351010f2590-320:False,https://givealittle.co.nz/cause/hi-i-am-gabriel-i-am-one-of-the-momo-twins,560,20000,314 days to go,Donate,https://givealittle.co.nz/donate/cause/hi-i-am-gabriel-i-am-one-of-the-momo-twins,7 Sep 2025,7 Sep 2026,0,"Johnsonville, Wellington",10,"Hi, my name is Madelon and I am raising fund for my nephew, who is one of the Monoamniotic twins, also known as ""MoMo"" twins. They are identical twins that shared the same amniotic sac and placenta. Monoamniotic twins develop when an embryo does not split until after formation of the amniotic sac, at about 9–13 days after fertilization. This rare condition can lead to complications such as umbilical cord entanglement. His name is Gabriel, a surviving twin after Michael, his brother passed away at the age of 8 days old. Both of them were born after no heartbeat was detected during pregnancy at just over 32 weeks. The stress of the babies would have been lesser if the scheduled CS went as planned but postponed after 24 hours. Michael, was born pale and lacking colour. He was fighting for his life but lost after 8 days. They were born in the Philippines, but with the powers that be, a public hospital is no longer what we have expected to be, to assist those in need. The medical bills for the twins are astronomical. With the surviving twin, Gabriel, who needs to spend weeks in NICU, this takes on the financial toll for the family. Currently, Gabriel is now released into the real world under promissory note, he needs constant time with a pediatrician after his release. We are incredibly grateful for any support you can provide. Every donation, big or small, brings us closer to our goal and makes a real difference in his life.
Madelon Grant's involvement (page creator)
My niece just given birth to MoMo twins.
Use of funds
Medical bills
Other page links
on YouTube",Medical bills,"Created by, and paying to a verified bank account of,
Madelon Grant      on behalf of My nephew, Gabriel who lives in the Philippines",Page Moderated,1,"Little by little
5 October 2025
Our little Gabriel is now just over 2kg, progressing, showing a bit of chubbiness. He knows how to show his displeasure/emotions of whatever. Without a doubt, he's missing his twin brother, his partner in crime for 32 weeks.
Share this update
0 comments  |  Login to leave a comment",
Help Jitend get back on his feet after many health challenges.,Making a difference in someone's life.,https://static.givealittle.co.nz/assets/hero/817eeb8b-9cbf-4eeb-9a36-b3510027c4dd-320:False,https://givealittle.co.nz/cause/help-jitend-get-back-on-his-feet-after-many-health,333,3000,closed,Read more,https://givealittle.co.nz/cause/help-jitend-get-back-on-his-feet-after-many-health,7 Sep 2025,30 Sep 2025,0,Auckland,10,"My name is Jitend Chand and help is needed to overcome a difficult period. For months, severe depression, anxiety, sinus infection, asthma and a persistent lung infection have made it impossible to work.
Initially, my anxiety and depression, which had been managed well became overwhelming with workplace bullying. A stubborn lung infection then developed due to my sinus infection while waiting on the waiting list for 4 years for sinus removal which is publicly funded and still no luck. The procedure is now have to be done privately by a specialist in a privately owned hospital. Due to all this physical illness, mental health struggles were compounded resulting in constant exhaustion and difficulty breathing.
The physical toll of the lung & sinus infection, fatigue, asthma and constant discharge of mucus has been a major obstacle. The physical illness has intensified my mental health struggles. Isolation and worry have increased my anxiety and the ability to work and support myself.
A cycle exists where my mental health makes it hard to fight the physical illness.
I take pride in work and the thought of returning to a normal life is motivating. Any contribution big or small will make a world of difference. Thank you for your kindness and support.
Use of funds
Overdue bills, rent, medical costs daily expenses has become a daily struggle. Donations will be used for Medical procedures for sinus removal at a private clinic, CT scans, Specialist visits, Living expenses to cover overdue rent, groceries, utilities.","Overdue bills, rent,  medical costs daily expenses has become a daily struggle. Donations will be used for Medical procedures for sinus removal at a private clinic, CT scans, Specialist visits, Living expenses to cover overdue rent, groceries, utilities.","Created by, and paying to a verified bank account of,
      
        Jitend Chand",Page Moderated,2,"Thank you all for your support so far.
19 September 2025
Just waiting for the results from the specialist for the CT scans that happened a week ago. Still a long way to go to reach the goal but appreciate each donations so far.
Share this update
0 comments  |  Login to leave a comment
Surgery cost update
12 September 2025
The cost of the surgery done through a privately owned hospital is almost $3000
Share this update
0 comments  |  Login to leave a comment",
Amos battles Leukemia,Raising money for Amos Sanders travel and treatment for Leukemia,https://static.givealittle.co.nz/assets/hero/74056c48-e648-417b-b557-b3500161f315-320:False,https://givealittle.co.nz/cause/amos-battles-leukemia,11051,0,33 days to go,Donate,https://givealittle.co.nz/donate/cause/amos-battles-leukemia,6 Sep 2025,30 Nov 2025,0,"Wellsford, Auckland",116,"Amos is one of the bravest 8 year old boys I know. He has Leukemia and is undergoing his chemotherapy treatment. Amos and his fam have been travelling to and from Starship regularly (190kms return trip). On Friday 17 October I will be shaving my head for Amos, along with others at Rodney College who will be taking part in Shave for a Cure. Please help us raise funds to support this amazing family.
You can watch a video of Amos by clicking this: https://www.facebook.com/share/v/18TbXJPoSR/
Jo Warahi's involvement (page creator)
Family friend
Use of funds
Travel costs and any medical costs and needs for Amos and family",Travel costs and any medical costs and needs for Amos and family,"Created by
Jo Warahi  




      Paying to a verified bank account of
Matthew Sanders      on behalf of Matthew and Lee Sanders",Page Moderated,,,
"“Helping us cover the last funeral costs for our mum, Elizabeth Hine Aroha Whiu.”",Need help to pa,https://static.givealittle.co.nz/assets/hero/177f836e-c4da-426d-b1e4-b35001505d8c-320:False,https://givealittle.co.nz/cause/helping-us-cover-the-last-funeral-costs,900,3000,closed,Read more,https://givealittle.co.nz/cause/helping-us-cover-the-last-funeral-costs,6 Sep 2025,20 Sep 2025,0,"Birkdale, Auckland",15,"On August 25th, 2025, we sadly lost our beloved mum, Elizabeth Hine Aroha Whiu, to health complications. Mum was the heart of our whānau—her kindness, strength, and unconditional love shaped who we are today.
With the support of generous koha from friends and whānau, we’ve been able to cover most of her funeral costs. We are reaching out now to ask for a little extra help to pay the remaining balance, so we can give Mum the farewell she truly deserves.
Every donation, no matter the size, helps us honour her memory and ease the financial strain during this difficult time. From the bottom of our hearts—thank you. ❤️
Use of funds
The money will go toward Mum’s remaining funeral costs and final expenses",The money will go toward Mum’s remaining funeral costs and final expenses,"Created by, and paying to a verified bank account of,
Andre Whiu",Page Moderated,,,
Help Support Toma’s Recovery ❤️‍🩹,Help Support Toma’s Recovery from a brain aneurysm ❤️‍🩹,https://static.givealittle.co.nz/assets/hero/fe8955ef-4e4a-49e4-b6e7-b350011af498-320:False,https://givealittle.co.nz/cause/help-support-tomas-recovery,3125,0,39 days to go,Donate,https://givealittle.co.nz/donate/cause/help-support-tomas-recovery,6 Sep 2025,6 Dec 2025,0,"Howick, Auckland",42,"Toma is a loving dad of three, a partner, step-dad, son, brother, uncle, cousin, and friend. He is also an amazing teacher who loves his job and his students. But unfortunately, Toma had a life-changing medical event.
On Monday, 25th August, around 10 pm, Toma suffered a sudden brain aneurysm. Before the ambulance arrived, he experienced two seizures, and the left side of his body stopped functioning. He was sedated, intubated, and rushed to Auckland Hospital.
A CT scan revealed a ruptured aneurysm that caused an 8cm bleed. Toma was admitted to the ICU, where he underwent two major brain surgeries across seven hours on Tuesday. The surgeons worked to stop the aneurysm bleed and remove the blood that had seeped into his temporal lobe.
Toma remained in an induced coma until Thursday, 28th August, when doctors were able to stop the sedation and remove his breathing tube.
The three weeks following a ruptured aneurysm are considered a very high-risk period, so we are taking things day by day. The family is deeply grateful for all the love, support, and prayers that have been pouring in for Toma and his recovery. ❤️
Any donation, big or small, will help ease the financial pressures during this difficult time. Whilst the family has some leave available through their work, it is anticipated that recovery will take several months and may result in loss of income for some time. Funds will go towards supporting the family financially, allowing them to focus fully on Toma’s recovery.
Faith Field's involvement (page creator)
Toma is my mum's partner, and I am the step-daughter who lives in the same home, along with my brother and Toma's daughter, Georgia.
Use of funds
Funds will go towards supporting the family financially, allowing them to focus fully on Toma’s recovery.","Funds will go towards supporting the family financially, allowing them to focus fully on Toma’s recovery.","Created by, and paying to a verified bank account of,
Faith Field      on behalf of Toma and his family",Page Moderated,,,
Please help us raise funds for my sister battling with a rare Cancer,Please Help my sister Sandhiya battling with a Rare Cancer needing urgent treatment in India,https://static.givealittle.co.nz/assets/hero/68847cb2-89ad-4c99-b69b-b35000ffbd62-320:False,https://givealittle.co.nz/cause/please-help-us-raise-funds-for-my-sister-battling,6621,30000,closed,Read more,https://givealittle.co.nz/cause/please-help-us-raise-funds-for-my-sister-battling,6 Sep 2025,21 Sep 2025,0,"Goodwood Heights, Auckland",60,"Sandhiya is a mother of 2 and an amazing wife/daughter and sister.
Life has been flipped upside down for this beautiful mother when she was been diagnosed with reoccurring retroperitoneal liposarcoma.
She was operated 2 years ago but misdiagnosis at that time had led to reoccurrence and a delay in the treatment.
Sandhiya had counselling for retro-peritoneal sarcomas and various surgical and radiotherapy
options available under specialized onco-surgical professionals in overseas.
Unfortunately, Fiji has no facilities for radiotherapy therefore she has been referred to India for her treatment which will cost approximately $46,000 FJ, approximately NZ$30,000
The contribution, no matter how small, will take the stress off any financial pressures.
She is currently organising her passports and visa to India, while we are trying every possible way we financially support her to get the treatment done India.
Your kindness and generosity will be much appreciated by Sandhiya and her family.
Nilesh Mudaliar's involvement (page creator)
Sandhiya is my only sister
Use of funds
The money is going towards the surgery and Chemotherapy- Radiotherapy in India
Other page links
on Facebook",The money is going towards the surgery and Chemotherapy- Radiotherapy in India,"Created by, and paying to a verified bank account of,
Nilesh Mudaliar      on behalf of Sandhiya Smitha",Page Moderated,,,
Help keep my mums hope alive!,"Adjusting to life without sight, please help to keep my mums hope alive.",https://static.givealittle.co.nz/assets/hero/90cecdba-45f5-4edf-94bb-b35000dc70f1-320:False,https://givealittle.co.nz/cause/help-keep-my-mums-hope-alive,100,10000,39 days to go,Donate,https://givealittle.co.nz/donate/cause/help-keep-my-mums-hope-alive,6 Sep 2025,6 Dec 2025,0,Auckland,3,"The last year or so has been the roughest year of my mums life, she lost her husband to a brain aneurism on mother's day last year which then lead to the worst downward spiral for her that anyone could go through, she couldn't afford to keep the café business that her and her husband has successfully run for 4years due to the overwhelming grief and bills that piled up upon her, she then lost the house that her and her husband had spent 15years of their marriage in, over this last year she's had to sell everything that she has in order to survive whilst trying to take care of my little sister who she adopted when she was a baby. Things became so hard she had to send my sister away to live with other family members as my mum just couldn't look after her on her own due to everything that she was going through, but the worst was yet to come my mum is now currently sitting in a hospital bed having recently lost her eyesight, she became soo sick that she just gave up, she deteriorated so bad that illness killed her optic nerves in her eyes, she has now been declared by the doctors legally blind.we are in new Zealand and she is in Australia and it's just so hard to come up with the funds to get over there to be by her side, we are trying to find a way to fly her home back to NZ where she will be looked after but it is a struggle at the moment and the road ahead for my mum will be very hard. We are trying everything we can but any support would be soo appreciated.Much love to you all
Kapreese Hannon's involvement (page creator)
She is the most beautiful and most amazing mum ever.
Use of funds
The money will be used to help mum adjust to life without sight, to help give her a bit of hope that she will be alright, to help us to be able to look after her and to help with flights for us to go to Oz to be near her or for her to fly back to nz","The money will be used to help mum adjust to life without sight, to help give her a bit of hope that she will be alright, to help us to be able to look after her and to help with flights for us to go to Oz to be near her or for her to fly back to nz","Created by, and paying to a verified bank account of,
Kapreese Hannon      on behalf of Maria Mcwatters",Page Moderated,,,
"❤️HELP US GIVE OUR MUM,HEATHER HER FINAL ADVENTURES BEFORE SHE GAINS HER WINGS 🌈",A beautiful mum with only a couple of dreams given weeks to complete ❤️ please help us make her dreams a reality!,https://static.givealittle.co.nz/assets/hero/656f1532-06b9-4a20-9dd5-b350009e88b8-320:False,https://givealittle.co.nz/cause/help-us-give-our-mumheather-her-final-adventures,870,0,closed,Read more,https://givealittle.co.nz/cause/help-us-give-our-mumheather-her-final-adventures,6 Sep 2025,12 Sep 2025,0,"Hamilton, Waikato",7,"Kia ora e te whānau,
My name is Hueson. Me and my partner have created this page to help fulfil our beautiful mum Heather Whaiapu’s final wishes.
Our precious mum(Heather) has been diagnosed recently with pancreatic cancer and doctors have said she only has a short time left with us(2-6weeks min). 💔
The news has shattered our whānau, but in the little time she has left, Mum still dreams of experiencing a few last adventures — riding the Sky Swing in Rotorua, travelling through our beautiful Aotearoa, and finally seeing Queenstown in person.
Mum is the rock of our whānau — a devoted mother of 8, a proud nan to her many mokopuna, and a great-nan to her great mokopuna. She is the heart that holds us all together, and losing her is something we can hardly bear.
Even through her diagnoses she still smiles and tells us not to worry.🥹 That death is natural and it happens. “That’s just life” in her words. (Hard lady)
Now, before she leaves us, we want to give her the gift of precious memories and moments of joy with her whanau in tow.
Time is of the essence whanau and sadly we’re running out!!! Dues to mums health we have weeks to complete her bucket list so please,with your help we can make this happen ❤️
Every koha, no matter the size, will help us give our mum these final adventures. Your prayers and kind words are also deeply appreciated during this heartbreaking time. ❤️
Any funds left over will go towards supporting Mum’s tangihanga(funeral)
Ngā mihi nui,
Whaiapu whānau
Hueson Whaiapu's involvement (page creator)
She is my beautiful mum ❤️ Our heart to our whanau and an amazing mother to 8 of us siblings.
Use of funds
To complete her bucket list while she has the ability and her health allows.We have weeks left so we are trying to complete while she’s mobile and not in too much pain. Any left over funds will be put towards her Tangihanga(funeral).",To complete her bucket list while she has the ability and her health allows.We have weeks left so we are trying to complete while she’s mobile and not in too much pain. Any left over funds will be put towards her Tangihanga(funeral).,"Created by, and paying to a verified bank account of,
Hueson Whaiapu      on behalf of Our beautiful mum Heather Whaiapu",Page Moderated,,,
HELP JAZ ACCESS LIFE-SAVING TREATMENT,Help a survivor & beautiful mum of two access life saving treatment.,https://static.givealittle.co.nz/assets/hero/5ff76ec9-cce4-49d6-8c87-b34f0173aa5a-320:False,https://givealittle.co.nz/cause/help-a-surviving-mum-access-life-saving-treatment,649,14000,64 days to go,Donate,https://givealittle.co.nz/donate/cause/help-a-surviving-mum-access-life-saving-treatment,5 Sep 2025,31 Dec 2025,0,"Porirua, Wellington",23,"Nearly a year ago, Jasmine, a mother of two suffered a crushed throat, diffuse brain injury, a C5/C6 bulge, permanent eyesight damage, and ongoing pain and speech and communication difficulties.
Since then, her life has been turned upside down. She has lost weight, can’t sleep, and cannot physically cook, clean, or lift her toddler. She can’t drive safely due to vision loss and fatigue — she even fell asleep at the wheel while taking her child to a hospital appointment. ACC has refused to cover any travel for her children’s appointments, leaving her with no safe transport options. Her teen has had to step in as a caregiver while she battles ACC and WINZ for proper support.
Despite all this, she is determined to heal and be there for her kids.
Rea Te Momo's involvement (page creator)
Friend
Use of funds
Hyperbaric Oxygen Therapy(HBOT): 80 sessions @ $103.50 each (massive discount from $300 per session)
Total: $8,280
Chiropractic Care: 6 months @ $46 per week (26 weeks)
Total: $1,196
Essential Supplements: 6 months @ $634.93 per month
Total: $3,809.58","Hyperbaric Oxygen Therapy(HBOT): 80 sessions @ $103.50 each (massive discount from $300 per session)Total: $8,280Chiropractic Care: 6 months @ $46 per week (26 weeks)Total: $1,196Essential Supplements: 6 months @ $634.93 per monthTotal: $3,809.58","Created by
Rea Te Momo  






      Paying to a verified bank account of
      
        Jasmine Thomas",Page Moderated,1,"Thankyou!
30 September 2025
Posted by: Jasmine Thomas
I just want to send a quick message to everyone who has gifted and shared the page. This is a huge blessing and words cant explain what this means for me. My whanau and I are already seeing positive and quite big improvements from HBOT. Thank you again and God bless x
Share this update
0 comments  |  Login to leave a comment",
Sue's journey to health,Raising funds to cover Sues first year of cancer treatment.,https://static.givealittle.co.nz/assets/hero/15081dcf-f182-4c10-ad27-b34f00f18c96-320:False,https://givealittle.co.nz/cause/sues-journey-to-health,21624.49,60000,310 days to go,Donate,https://givealittle.co.nz/donate/cause/sues-journey-to-health,5 Sep 2025,3 Sep 2026,0,Auckland,106,"In June, Sue was diagnosed with cancer (an aggressive squamous cell carcinoma) that had formed as a tumor internally, in her armpit/pectoral area.
After a few major complications (sepsis, pneumonia and a burst haematoma), and 2 weeks in hospital, they were able to perform surgery removing a large amount of the cancer. Unfortunately, the remaining amount is inoperable.
Specialists have informed us that immunotherapy is the best option. We are also looking into coupling this with radiation therapy, as radiation alone is unlikely to be effective due to Sues previous complications and her compromised immune system. The recommended length of treatment for immunotherapy is two years.
While we are thankful that there is an option to try and treat the cancer, it does come with a hefty price tag as it is not government funded. We applied for special funding through Pharmac as Sue is a kidney transplant patient however this has been declined.
With insurance, the cost of one year of immunotherapy treatment is $60,000 - so that is our focus for now.
A lot of people have been following along mum's journey and have been a massive help already -thank you so much. However, many have been asking how they can help now, and as much as no one likes asking for money, that unfortunately is where the need is at the moment as mum carries on her journey to health.
Thank you from the McCooks - every dollar is greatly appreciated.
Briana Hurst (McCook)'s involvement (page creator)
Sues daughter.
Use of funds
This will go towards the cost of Sues immunotherapy treatment.",This will go towards the cost of Sues immunotherapy treatment.,"Created by
Briana Hurst (McCook)  




      Paying to a verified bank account of
Sue McCook",Page Moderated,1,"Thank you!
22 September 2025
Mum is up to her third immunotherapy treatment today. I've updated Mum on the progress of this page and she is overwhelmed/humbled by the support and generosity of you all! Thank you so much.
Share this update
1 comment  |  Login to leave a comment
27/09/2025 by Mandy
Hi Sue - thinking of you lots and glad to read updates posted by Brianna. I'm over in Aussie visiting Sieska right. It was her who sent me the link.",
Please help me keep little boys in daycare.,I have cancer and can’t work but my wife can if we can keep our two little boys in daycare.,https://static.givealittle.co.nz/assets/hero/0e82368d-e15b-407d-ad13-b34f00d6c3e7-320:False,https://givealittle.co.nz/cause/please-help-me-keep-little-boys-in-daycare,17806,20000,128 days to go,Donate,https://givealittle.co.nz/donate/cause/please-help-me-keep-little-boys-in-daycare,5 Sep 2025,5 Mar 2026,0,"Hillcrest, Auckland",148,"I’m Simon and I was diagnosed with Grade 3 Neuroendocrine cancer two weeks ago. It is blocking my upper intestine so I’m on a feeding tube while they work out what to do with me. Drs told me today it was going to kill me which was pretty hard to handle. I might get lucky, I might not. At any rate, in the meantime I’m in North Shore Hospital and unable to work for the foreseeable future. All I want to do is get well, get back to teaching and watch my children grow up. I have two adult daughters and two little boys 2 and 4. Their mum works full-time as a professional and is somehow keeping it together. It is critical my little boys can remain in daycare for so many excellent reasons. They love it, they learn so much, it will provide some normalcy for them…but more than anything it will mean my wife can remain employed. My wife is from abroad and my parents are aged so we have no family who can take them 8 to 5pm. Daycare costs about $550-00 per week.
Anything you can do to help will be appreciated tremendously. My fear is for the well-being of my wife. She’s managing incredibly well but how she'll cope if we can’t afford daycare is very worrying for me.
I commit to total transparency and can substantiate my story directly from my hospital bed face to face if you care to visit me!
Take care of yourselves and each other and remember life isn’t forever. Forgive those you need to, be kind and show your love freely.
Simon
Use of funds
Daycare and children’s needs.",Daycare and children’s needs.,"Created by
Simon Butcher  




      Paying to a verified bank account of
Helena Rodrigues",Page Moderated,8,"Helena, Aloísio and Raphael
14 October 2025
Helena is extraordinary. So strong in every way though I know what she’s experiencing inside. She’s an incredible Mum and NEVER lets the boys see her broken. She needs to share this though so we are learning how to navigate these very raw, very complex feelings through our little boys’ daily life.
Aloísio knows something is up…but still playing with endless imagination and full love for his little brother. Raphael is just 2 so his comprehension of things is naturally limited but he too senses something askew…he’s very gentle with my tummy and wants to spend time close to me as opposed to finding something dangerous to climb up or fall into!
Very importantly, Helena is working a full week from home and the boys are thriving at their daycare Precious Years. And that’s what this is really all about. We are getting through the business of life without great disruption and worry…and it is ALL THANKS TO YOU!
Love, Us 🙏❤️
Share this update
0 comments  |  Login to leave a comment
Time to thank everybody again, in particular of course those of you have donated since my last thank you!
14 October 2025
So…huge thanks and gratitude to all who have donated in the past week or two. Rio de Janeiro has been incredible (muito obrigado família) ❤️🥲🥳
In terms of an update, I had my first chemo session at 8a.m. today, 2.5hrs, and it went very smoothly. No nausea, dizziness etc but it could come later. Hoping I have the good fortune to escape that crap.
And life goes on, some days are better than others, but now I’m actually receiving medication I can expect to feel better as the days go by. That’s a wonderful thing to look forward to because some nights the pain is beyond belief.
But I read stories and cuddle my little men, their sisters come down to play with them and we have some magical family times.
Looking into ways I can enhance my treatment such as fasting, ketosis, ivermectin etc. The latest view is that cancer is a metabolic disorder…disrupting its ability to feed by various means is the same as killing it outright with chemo. It’s a very complex thing so I’m learning learning learning and planning to discuss additional compatible therapies with my oncologists.
Going to visit my parents in Rotorua this weekend…hope all of you have a fun weekend too!
Until then please take care and know that every single one of you has done a wonderful thing for us…the easing of stress around immediate finances is a massive relief for us, allowing us to enjoy life more freely day to day and lift our heads up, feel the warmth of the sun on our faces. Well maybe not today! 🙏❤️
Share this update
0 comments  |  Login to leave a comment
Thank you all who have given since my last thanks!
7 October 2025
Thank you so very much.
My first appointment with the oncologist was today…and it wasn’t good news at all. Suffice to say that I’ll be lucky to see Christmas ‘26. My chemo starts next Tuesday so we hope it’s effective and once it stops in 6 months that my cancer remains subdued. If it comes back to life again soon after stopping chemo my options narrow considerably.
It is unbearably sad. But I have to somehow banish negativity, stay strong in every way and believe I can get it under control.
Right now I’m making lists of things I need to get done around the house to make things easier for my family. Some fences, painting, I have a steel shed to assemble and site. I hope I have the strength to do these things and I could certainly do with the distraction of some satisfying projects. That said I may need a little help over a weekend or two so maybe a few of you could get stuck in with me for a free lunch, beers and a hug 😉.
Finally a huge thanks again to all of you and please try to spread my givealittle as much as you can!
Oh yeah, one more thing. I went to get done dental work done urgently today (before chemo starts it’s important to get these sorts of things taken care of). I had to tell her about my meds, discuss options re extraction/root canal in the context of ongoing chemo. Total cost was $790-00. She charged us $190-00. I was in tears. It’s hard not to cry right now when people are so kind. Happy story! Thank you wonderful dentists at 106 Carlton Gore Rd.
Share this update
0 comments  |  Login to leave a comment
Hullo all!
23 September 2025
I’m sure you understand what a massive job it would be to reply to everybody individually. Every part of me screams that it’s what I must do but it would take me hours! Please know that every donation is seen and appreciated deeply and all your kind words are read and read again. So thank you so very much every single one of you for what you have done for us. It means so very, very much. I believe that all donors receive these updates automatically so I can take comfort in the fact that you see my messages of gratitude. So much human love out there…you are all very special.
Right now I’m at home swimming in chicken soup and acclimatising to the fully-involved rolling chaos that is two pre-schoolers 😂. I wouldn’t have it any other way. Reading stories till they fall asleep, then watching them when they do. Magical, magical moments.
I’m getting stronger, sleep comes easier and deeper…still hurting where they carved me up, but healing very well. Trying walk a solid 30 mins every day and put those 25kg I lost back in the right places!
Once again, you have moved us deeply with your kindness. Thank you again and again.
Kia kaha,
Simon
Share this update
0 comments  |  Login to leave a comment
We are absolutely overwhelmed by the kindness, generosity and loving spirit of everybody who has helped us.
21 September 2025
Hi all, I’m at home today (came home yesterday on my birthday!) with my beautiful, brave, extraordinary wife and four gorgeous children Sophia (21), Stella (19), Aloísio (4) and Raphael (2). Helena’s mother, a saint sincerely, has been here the last 2 weeks to support us (especially Helena) with the boys. She leaves next Monday for Rio de Janeiro where she specialises in, can you believe it, oncology 🥲. She has made huge sacrifices to be here and I can’t possibly tell you how grateful I am for the support and love she has shown.
I am sore from the operation, slit from belly-button to sternum, but healing well, stronger everyday. I’ve lost 25kg, 1/4 of my body weight…but heading into summer so lucky me I’ll be looking good on the beach 😂.
Now it’s about regaining (some) of that weight, building my strength both physically and mentally. I think when I’m able to move without pain, play around with my little boys and start to do the normal things of life I’ll feel ‘normal’ again. The truth is however that I have left one world forever to live in another. But I am truly blessed in so many ways. To have the love a woman like Helena is a miracle that never loses its wonder.
Finally please understand that it’s a huge job to reply to and acknowledge every donor so I hope these updates reach you. It’s hard not to cry when I see how you have all rallied around for us. Very big feelings indeed!
So thank everyone of you, so many of you unknown to me. You are beautiful. Thank you
Share this update
0 comments  |  Login to leave a comment
Surgery almost healed, going home soon?
19 September 2025
I want to say thank you to all the wonderful, compassionate people who have helped my family in this terrible, terrible time.
I’m trying to reply individually but it’s hard work and I get very tired. Please know that’ll I’ll thank you personally eventually!
Enjoy this beautiful day…maybe you forget sometimes how precious every day is. It’s normal but try not to! Love, Simon
Share this update
0 comments  |  Login to leave a comment
Surgery!
9 September 2025
The team at North Shore Hospital are amazing. Very caring, kind and extremely professional. Had a successful surgery yesterday to reroute the passage of food, bypassing the occlusion. First concrete step towards solids again so I’m very excited about that. Gently, gently, steady as she goes. I think it’s going to be wet scrambled eggs with salt, pepper and parsley on a slice of Vogels…with juice of some sort yet to be decided. Hooray!
Share this update
0 comments  |  Login to leave a comment
PET SCAN today and my feeding tube too!
5 September 2025
So we start this fight with some reconnaissance of my innards and delivering supplies to the front. Here goes everybody. Fingers crossed please.
Share this update
0 comments  |  Login to leave a comment",
Leeray`s road to recovery,Leeray`s road to recovery,https://static.givealittle.co.nz/assets/hero/54e451bd-88f4-400f-a56a-b34e00f018f8-320:False,https://givealittle.co.nz/cause/leerays-road-to-recovery,1916.95,0,37 days to go,Donate,https://givealittle.co.nz/donate/cause/leerays-road-to-recovery,5 Sep 2025,4 Dec 2025,0,Wellington,22,"Leeray is one of the kindest your men i know! Unfortunately he is currently in wellington hospital and has undergone three major operations within a few weeks to reattach his lung which has collapsed multiple times. His mum Kylee has been by his side the whole time day in and day out and is staying in Ronald Mcdonald house. The goal of this page is to ease the financial stress for both kylee and Leeray while hospital treatment is on going. Leeray has a long road of recovery ahead so these funds raised will be put towards bills, travel,and anything else that is needed while they continue on this journey every little bit helps.
ari hoera-hall's involvement (page creator)
friend of the family
Use of funds
bills,travel, any unexpected costs during recovery","bills,travel, any unexpected costs during recovery","Created by
ari hoera-hall  




      Paying to a verified bank account of
kylee Jope",Page Moderated,,,
Help Fight Ataxia and Support Greg Just’s Journey,Help Fight Ataxia and Support Greg Just,https://static.givealittle.co.nz/assets/hero/6abb9090-a6c3-49dd-b474-b34f00af6ecb-320:False,https://givealittle.co.nz/cause/help-fight-ataxia-and-support-greg-justs-journey,3605,0,128 days to go,Donate,https://givealittle.co.nz/donate/cause/help-fight-ataxia-and-support-greg-justs-journey,5 Sep 2025,5 Mar 2026,0,Auckland,18,"My name is Greg Just, and I’m living with ataxia, a rare neurological condition that affects balance, coordination, and speech. It impacts my ability to walk, move, and do everyday tasks that many people take for granted.
Ataxia is progressive, which means it gets worse over time, and unfortunately, there is no cure right now. Living with this condition has been overwhelming—physically, emotionally, and financially.
What is Ataxia?
Ataxia affects approximately 150,000 people in the United States alone or 1.5 per 100,000. It can strike anyone at any age, progressively impacting:
- Walking and balance
- Hand coordination
- Speech clarity
- Vision
- Swallowing
- Dry Cough
I am reaching out with humility and hope. Your donation—big or small—will help me cover:
Genetic Testing through UCLA USD1400 (approximately NZD 2,450) which has a small research unit, but is one of the few labs that specialises in Ataxia.
Medical and therapy bills
Equipment to make life safer (such as walkers, wheelchairs, or speech devices)
Transportation to NZ once I have a confirmed diagnosis
Basic living expenses while I manage my health, including assisted living
This support means more than financial help—it means independence, dignity, and hope for a better quality of life.
If you aren’t able to donate, please consider sharing this page with others. Every bit of support makes a difference in this journey.
From the bottom of my heart, thank you for reading, caring, and helping me fight ataxia.
With gratitude,
Greg Just
Use of funds
Medical testing
Other page links
on Facebook",Medical testing,"Created by, and paying to a verified bank account of,
Greg Just",Page Moderated,,,
Help Me Breathe Easy and Sleep Safely,"Every night, my breathing stops… I need a CPAP machine to sleep safely.",https://static.givealittle.co.nz/assets/hero/d036ec3b-f08c-4a7c-8c70-b34e01661e73-320:False,https://givealittle.co.nz/cause/help-me-breathe-easy-and-sleep-safely,200,2480,311 days to go,Donate,https://givealittle.co.nz/donate/cause/help-me-breathe-easy-and-sleep-safely,4 Sep 2025,4 Sep 2026,0,Auckland,5,"Kia ora, I’m Julzz. I’ve been living with severe sleep apnea, which means my breathing stops multiple times every night. It’s not just exhausting—it’s dangerous. Sleep apnea puts my heart and brain at risk, and it’s made everyday life harder than it should be.
My doctor has prescribed a ResMed AirSense 11 AutoSet CPAP Machine ($2,099) to help me sleep safely and get the rest my body desperately needs. To use it properly, I also need the AirFit F20 Full Face Mask Bundle Kit ($240), which comes with 6 memory foam cushions to ensure a secure, comfortable fit night after night.
I simply can’t afford this on my own, so I’m reaching out for help. Every donation, big or small, brings me closer to being able to sleep safely, wake up refreshed, and take better care of my health.
Thank you so much for reading my story, and for helping me take this important step toward better sleep and a healthier life. Your support truly means the world. 💛
Goal: $2,339 (covers machine $2,099 + mask bundle $240) The goal is slightly higher than the CPAP cost to cover platform fees—this way, all funds raised goes to helping me breathe easier at night.
Use of funds
CPAP machine & mask",CPAP machine & mask,"Created by, and paying to a verified bank account of,
      
        Julzz Kearns",Page Moderated,1,"Better Sleep, Lower Cost – Your Support Makes It Possible!🌟
16 September 2025
Thank you so much to everyone who has supported me so far! 🙏 I’ve found a CPAP machine that works just as well for a lower price, so the funds raised will now go toward this new machine. Every donation still gets me closer to being able to sleep properly and stay healthy. I really appreciate your help—thank you for being part of this journey with me!
Share this update
0 comments  |  Login to leave a comment",
Help Our Mum Fight Stage 4 Cancer with Immunotherapy (Pembrolizumab),Help our mum access immunotherapy (Pembrolizumab) after Stage 4 cancer spread — every dollar brings hope.,https://static.givealittle.co.nz/assets/hero/926b0728-05d9-4346-9a66-b34e00b609c6-320:False,https://givealittle.co.nz/cause/help-our-mum-fight-stage-4-cancer,10831,80000,127 days to go,Donate,https://givealittle.co.nz/donate/cause/help-our-mum-fight-stage-4-cancer,4 Sep 2025,4 Mar 2026,1,"Whangarei, Northland",102,"Kia ora, my name is Eliza, and I’m fundraising for our incredible mum, who is bravely battling a rare Stage 4 Anal Canal Cancer.
She’s only 60 years old — full of love, strength, and positivity. She’s always put others first, and now she needs our help.
Her Journey So Far:
In October 2024, our mum was diagnosed with Stage 4 anal canal cancer. In February 2025, she underwent radiation and chemotherapy, hoping to stop it. Sadly, the cancer has now spread to her lungs and distant lymph nodes, and public treatment options are limited.
Her oncologist has recommended immunotherapy (Pembrolizumab) paired with chemotherapy — a hopeful treatment that could improve her quality of life and extend her time with us.
What Is Immunotherapy?
Immunotherapy helps the body’s immune system fight cancer. It’s funded for some cancers in NZ, but not for anal canal cancer. The cost is $80,000, and we need your help.
How You Can Help:
Donate: Every contribution makes a difference.
Share: Please share this page with your networks.
We’re so grateful for your kindness and support during this difficult time. Thank you for helping us give our mum a fighting chance.
With love and gratitude,
Eliza & Family
Eliza Morgan-French's involvement (page creator)
I am Tremaine's oldest daughter
Use of funds
Immunotherapy treatment costs
Specialist consultations and monitoring
Supportive care and medications not covered by the public system
We’ve set a goal of $80,000, and we’re hopeful that with your support, we can give our mum the chance she deserves.","Immunotherapy treatment costsSpecialist consultations and monitoringSupportive care and medications not covered by the public systemWe’ve set a goal of $80,000, and we’re hopeful that with your support, we can give our mum the chance she deserves.","Created by, and paying to a verified bank account of,
Eliza Morgan-French      on behalf of Tremaine Heta",Page Moderated,4,"Mum did a thing!
8 October 2025
So this happened today! 💇🏽‍♀️ And mum is SLAYING the new cut!!!
Share this update
0 comments  |  Login to leave a comment
Week 3/18 Chemo treatment
25 September 2025
Mum is having her 3rd Chemo treatment today and she is feeling great! She has lots of energy, a huge appetite and feeling very positive.
Mum is on a strict clean diet which is basically sugar and complex carbs free. She’s killing the diet and feeling better for it.
Mum sends her gratitude to everyone for all the wonderful support!
🫶🏽🫶🏽
Share this update
1 comment  |  Login to leave a comment
25/09/2025 by kharsyn
Love you & thinking of you everyday aunty, stay strong ❤️
Immunotherapy - 1st round
12 September 2025
Today Mum had her first round of immunotherapy. Her treatments will take place every six weeks for the next year. This morning was rough (after yesterday’s Chemo), but thankfully her pain has settled and she is mainly feeling tired now. Thank you to everyone who has supported mum thus far! We are forever grateful 🫶🏽
Share this update
0 comments  |  Login to leave a comment
Week 1/18 - Ready to fight!
11 September 2025
Today marks the beginning of Mum’s 18-week chemotherapy journey. She’s in great spirits, staying positive, and ready to face this fight head-on!
Share this update
0 comments  |  Login to leave a comment","on 12 Sep 2025
Kylie asks
Hi, I work for a charity called TimeOut. We connect generous holiday homeowners across New Zealand with people diagnosed with stage 4 cancer or an incurable illness, offering them the chance to enjoy a much-needed break and spend quality time with loved ones.
If you’re interested in applying or would simply like to learn more, we’d love to support you.. As a small charity, we can’t always guarantee a suitable match - particularly for larger groups - but we do our very best to help. Recipients can apply online at www.timeoutnz.org or get in touch with us directly at info@timeoutnz.org with any questions. Take care, Kylie
Eliza
Hi Kylie,
Thank you for reaching out with such a beautiful, kind offer! We will absolutely look into this in the new year 🫶🏽
Thank you"
Let’s help Emma get to Australia for brain tumour treatment,Help Emma get to Australia for brain tumour treatment,https://static.givealittle.co.nz/assets/hero/84bea475-1ba6-4ee9-a570-b34d014dd16a-320:False,https://givealittle.co.nz/cause/lets-help-emma-get-to-australia-for-brain-tumour,4363,0,closed,Read more,https://givealittle.co.nz/cause/lets-help-emma-get-to-australia-for-brain-tumour,3 Sep 2025,4 Oct 2025,0,"Napier, Hawke's Bay",54,"Kia Ora koutou
Two years ago Emma underwent a fourth brain surgery due to an ongoing tumour growth, as a result of the surgery she suffered a severe stroke resulting in paralysis of her left side, nerve damage to her right eye, total loss of her hearing on her right side, speech impairment and fatigue, we are now just over two years post surgery and the tumour has come back. So the next plan is to get her over to Australia for further treatment as the health system will not cover her cost to get her over for treatment, I am asking on behalf of my partner Emma for your help to get her to Australia for further treatment.
Thank you for your support & contribution we would really appreciate your help
Nga mihi
Levi & Emma
Levi King's involvement (page creator)
Emma is my partner of eight years
Use of funds
Travel expenses, flights and accommodation,
Other page links
on Facebook
on Instagram","Travel expenses, flights and accommodation,","Created by
Levi King  




      Paying to a verified bank account of
Emma Coates",Page Moderated,,,
🙏 Help Jucar Receive Urgent Surgery & Medical Care in New Zealand 🇳🇿,🙏 Help Jucar Receive Urgent Surgery & Medical Care in New Zealand 🇳🇿,https://static.givealittle.co.nz/assets/hero/179e2bbb-dd57-405d-8116-b34d0102669f-320:False,https://givealittle.co.nz/cause/help-jucar-receive-urgent-surgery-and-medical-care,4231.67,0,36 days to go,Donate,https://givealittle.co.nz/donate/cause/help-jucar-receive-urgent-surgery-and-medical-care,3 Sep 2025,3 Dec 2025,0,Northland,78,"Hi everyone,
My name is Kris, and I’m writing on behalf of my partner Jucar “Jay” , a hardworking Filipino migrant who came to New Zealand with dreams of building a better life. Jucar works as a casual employee at McDonald’s and is currently on a partnership visa. Together, we’ve been working toward a future — hoping to build a life and start a family here.
But recently, everything changed.
Over the past years, Jucar began experiencing numbness in his hands and feet due to a condition called glove and stocking peripheral neuropathy. Because of the numbness, a simple corn on his right great toe went unnoticed and eventually developed into a serious wound.
Last week, Jucar was rushed to Whangārei Hospital with high fever and chills. He was diagnosed with sepsis and osteomyelitis — a severe bone infection.
Doctors have urgently recommended an amputation to stop the infection from spreading further and becoming life-threatening. They are also conducting neurological testing to understand the root cause of his nerve issues.
Because Jucar is on a partnership visa, he is not covered by the New Zealand public healthcare system. Unfortunately, when his visa got approved it was already under 2years in which made him not eligible for a free healthcare that we just found out as we were advice by the ward manager. All the hospital expenses and surgery must be paid out-of-pocket.
Kris Dianne Tacuyan's involvement (page creator)
My name is Kris, and I’m writing on behalf of my partner Jucar “Jay” , who came to New Zealand under partnership work visa.
Use of funds
We are humbly asking for your support to help cover:
• ✅ Urgent amputation surgery
• 🛏️ Ongoing hospital accommodation
• 🧪 Necessary neurological and medical tests
• ❤️ Post-op care and recovery expenses","We are humbly asking for your support to help cover:•	✅ Urgent amputation surgery•	🛏️ Ongoing hospital accommodation•	🧪 Necessary neurological and medical tests•	❤️ Post-op care and recovery expenses","Created by
Kris Dianne Tacuyan  




      Paying to a verified bank account of
Jucar Carino",Page Moderated,1,"Jucar’s road to recovery
12 September 2025
I am thankful to share that Jucar’s operation was successful and now been discharged from the Hospital and now on the road to recovery. He is still on PICC line and would be receiving out patient Antimicrobial therapy for 4 more weeks and will have his check ups every week.
We are deeply grateful for the love, support, and generosity we have received from family, friends and kind- hearted people during this challenging time.
Your support gave us strength and hope through this journey. From the bottom of our heart, thank you, and may God bless you all abundantly.
Kris and Jucar
Share this update
0 comments  |  Login to leave a comment",
Supporting Caroline through her recovery,Supporting Caroline through her recovery,https://static.givealittle.co.nz/assets/hero/edae15fa-063e-4c41-97ba-b34d00e491fb-320:False,https://givealittle.co.nz/cause/supporting-caroline-through-her-recovery,1610,0,closed,Read more,https://givealittle.co.nz/cause/supporting-caroline-through-her-recovery,3 Sep 2025,5 Oct 2025,0,Auckland,20,"Many of you will know Commercial Sales Specialist Caroline Thumath as a determined, resourceful and empathetic person, someone who strives to always do what's right. Unfortunately she's recently had to face the biggest fight of her life – undergoing surgery to remove an aggressive cancer from her colon.
Her diagnosis and surgery comes after failures by a private provider to give her crucial results from a colonoscopy back in 2019. Although her initial surgery last month went well, she will need ongoing chemo for her affected lymph nodes.
Her team has rallied behind her, with a gift basket and some donations to ease the burden while she's off work. Let's continue that: if you'd like to donate to Caroline's recovery, please consider a small donation. Contributions will go towards gift and fuel cards (to help her get to appointments) and grocery baskets, to take the pressure off.
We'd also love it if you can leave a comment of support, it'll mean a lot!
WM New Zealand's involvement (page creator)
Page set up by Mike Buddle (WM colleague), funds paid to Leon Jarden (Caroline's manager) on her behalf
Use of funds
Contributions will go towards gift and fuel cards (to help her get to appointments) as well as groceries, to help make this tough time in Caroline's life just that bit easier","Contributions will go towards gift and fuel cards (to help her get to appointments) as well as groceries, to help make this tough time in Caroline's life just that bit easier","Created by
WM New Zealand        (Business)
  




      Paying to a verified bank account of
Leon Jarden      on behalf of Caroline's recovery",Page Moderated,,,
Help raise funds for my good friend Leanne,Beautiful caring woman would do anything for anyone xo,https://static.givealittle.co.nz/assets/hero/1f12835a-b7fe-4dcf-b6af-b34d00a72f94-320:False,https://givealittle.co.nz/cause/help-raise-funds-for-my-good-friend-leanne,110,20000,closed,Read more,https://givealittle.co.nz/cause/help-raise-funds-for-my-good-friend-leanne,3 Sep 2025,19 Sep 2025,0,Bay of Plenty,4,"Life has thrown [Leanne Goodchap] some tough challenges, but she continues to face them with courage and hope. Right now, she needs a little extra help from her friends, family, and community to keep moving forward.
Every donation—big or small—will go directly toward giving her the tools and support she needs on her journey. Together, we can ease some of the weight she carries and remind her she’s not walking this road alone.
If you’re able, please contribute and share. Your kindness will make a real difference. 💜
Micah Mgregor's involvement (page creator)
She really goof family friend has help me out when I needed it so this is away in showing her I appreciate her through this tough time.
Use of funds
Frequency machine & a laptop to run the machine & to help out with bills so it takes the stress whole she focus on her health
Other page links
on Facebook",Frequency machine & a laptop to run the machine  & to help out with bills so it takes the stress whole she focus on her health,"Created by
Micah Mgregor  






      Paying to a verified bank account of
      
        Leanne Goodchap",Page Moderated,,,
Making Memories - UK trip for our Dad with Stage 4 Cancer,"Dads trip of a lifetime, living life to the fullest, with no regrets!",https://static.givealittle.co.nz/assets/hero/d5e64176-faa4-4c4d-b17f-b34d008a60d4-320:False,https://givealittle.co.nz/cause/gratitude-and-love-for-our-dad,3400,0,36 days to go,Donate,https://givealittle.co.nz/donate/cause/gratitude-and-love-for-our-dad,3 Sep 2025,3 Dec 2025,1,"Cambridge, Waikato",20,"As many of you know, our extremely brave Dad, Gerrard, has recently received devastating news about his health. Barely a month ago, we learned he has stage 4 cancer, and just this past Monday, we were told it's time for him to get his affairs in order and focus on making beautiful memories while he still can.
Dad has always been our pillar of strength, exemplifying an unwavering work ethic as he continues to work hard at 71 and has a spirit of generosity that knows no bounds, often placing our dreams before his own. His kindness and love have profoundly shaped us, and we take immense pride in being his children. In every moment, he has given everything for our happiness.
As we come to terms with this reality, we want to give Dad the gift of unforgettable experiences. Our first destination is the UK, where he will be with his youngest son, Tama, Tash, and his grand babies. We know how much joy being surrounded by loved ones brings him, and we hope to make the most of the time we have.
We are reaching out for support during this challenging season. Your daily prayers, homemade meals, offers to help, phone calls, and comforting words mean the world to us. The many hugs and expressions of kindness you have shown have provided solace that lingers long after.
From the bottom of our hearts, we thank you. Your compassion and support will help us cherish this time with Dad and create lasting memories. Please know that your love and kindness are invaluable to our family during this time.
Tanya Kingston's involvement (page creator)
We are Dads children, forever entwined.
Use of funds
We want to give Dad the gift of unforgettable experiences. Our first destination is the UK, where he will be with his youngest son, Tama, Tash, and his grand babies.
Funds will go towards flights, accommodation and any adventures eg: taking the Grandkids out, exploring with his son, daughter and grandkids and hopefully visiting friends along the way.","We want to give Dad the gift of unforgettable experiences. Our first destination is the UK, where he will be with his youngest son, Tama, Tash, and his grand babies.Funds will go towards flights, accommodation and any adventures eg: taking the Grandkids out, exploring with his son, daughter and grandkids and hopefully visiting friends along the way.","Created by
Tanya Kingston  




      Paying to a verified bank account of
Gerrard Kingston",Page Moderated,,,"on 12 Sep 2025
Kylie asks
Hi, I work for a charity called TimeOut. We connect generous holiday homeowners across New Zealand with people diagnosed with stage 4 cancer or an incurable illness, offering them the chance to enjoy a much-needed break and spend quality time with loved ones.
If you’re interested in applying or would simply like to learn more, we’d love to support you.. As a small charity, we can’t always guarantee a suitable match - particularly for larger groups - but we do our very best to help. Recipients can apply online at www.timeoutnz.org or get in touch with us directly at info@timeoutnz.org with any questions. Take care, Kylie
This question has not been answered yet."
"Easton’s Battle, Eden’s Gift: Help the Trueman Whānau",Easton’s Leukemia has returned. Support the Trueman whānau on this tough journey.,https://static.givealittle.co.nz/assets/hero/8e062050-ecf1-4a48-b8f2-b34d008006bd-320:False,https://givealittle.co.nz/cause/eastons-battle-edens-gift-help-the-trueman-whanau,4562.15,0,126 days to go,Donate,https://givealittle.co.nz/donate/cause/eastons-battle-edens-gift-help-the-trueman-whanau,3 Sep 2025,3 Mar 2026,0,"Taupo, Waikato",87,"At just 3 years old, Easton was diagnosed with leukemia. He endured 2 years of grueling treatment, endless hospital visits, and painful procedures, showing strength far beyond his years before entering remission. For 3½ years, the Trueman whānau were able to enjoy life with their youngest son cancer free.
Heartbreakingly, Easton has relapsed at only 8 years old and is back in Starship Hospital, facing another fight for his life. He now requires a bone marrow transplant. In an incredible act of aroha, his older brother Eden is a match and has volunteered to donate, meaning both brothers will be in hospital at the same time. Easton receives his transplant, Eden undergoing surgery to give him the best chance of survival.
Natalie is at Ronald Mcdonald with Easton as he works to regain strength, while Mike remains in Taupō with Eden, juggling work and the burden of being separated from his wife and youngest son. The whānau are split three hours apart, trying to hold everything together while preparing for the fight of their lives.
They are grateful for the care at Ronald McDonald House, but everyday living costs don’t stop. This adds to the financial and emotional strain. It is not easy for this amazing whānau to ask for help. Nat and Mike are always the first to awhi and support others, but now they need our help. Every koha, no matter the size, is a lifeline, easing the burden so they can focus on Easton’s healing, Eden’s recovery, and bringing both their boys home again.
Kassy Wineera's involvement (page creator)
Family Friend
Use of funds
Every koha helps cover travel, meals, and bills, easing financial pressure while Natalie and Mike stay by both their boys Easton and Eden during the transplant and Easton’s continued Leukaemia recovery.
Other page links
on Facebook","Every koha helps cover travel, meals, and bills, easing financial pressure while Natalie and Mike stay by both their boys Easton and Eden during the transplant and Easton’s continued Leukaemia recovery.","Created by
Kassy Wineera  




      Paying to a verified bank account of
Natalie Trueman",Page Moderated,,,
"Help Abhishek’s Fight Against Cancer , Support His Journey Home to Family ❤️",Help Abhishek’s Fight Against Cancer – Support His Journey Home to Family ❤️,https://static.givealittle.co.nz/assets/hero/3773e2e7-a165-41f9-98ab-b34c0149c80a-320:False,https://givealittle.co.nz/cause/help-abhisheks-fight-against-cancer-support,26295.45,30000,81 days to go,Donate,https://givealittle.co.nz/donate/cause/help-abhisheks-fight-against-cancer-support,2 Sep 2025,17 Jan 2026,0,"Christchurch, Canterbury",337,"Our dear friend Abhishek K has been diagnosed with cancer. Doctors have advised him to travel to India to be with his family.
The family has decided to make this move to move to India to be with family and continue the treatment in India.
But the costs of travel and ongoing treatment are overwhelming. We are aiming to raise $30,000 to help with flights, medical care, and living expenses.
Every donation, big or small, will make a huge difference.
Thank you for your support, kindness, and prayers during this difficult time. ❤️
However, we request not to CALL them for now, as they are getting ready to travel.
Dhavalkirti Lamghare's involvement (page creator)
He is our near friend.
Use of funds
Flight Ticket and Family expenses",Flight Ticket and Family expenses,"Created by, and paying to a verified bank account of,
Dhavalkirti Lamghare      on behalf of Abhishek Kurade",Page Moderated,1,"Help Abhishek’s Fight Against Cancer
17 October 2025
The treatment is ongoing and family needs more financial support, please
Share this update
0 comments  |  Login to leave a comment",
Help Us help my Whanau please,"Please help our whanau. A hand up, not a handout :)",https://static.givealittle.co.nz/assets/hero/ca180f17-faed-497e-9999-b34c00e6f63f-320:False,https://givealittle.co.nz/cause/help-us-help-my-whanau-please,965,0,35 days to go,Donate,https://givealittle.co.nz/donate/cause/help-us-help-my-whanau-please,2 Sep 2025,2 Dec 2025,0,Nelson,12,"Kia ora all, as a Whanau we have endured a lot in the past 3 months. I have had not only one of my children, but 2 in and out of hospital. My eldest boy has a blood infection that has attacked his kidneys and now his lungs causing pneumonia. My girl has intestinal issues and has been in and out of surgery and the doctors and emergency department.
For me as a single mum, I have used all leave from work every single day, so I am just asking for any help to keep us afloat now and in the next 6 months which will be recovery for my boy. Any little bit helps please xxx
Use of funds
Money will be used for transport, any medical equipment needed to hire (bariatric bed, chair, side rails, commode) weight loss medication which is unfunded and general household costs while I am on leave from work.
Other page links
on Facebook","Money will be used for transport, any medical equipment needed to hire (bariatric bed, chair, side rails, commode) weight loss medication which is unfunded  and general household costs while I am on leave from work.","Created by, and paying to a verified bank account of,
      
        Emma Haruru",Page Moderated,4,"Ngā mihi everyone
20 October 2025
We are so greatful for all the donations we have received that have allowed me to purchase medication that is not funded so it has been a massive help. Ty from the bottom of my heart
Share this update
0 comments  |  Login to leave a comment
Always greatful for your support
30 September 2025
Thanks all for the support it will allow us to buy the medication that Mauri needs that's not funded.
Share this update
0 comments  |  Login to leave a comment
Ngaa mihi
23 September 2025
We are so greatful that we have been able to purchase meds with some of the money for Mauri that are not funded
We so appreciate everyone that has donated. Thank you soooo much
Share this update
0 comments  |  Login to leave a comment
A massive ngaa mihi
13 September 2025
Thanks to those of you that have donated. Because of you Mauri can get the medication he needs and because it's not funded that cost is massive for us as a Whanau. So thank you from the bottom of my ❤️
Share this update
0 comments  |  Login to leave a comment",
Help our sunshine shine even brighter!,Help our boy get to NAPA!,https://static.givealittle.co.nz/assets/hero/bb6d77c4-b401-42a4-a7ea-b34c00e227bb-320:False,https://givealittle.co.nz/cause/help-our-sunshine-shine-even-brighter,2410,12000,125 days to go,Donate,https://givealittle.co.nz/donate/cause/help-our-sunshine-shine-even-brighter,2 Sep 2025,2 Mar 2026,0,"Stratford, Taranaki",23,"All who know us will also know Ollie and the beautiful role he plays in all our lives. You’ll also know the struggles he has every day with mobility, vision, low muscle tone, learning and speech. We are raising funds to help him get to NAPA in Sydney, an intensive 3 week programme which will help him significantly improve in all these areas and give us the tools we need to help him improve long term. He has already improved significantly with the help of multiple therapies and Harmony making the commitment to be his full time Mum and therapist, which shows how important these therapies are and what could be achieved, however it is expensive so any help would be much appreciated!
I have set my own challenge to walk to Whangamomona over the space of a week and you can follow this journey on Facebook and YouTube. I’m challenging myself to show how many challenges Ollie goes through every single day
Krystal Burrell's involvement (page creator)
I am Harmony’s Mum and Ollie’s kui
Use of funds
An intensive 3 weeks therapy programme at NAPA in Sydney
Other page links
on Facebook
napacentre.com.au/our-programs/intensive-therapy",An intensive 3 weeks therapy programme at NAPA in Sydney,"Created by, and paying to a verified bank account of,
Krystal Burrell      on behalf of Harmony and my moko-boy, Ollie",Page Moderated,,,
Urgently needed Emergency Response vehicle for Kawau Island plus Trailer to carry emergency equipment to the accident scene,Urgent emergency response Light Utility Vehicle (LUV) and trailer required on Kawau Island - this will be a lifesaver!,https://static.givealittle.co.nz/assets/hero/e7100413-b779-4734-a218-b356011b6d02-320:False,https://givealittle.co.nz/cause/emergency-response-vehicle-kawau-island,4750,50000,29 days to go,Donate,https://givealittle.co.nz/donate/cause/emergency-response-vehicle-kawau-island,2 Sep 2025,26 Nov 2025,0,Auckland,16,"For decades, Kawau Island has been an extremely popular destination. In addition to the permanent residents, the island population swells by many thousands during the summer months with day visitors, overseas tourists, and holidaymakers. Kawau Island is also a very popular destination for groups of school children, many of whom stay for extended periods at Camp Bentzon.
When it comes to fire and emergencies, Kawau Island is fortunate enough to have its own local volunteer FENZ brigade, which is the only agency on the island.
For the local FENZ team, 90% of the callouts are medical and range from broken legs, cracked ribs, strokes, severed fingers, head injuries from falls, boating accidents, crushed limbs, sting ray barbs, through to severe injuries from building site accidents, back injuries, burns, severe trauma from accidents and heart attacks.
Our volunteer fire and medical responders must be able to reach the various Island locations to render vital first-response care. In many cases, they also have to transfer the patient to a water taxi or helicopter to get them to a hospital.
A fit-for-purpose light utility vehicle (LUV) plus trailer for fire response, medical call-outs and helicopter landing zone preparations is required on Kawau Island. We are asking for your help to raise funds to purchase a vehicle for our volunteer brigade.
This vehicle could literally be a lifesaver! Help us so we can, in turn, help you or your loved ones when the need arises - many thanks!
About us
Kawau Emergency Response trust
KERT undertakes fundraising activities to provide fire and emergency response equipment to enable the volunteer emergency response team deal with bush fires and serious medical emergencies, some life threatening.
Use of funds
All funds raised will go towards the purchase of an emergency response Light Utility Vehicle (LUV) and trailer for use in responding to fire and medical emergencies around Kawau Island, carrying emergency response team members and patient transfer to helicopter or wharf.
Other page links
www.kawauisland.org","All funds raised will go towards the purchase of an emergency response Light Utility Vehicle (LUV) and trailer for use in responding to fire and medical emergencies around Kawau Island, carrying emergency response team members and patient transfer to helicopter or wharf.","Created by, and paying to a verified bank account of,
      
        Kawau Emergency Response Trust
          (Charity)",Page Moderated,2,"Your generosity to date is very much appreciated!
29 September 2025
To date around a dozen people have jointly contributed nearly $5000 which is 10% of our target. We are truly grateful for these contributions towards the purchase of the much-needed response vehicle on Kawau Island. This vehicle could literally be a life saver for any one of the thousands of visitors to Kawau Island or hundreds of homeowners on the island. The sometimes-rugged terrain makes the access to certain parts of the island very difficult in times of fire or emergency medical incident. The response vehicle will help keep Responders and patients safe when negotiating the steep and often muddy terrain on the way to and from an emergency. Please consider donating to this cause or passing on the givealittle link to your friends and family .... every dollar counts. Thank you.
Kawau Emergency Response Trust (KERT)
Share this update
0 comments  |  Login to leave a comment
Thank you for your generosity!
18 September 2025
The present amount contributed to date by around a dozen people in the Kawau community is $3850 which is a wonderful start and is nearly 8% of the way to our target. Your generosity is heart- warming and a validation of how important this project is to the people of Kawau Island. Thank you so much for leading the way in our fund-raising efforts. The Kawau FENZ team do such a wonderful job, a lot of it behind the scenes, and with your help we can provide the tools to help them do their job more efficiently and more safely.
Share this update
0 comments  |  Login to leave a comment",
Help Emma Access Life-Changing Gastric Bypass Surgery,"Raising funds for gastric surgery to reclaim health, break the cycle of diabetes and heart disease in my family & to be here for my two kids",https://static.givealittle.co.nz/assets/hero/14e85e26-8b26-40a5-9acf-b34c00b4662d-320:False,https://givealittle.co.nz/cause/help-emma-access-life-changing-gastric-bypass,711,12850,closed,Read more,https://givealittle.co.nz/cause/help-emma-access-life-changing-gastric-bypass,2 Sep 2025,30 Sep 2025,0,"Morrinsville, Waikato",10,"Hi, my name is Emma. For most of my life, I’ve struggled with my weight and disordered eating. It’s something I don’t often talk about, but it has had a huge impact on my health, my confidence, and my everyday life.
I also come from a family history of type 2 diabetes, heart attacks, and obesity. I lost my dad to a heart attack, and as a mum of two young children, I carry a constant fear of leaving them too soon. I want to break this cycle, protect my health, and be here for my kids as they grow up.
After years of trying everything else, I’ve made the brave decision to have gastric bypass surgery in Turkey at Galya. This isn’t about vanity it’s about giving myself the chance to reclaim my health, my energy, and my future.
The total cost is $12,850 NZD. ($12,550 NZD + Travel Insurance $140 NZD & Medication $150 NZD) I’m applying to withdraw $6,000 from my KiwiSaver, and I’ll be covering the rest through a medical loan. To help ease the financial burden, I’m reaching out for support from my friends, family, and wider community.
Every donation, big or small, will make a difference in helping me take this step. Even if you can’t donate, sharing my page or sending encouragement means so much.
This surgery represents hope, healing, and a new chapter in my life and with your support, I can make it happen. Thank you for being part of my journey 💚
Use of funds
All funds raised will go directly toward my gastric bypass surgery covering the hospital stay, flights and follow-up care","All funds raised will go directly toward my gastric bypass surgery covering the hospital stay, flights and follow-up care","Created by, and paying to a verified bank account of,
Emma Thrush",Page Moderated,,,
Life is challenging me atm 😪,Needing your help from a tuff year medicaly please .,https://static.givealittle.co.nz/assets/hero/9852ecce-fc07-4145-ab69-b34c009a3035-320:False,https://givealittle.co.nz/cause/life-is-challenging-me-atm,830,0,50 days to go,Donate,https://givealittle.co.nz/donate/cause/life-is-challenging-me-atm,2 Sep 2025,17 Dec 2025,0,"Te Aroha, Waikato",8,"Hi all as some of you are aware I have been out of work due to a foreign body causing a major infection in my foot in April. When they originally cut the infection out they nearly took my big toe and a second one in. A t this stage I have kept my toes but they cut a 7.5×4cm hole in the ball of my foot. This has taken a very long time to heal and in August I finally secured an Awsome job that I love.i have survived to now on family and friends helping me out with food and some financial assistance. Over the weekend it seems the infection has returned and they have had to reopen my foot again. ACC have denied any payments and WINz don't seem to care eather.. I was hopping this new job was my ticket back to living a semi normal life. Any help during this very frustrating and heartbreaking time would be greatly appreciated.
Love and blesses Scott.
Use of funds
Keeping food on the table a roof ovem my head and my lights on.",Keeping food on the table  a roof ovem my head and my lights on.,"Created by, and paying to a verified bank account of,
Scott Murray",Page Moderated,1,"News is not good today.
17 September 2025
It looks like I will be back in hospital for another operation in a couple of weeks and off work till at least Jan 26.
Share this update
0 comments  |  Login to leave a comment",
Support Hrushi’s Recovery – Fundraiser for Our Colleague,Help us support Hrushi’s recovery after a life-changing accident. Every donation goes directly to Hrushi & his family,https://static.givealittle.co.nz/assets/hero/50717205-194e-4508-8ab8-b34b00ecde43-320:False,https://givealittle.co.nz/cause/support-hrushis-recovery-fundraiser,20588.99,0,closed,Read more,https://givealittle.co.nz/cause/support-hrushis-recovery-fundraiser,1 Sep 2025,10 Oct 2025,0,"Henderson, Auckland",147,"Givealittle update: You can view the new cause page here: https://givealittle.co.nz/cause/its-time-to-circle-the-wagons-and-help-one
Hrushi Purani, our much-loved Business Manager at Inchcape Auckland West, recently suffered a tragic accident that resulted in a fall and left him paralysed from the neck down. Hrushi was in a coma and underwent major surgery. He is now in rehabilitation, slowly regaining sensation, but the road ahead is long and challenging.
Hrushi is known for his warmth, professionalism, and dedication to his team and customers. Originally from India, he made New Zealand his home in 2012 with his wife and two daughters. His eldest is studying law, and his youngest is in high school — both now facing an uncertain future as they support their father’s recovery.
We’re rallying together to raise funds to help Hrushi and his family with medical costs, rehabilitation, and ongoing care. Every dollar donated will go directly to supporting Hrushi’s journey back to health.
Please join us in showing your support — your generosity will make a real difference.
Inchcape New Zealand's involvement (page creator)
I’m a colleague of Hrushi at Inchcape NZ, helping coordinate fundraising efforts across our sites to support him and his family during recovery.
Use of funds
Funds will go toward easing the financial burden on Hrushi’s family.",Funds will go toward easing the financial burden on Hrushi’s family.,"Created by
Inchcape New Zealand        (Business)
  




      Paying to a verified bank account of
Hrushikesh Purani",Page Moderated,,,
Urgent need for treatment,Please donate whatever you can - charity will save a life and be a protection from harm.,https://static.givealittle.co.nz/assets/hero/695a34ba-1408-474e-8aad-b34b00cd7d5d-320:False,https://givealittle.co.nz/cause/urgent-need-for-treatment,7,0,closed,Read more,https://givealittle.co.nz/cause/urgent-need-for-treatment,1 Sep 2025,8 Sep 2025,0,Auckland,3,"My brother who has two very young kids in Afghanistan is suffering from liver failure and urgently needs a liver transplant. The cost is around
$15,000-$20,000
Use of funds
For treatment",For treatment,"Created by, and paying to a verified bank account of,
Marium Mirdadi      on behalf of her brother",Page Moderated,,,
Women with cancer needs a vehicle stuck for transport,Stuck for transport with cancer,https://static.givealittle.co.nz/assets/hero/d25a698e-c480-4e8f-808b-b34c00c7fee9-320:False,https://givealittle.co.nz/cause/women-with-cancer-needs-a-vehicle-stuck,12,1250,3 days to go,Donate,https://givealittle.co.nz/donate/cause/women-with-cancer-needs-a-vehicle-stuck,1 Sep 2025,31 Oct 2025,0,"Hamilton, Waikato",3,"Women with cancer In urgent need of a vehicle to get to scans,shopping, doctors, pharmacy visits etc
Please help all appreciated
God bless you all
Use of funds
Funds raised will go towards A vehicle",Funds raised will go towards A vehicle,"Created by, and paying to a verified bank account of,
Miriama Himiona",Page Moderated,,,
Help Gayle beat cervical cancer and enjoy a normal life with her hubby Warren and two boys,Lets help Gayle and her family get through this,https://static.givealittle.co.nz/assets/hero/b3963f1e-1bcf-4231-b3f8-b34a01356d0a-320:False,https://givealittle.co.nz/cause/help-gayle-beat-cervical-cancer-and-enjoy-a-normal,10138.63,30000,123 days to go,Donate,https://givealittle.co.nz/donate/cause/help-gayle-beat-cervical-cancer-and-enjoy-a-normal,31 Aug 2025,28 Feb 2026,0,"Whangarei, Northland",137,"Our amazing friend Gayle is facing one of the biggest challenges of her life. In June 2025, after a routine cervical screening, she was diagnosed with cervical cancer. What started as a regular check-up has turned into a journey no one ever expects to face.
Her treatment plan is intense: 6 weeks of chemo, followed by 5 weeks of combined chemo & radiation in Auckland. This means long stretches of time away from her family, which will be one of the hardest parts.
Alongside the emotional & physical toll, there are huge financial pressures. Her husband Warren is self-employed, which makes this time especially tough. This page has been set up to help ease the burden – covering everyday costs, plus extra costs such as travel costs, & some holistic treatments that will help strengthen her immune system & body through this journey.
Gayle is a P.E & health teacher who has always dedicated herself to looking after others. Now it’s our turn to rally around her & her family, to make sure they feel supported every step of the way.
We know this will be a long & difficult road, but with your love, generosity, & kindness, we can help lighten the load. Every donation, big or small, will make a difference. And if you can’t donate, sharing this page would mean the world.
From the bottom of our hearts – thank you for standing beside Gayle, Warren, Leo, and Hugo as they face this challenge together. 💜
Kelly Sergeant's involvement (page creator)
Gayle is my friend I met through our husbands work
Use of funds
covering everyday costs that comes with life plus extra costs such as travel costs, accommodation & some holistic treatments that will help strengthen her body through this journey","covering everyday costs that comes with life plus extra costs such as travel costs, accommodation & some holistic treatments that will help strengthen her body through this journey","Created by
Kelly Sergeant  




      Paying to a verified bank account of
Gayle Perry",Page Moderated,,,
Help Skye Heal – Support Her Life-Saving Surgery,"Skye our sweet baby cat, was tragically shot and needs her leg amputated to survive with your help, she can begin her new life on three paws",https://static.givealittle.co.nz/assets/hero/69b99755-74f1-4481-b9c5-b34a0131cf65-320:False,https://givealittle.co.nz/cause/help-skye-heal-support-her-life-saving-surgery,2320,4000,closed,Read more,https://givealittle.co.nz/cause/help-skye-heal-support-her-life-saving-surgery,31 Aug 2025,30 Sep 2025,0,Canterbury,54,"This is Skye- our sweet, curious, and brave little cat who has filled our lives with joy for almost 3 years. She’s gentle, affectionate, and always the first to greet us at the door with her big green eyes and soft purrs. But recently, something unthinkable happened.
Skye was cruelly and senselessly shot in the leg. We were devastated, and so was she. Despite the pain, she’s shown incredible strength and trust in us. The injury is severe, and after consulting with vets, the only way to save her is to amputate her leg. It’s heartbreaking, but we know that with proper care and support, Skye can adapt and still live a full, happy life.
She’s still so young- not even 3 years old- and she’s now facing the challenge of navigating a new life on three legs. She’s already trying to adjust, showing us just how resilient she really is. But we can’t do this alone. The cost of surgery and aftercare is more than we can manage right now, and that’s why we’re asking for your help.
Every donation, no matter how small, goes directly toward saving Skye’s life and giving her the chance to run, play, and purr again.. pain-free. If you can give a little, you’ll be helping a lot. And if you can’t donate right now, please consider sharing Skye’s story.
Thank you from the bottom of our hearts for supporting our baby girl. 💙🐾
Use of funds
The money will be spent on covering the cost of vet visits and surgery.",The money will be spent on covering the cost of vet visits and surgery.,"Created by, and paying to a verified bank account of,
Maddison Beardsmore",Page Moderated,1,"A brave comeback 🐾
5 September 2025
Our sweet baby girl Skye is home! 💙 After undergoing surgery to have her leg amputated, she’s shown nothing but strength, resilience, and that signature Skye sass. The first few days were tough, but true to her spirit, she's already adjusting beautifully to life on three legs.
She’s nearly back to eating like her old self (with the occasional dramatic pause for extra treats, of course), and she’s quickly figuring out how to get around. Graceful hops, careful steps, and plenty of determination.
Between all the cuddles, treats, and head scratches, Skye is surrounded by love and slowly reclaiming her space, one confident move at a time. We’re so proud of her bravery and grateful to have her back home where she belongs 🐾
Share this update
0 comments  |  Login to leave a comment",
Help Support Those Elaine Supports,Help Support Elaines Family While They Go Through This Time.,https://static.givealittle.co.nz/assets/hero/796b9143-f3b7-4926-98a8-b34a00a3d941-320:False,https://givealittle.co.nz/cause/help-support-those-elaine-supports,3525,10000,33 days to go,Donate,https://givealittle.co.nz/donate/cause/help-support-those-elaine-supports,31 Aug 2025,30 Nov 2025,0,"Hamilton, Waikato",37,"Elaine Simons started Kidney Kids in 1990 as a parent support group. Her oldest daughter Jennifer was diagnosed with chronic renal failure at birth and her second child Rebecca was diagnosed with the same condition. Elaine also supports 3 young adults who have neurological disabilities, she volunteers at RDA once a week and also takes 2 of the young adults to Arts for Health every Tuesday. Elaine also received a Queen Service Medal in 2006 for her achievements and service to the community
Elaine was involved in a serious Car Accident on the 29th of August 2025. She has a fractured Sternum which also now has a hematoma underneath, her C3 and C4 Vertebrae have shifted opposite ways if she moves the wrong way she can become paralyzed, also with the surgery there is still that risk of her becoming paralyzed. They are also discovering more injures as she gets more scans.
This Page is being set up to help the people at home expenses will also go towards getting her mobility van fixed for her wheelchair which is going to cost $925 and also getting her car that was involved in the crash fixed as its one of the main cars we use to drive around which has a excess of $500. Also towards petrol expenses to go and from the hospital and to get the house wheelchair friendly
Christina Hewett's involvement (page creator)
I am the fiancée of one of the young adults Elaine supports as Elaine treats us all as family not clients
Use of funds
Mobility van fixed for her wheelchair which is going to cost $925 and also getting her car that was involved in the crash fixed which has a excess of $500. Also towards petrol expenses to go and from the hospital and to get the house wheelchair friendly
Other page links
kidneykids.org.nz/elaine-simons-story",Mobility van fixed for her wheelchair which is going to cost $925  and also getting her car that was involved in the crash fixed which has a excess of $500. Also towards petrol expenses to go and from the hospital and to get the house wheelchair friendly,"Created by
Christina Hewett  




      Paying to a verified bank account of
Elaine Simons",Page Moderated,2,"Update Two
25 September 2025
Update: Elaine suffered a fractured eye socket in her crash and the symptoms didn’t show up straight away as we were finding out more injuries each day because of this she has lost mostly all the sight in her right eye and had to have 3 eye surgeries tho they were unsuccessful. She had a massive bleed behind her right eye. They have stitched her right eye down and hopefully it will get better. The drs have said it’s mostly going to be permanent damage. She also had a Xray of her neck a couple days ago and there has been no change with her neck so the surgeons are going to see have a talk and get back to Elaine to see if surgery is on the cards as it’s not healing even with the neck collar on. We are still waiting to see about her sternum and see how that is healing. Thanks for all the support we really appreciate it
Share this update
0 comments  |  Login to leave a comment
Good News!
12 September 2025
Thank you all so much for your support! We have been able to get the mobility van back home just in time as Elaine is now home. She will be resting at home while we look after her. It is a long road ahead but she has got all of us supporting her.
Share this update
0 comments  |  Login to leave a comment",
With Love for Baby Pounamu and Her Whānau,With Love for Baby Pounamu and Her Whānau,https://static.givealittle.co.nz/assets/hero/f9fb238c-ff9c-4b1e-a40b-b34a0079ca64-320:False,https://givealittle.co.nz/cause/with-love-for-baby-pounamu-and-her-whanau,1511.25,10000,123 days to go,Donate,https://givealittle.co.nz/donate/cause/with-love-for-baby-pounamu-and-her-whanau,31 Aug 2025,28 Feb 2026,0,"Whanganui, Manawatu-Wanganui",25,"Update 💜
He Aitua
Kua hinga te tamāhine a Danielle Papuni rāua ko Casey Pope. Te taonga pounamu o tana whānau.
Moe mārire mai e te kura pounamu, te kākano o te ngākau aroha.
With the heaviest of hearts, I share that beautiful Pounamu passed away last night. She left this world cradled in the arms of her mummy and daddy, surrounded by her adoring siblings and all the love in the world.
This precious girl is now at peace, free from pain, and will forever remain the taonga of her whānau. It is now time to bring her back to her whenua. 💜
Beautiful Baby Pounamu is just 6 months old, the precious daughter of Danielle and Casey, and baby sister to her big siblings who adore her. She has been bravely battling lymphoma at Starship Hospital in Auckland for the past 8 weeks and is now on life support, surrounded by aroha from her whānau.
This Givealittle page has been created to awhi her family through this incredibly difficult time. Your kindness will help ease some of the financial pressures, including living costs and travel arrangements to bring Pounamu and her whānau home to Whanganui, as well as anything else they may need as they walk this heartbreaking journey together.
Every koha, every share, and every prayer is deeply appreciated. Together we can wrap this whānau in strength and support as they face the unthinkable.
Thank you from the bottom of our hearts for holding Baby Pounamu and her family in your thoughts. 💜
Haley Hartley-Davis' involvement (page creator)
Family friend
Use of funds
As above",As above,"Created by
Haley Hartley-Davis  




      Paying to a verified bank account of
Tatara  Cook      on behalf of His Mum Danielle",Page Moderated,,,
Crystal’s Cancer Journey,"Life can change in an instant. The family appreciates the support they receive, as it allows them to focus on Crystal’s health and recovery.",https://static.givealittle.co.nz/assets/hero/329413df-a090-4a56-b429-b34900c04caa-320:False,https://givealittle.co.nz/cause/crystals-cancer-journey,26600,0,closed,Read more,https://givealittle.co.nz/cause/crystals-cancer-journey,30 Aug 2025,30 Sep 2025,0,"Feilding, Manawatu-Wanganui",198,"Life has been flipped upside down for this young family in the last 2 weeks.
After multiple visits and misdiagnosis from Drs, we got the news that there was a tumour the size of a golf ball behind Crystals left eye. On August 18 2025, Crystal got diagnosed with a cancerous brain tumour behind her left eye. Surgery was scheduled to be in a fortnight from that date, but two days later, post diagnosis, the tumour started bleeding while at home and in a frantic rush, she got flown down to Wellington hospital for emergency surgery the following day.
The amazing surgeons were able to remove as much of the tumour as possible, but unfortunately some of the tumour had to be untouched due to it being untwined in the brain.
Crystal has a long road to recovery and will be starting cancer treatment, therapy and rehabilitation through Palmerston North hospital.
The contribution, no matter how small, will take the stress off any financial pressures.
Crystal, Mack and their 2 little boys, Mason (3) and Tyler (5months), appreciate the love and support through this tough time.
Chanel Kells' involvement (page creator)
I am her sister
Use of funds
The money will be used for groceries, petrol and any accommodation for the family to remain by Crystal’s side
Other page links
on Facebook","The money will be used for groceries, petrol and any accommodation for the family to remain by Crystal’s side","Created by
Chanel Kells  




      Paying to a verified bank account of
Crystal Kells",Page Moderated,2,"**Our Deepest Thanks**
30 September 2025
Thank you from the bottom of our hearts for everyone’s incredible generosity over the past five weeks. The love and support we have received have been truly overwhelming and breathtaking. While we wish we could thank each of you individually, please know that your kindness does not go unnoticed. We appreciate you, we see you, and we feel your warmth and care during this time.
Your support and generosity means the world to us and has given us strength and hope.
From our family to yours, thank you for standing by us.
With love and gratitude, Crystal, Mack, Mason, Tyler, Lisa, Mike, and Chanel
Share this update
0 comments  |  Login to leave a comment
**A Heartfelt Update from the Family**
18 September 2025
Firstly, we would like to sincerely thank everyone who has generously donated and supported us during this difficult time—your kindness is truly appreciated.
The past five weeks have been an emotional whirlwind for our family. Crystal had been home, slowly recovering with Mack and her boys by her side. Unfortunately, on Monday, September 15th, she was urgently called back to Wellington due to potential complications.
After undergoing tests and scans, we received the heartbreaking news that the cancer, which was removed in her first surgery, had returned within just 3 weeks. On Wednesday, Crystal faced a challenging 6-8hour surgery, during which the surgeons discussed potential risks.
After an anxious afternoon waiting for updates, we were finally informed that the surgeons had removed as much of the tumour as possible and that Crystal came through the operation better than her first.
Though the road ahead remains long and uncertain, we are hopeful for her future. Chemo and radiation are set to begin sooner than expected. While there are risks associated with starting these treatments early—such as a lower immune system that may complicate her healing—we hold onto the belief and hope, that things can only get better from here as we navigate through this journey and find peace and normality amongst the chaos.
Thank you all for your continuous love and support during this challenging time.
With love,
Mack, Mason, Tyler, Lisa, Mike, and Chanel
Share this update
1 comment  |  Login to leave a comment
18/09/2025 by Kirsten Mathews
We are sending aroha to you all, thank you for sharing this update. We are here and can help in any way possible . Much love Kirsten and Shane",
Please help us to support Chris's journey home and ongoing medical care!,Financial support for Chris Connor's road to recovery,https://static.givealittle.co.nz/assets/hero/e0c0efef-e151-45f4-b0a6-b34900a75d3f-320:False,https://givealittle.co.nz/cause/please-help-us-to-support-chriss-journey-home,530,0,closed,Read more,https://givealittle.co.nz/cause/please-help-us-to-support-chriss-journey-home,30 Aug 2025,20 Sep 2025,0,Auckland,6,"Please help us to support Chris's journey home and ongoing medical care!
Medical bills are piling up after a planned surgery to manage angina turned into an agonising 27 day stay in Bundang Jesaeng hospital (South Korea).
Recovery from surgery has been slow with many setbacks including a 4cm pseudoaneurysm which required further surgery and multiple hematomas requiring draining.
This has been costly not only financially but mentally and emotionally also.
Language barriers, refusal of pain medications despite excruciating pain post surgery, refusal to complete medical imaging (CT scan) to allow transfer to another hospital are just some examples Chris’s unfortunate experience with many other instances of neglect throughout his time in hospital.
The total cost of Chris’s stay in Bundang Jesaeng hospital this far has been $30,000 (10,000 of which was thankfully covered by insurances). We are unsure at this stage if there are any further bills incoming to add to this total however the money raised by this page will go towards the $20,000 bill and any further bills from this hospital.
Chris plans to fly home to NZ next week and will be admitted to Middlemore hospital for ongoing care with a long road to recovery ahead. The cost of his airfares ($3,200) will also be reimbursed from funds raised from this page.
ACC may cover some of Chris’s rehabilitation costs once home and receiving care within our medical system though we are unsure what services will be needed and the cost of this
Chelsie Bullock's involvement (page creator)
We are family setting up this fundraiser on behalf of Chris.
Use of funds
This money will go towards medical bills from Bundang Jesaeng Hospital (20,000 so far), airfares home to New Zealand (3,200) and any ongoing medical costs not covered by ACC once in NZ (we are unsure of costs or services required at this stage).","This money will go towards medical bills from  Bundang Jesaeng Hospital (20,000 so far), airfares home to New Zealand (3,200) and any ongoing medical costs not covered by ACC once in NZ (we are unsure of costs or services required at this stage).","Created by
Chelsie Bullock  




      Paying to a verified bank account of
Chris Connor",Page Moderated,1,"Chris is home 💕
2 September 2025
Chris arrived home to NZ from Korea this morning and is currently in Middlemore Hospital being assessed. Thank you so very much to those who have shared their love and donated already!
Share this update
0 comments  |  Login to leave a comment",
Our Boy Noah,Our Boy Noah J,https://static.givealittle.co.nz/assets/hero/c751bbe1-02c9-4d63-b458-b349010825ae-320:False,https://givealittle.co.nz/cause/our-boy-noah,28788.91,0,3 days to go,Donate,https://givealittle.co.nz/donate/cause/our-boy-noah,30 Aug 2025,31 Oct 2025,0,Auckland,415,"Kia Ora Whanau & Friends,
Our world has been shaken. On Friday 29th August Noah was diagnosed with a very rare blood disorder PNH stands for Paroxysmal Nocturnal Hemoglobinuria, a rare, acquired blood disorder.
He also has Aplastic Anemia. He is been looked after very well by the Doctors and Nurses and will be in hospital for some time as he needs to get all the right treatments. We are still in so much shock with the news, he will be going through some really intense treatments and has already. Also the treatment cost is very expensive and he will be having bone marrow transplant with daily blood & Platelets transfusion. We are very in the unknown at the moment.
Noah has been so strong, brave and is ready for the right treatment.
Our boy has good spirits and is ready for this, we as a Whanau want to help support his Mum Nic & Dad Troy through this difficult time as they navigate through this, so we have created this page to help them be there for Noah 💯 to support him and be by his side.
The financial support will be so so helpful for the Jensen Whanau during this difficult time.
All funds will go directly to Nic & Troy to help support Noah and give him the love and guidance from his parents.
Please at this time we need to give Noah Nic & Troy some Respect for their space and time to process all of this.
From the bottom of our hearts
Thank you all for the support
Angela Streat's involvement (page creator)
Noah’s Aunnie
Use of funds
08/09/20205
Funds will go to Medical Related Costs (hospital fees, transport, parking, food, accommodation) and supporting Noah & his Whanau during this difficult time.
--
Medical expenses, we are currently unsure of which treatments will be publicly funded and we will post a page update once this has been confirmed.","08/09/20205Funds will go to Medical Related Costs (hospital fees, transport, parking, food, accommodation) and supporting Noah & his Whanau during this difficult time.--Medical expenses, we are currently unsure of which treatments will be publicly funded and we will post a page update once this has been confirmed.","Created by
Angela Streat  




      Paying to a verified bank account of
Nicola Jensen      on behalf of her son, Noah Jensen",Page Moderated,9,"October 15th
15 October 2025
Kia Ora Whanau & Friends,
Not much to update this week, Noah is still having 3 appointments a week for his checkups and top ups. We are still in the waiting game for his bone marrow transplant.
One day at a time.
Nga Mihi Nui
Share this update
0 comments  |  Login to leave a comment
29th September
29 September 2025
Kia Ora,
Update 29th September
Noah has 3 day visits a week for treatment and today he had another top up of Platelets.
The most significant development is that preparations for a bone marrow transplant are now underway. We’re currently in the donor matching phase — a delicate process that takes time and precision. There’s cautious optimism, and we’re hopeful a suitable donor will be confirmed soon.
Behind the scenes, your generosity has helped us immensely. We are able to stay by Noah’s side — we couldn’t do this without you. We’ve read every message, every comment, and felt every bit of love you’ve sent our way. The kai parcels & drop offs have all been amazing, the support has really shown us what kind of person Noah represents himself in our communities. (Message from Nic & Troy)
Our boy is walking most days, and moving his Tinana (body) in the home gym. Eating well, as he is on a strict diet, he is still feeling fatigue and exhaustion but still manages his days well.
Nga Mihi Nui
Added some new photos
Share this update
1 comment  |  Login to leave a comment
30/09/2025 by Barbara
All the best Noah, you are doing amazing, keep up your strength and I hope you recover in no time. Barb Luxon
Friday 19th September
19 September 2025
Kia Ora
Noah has had a busy week, he is currently dependent of Blood & Platelets transfusions.
Today he is having his 3rd round of PNH treatment.
Surrounded by a team of doctors & nurses who have been a supportive strength to us.
We are still in the process of waiting for bone marrow transplant.
Noah Continues to show determination and courage and takes things all in his Stride. He is still moving his body with walking the dog and having light workouts in his home gym. Proud as boy.!
Nga Mihi Nui
Share this update
0 comments  |  Login to leave a comment
2nd PNH Treatment
12 September 2025
Kia Ora Whanau & Friends, Noah is having his 2nd round of PNH treatment today. We are so proud of him, calm energy and is taking it in his stride 🙏
Win the day our boy.! #WeOn
Nga mihi nui
Share this update
0 comments  |  Login to leave a comment
Nic & Troy
10 September 2025
We Would like to acknowledge Nic & Troy for showing their Son the unconditional love and support over the last 3 weeks at what’s to come.
It hasn’t been easy to adapt to the medical condition Noah got diagnosed with 3 weeks ago and it has been life changing for the whole Whanau.
We send Nic & Troy so much strength and love to continue the amazing job they are doing.
Love you guys
Your Whanau xx ❤️
Share this update
1 comment  |  Login to leave a comment
10/09/2025 by Barbara
So stoked for Noah and the family for the help and support given by all and so pleased Pharmac are able to help, what a huge relief. Take care, Barb Luxon
Wednesday 10th September
10 September 2025
Our boy is showing so much resilience an incredible strength, he is teaching us all about these important moments in life.
Update: Tuesday 9th September Noah was allowed to go home under strict hospital guidance. After 3weeks in hospital, he will do PNH treatment every Friday at Auckland hospital, Monday & Wednesday blood or platelets transfusion and check ups.
We are still waiting on results for Bone marrow transplant.
Noah is setting goals while getting treatment, walking on treadmill & going on the bike at the hospital gym keeping his body moving is so good for him.
Lots of resting, and sleeping.
Please be respectful and mindful of Noah & whanau as Noah has no immune system so please stay away if you are sick.
Our boy is so patient, calm and inspiring 🙏
Nga Mihi nui
Share this update
0 comments  |  Login to leave a comment
Friday 5th September
5 September 2025
Our blessings have been answered, Our boys PNH treatment has been accepted by Pharmac today, we are so so blessed. They are moving pretty fast and are going to be starting that now.
Funds raised will now go towards Noah & his Whanau for medical related costs and to help support them with the uncertainty of his mum & dad going back to work during this difficult time.
Thank you for the on going Aroha
#WeOn
Nga Mihi
Share this update
0 comments  |  Login to leave a comment
Friday 5th September
5 September 2025
Friday 5th September
Our Boy has had a big week, he has settled into the hospital and has everything he needs.
Update: we are waiting on pharmac to give the green light on the right medication he needs which we have been told it is very expensive. (Why is there a price on helping someone) the medication is for his PNH. He also has still been having Blood transfusions & platelet transfusions to keep him at bay but we really need this PNH medication.! Before any other steps we need this first.
Each day at a time as these things take time,
Nic & Troy have been doing such an amazing Job with keeping our boy comfortable.
We will give another update next week.
Nga Mihi
Share this update
0 comments  |  Login to leave a comment
Tueday 2nd September
2 September 2025
Noah is now at The Auckland Haematology Unit. From there he will settle in and we will find out over the next couple of days what everything is going to look like for him.
He is in such good spirits and taking each day at a time. Our boy has so much Resilience and is ready to take on what is to come his way.
Feeling the Aroha from so many and we thank you all so much for the support for Noah & Whanau.
They are feeling very overwhelmed by all the generosity from you all.
Once we know about what Noah’s treatment looks like we will update the page.
Nga Mihi
Share this update
1 comment  |  Login to leave a comment
02/09/2025 by Barbara
All the best Noah, thinking of you and the family at this time. Barb Luxon",
Standing Strong with Shahni - A Journey with hEDS and Complex Conditions,Standing Strong with Shahni - A Journey with hEDS and Complex Conditions Fund raising for life changing surgery not available in New Zealand,https://static.givealittle.co.nz/assets/hero/2331d181-b50f-47cb-bedb-b3490003650f-320:False,https://givealittle.co.nz/cause/standing-strong-with-shahni-a-journey-with-heds,13235,140000,123 days to go,Donate,https://givealittle.co.nz/donate/cause/standing-strong-with-shahni-a-journey-with-heds,30 Aug 2025,28 Feb 2026,0,"Tauranga, Bay Of Plenty",87,"For years, Shahni has faced debilitating symptoms, from severe pain and joint issues that make walking a struggle, to blood flow problems and a rapidly fluctuating heart rate. Constant pain and nausea also make it difficult for her to eat.
After 13 years of searching for answers, our daughter Shahni (19 yrs old) FINALLY has a diagnosis:
- Hypermobile Ehlers-Danlos Syndrome (hEDS)
- Superior Mesenteric Artery syndrome (SMAS) a specific type of Abdominal Vascular Compression
- Severe Nutcracker Syndrome with collaterals
- Postural Orthostatic Tachycardia Syndrome (POTS)
A number of rare complex interconnected conditions.
This diagnosis is the first step toward a treatment plan, but requires life-changing surgery not available in New Zealand. We are now in contact with specialists in Germany and Australia to determine the best path forward.
Before her health declined, Shahni was an active swimmer and dancer, but today finds comfort in her art. Unfortunately her conditions have forced her to abandon her digital art studies, but her art continues to be her creative outlet and escape.
This fundraiser is to help us get Shahni the specialized treatment she desperately needs. Your support will help us get her closer to a life with less pain and more independence.
Shaun Tagatoa's involvement (page creator)
I'm Shahni's dad.
Use of funds
Funds to go towards diagnostic scans / tests, flights to Germany for life saving treatment, accommodation & returns flights, transport, associated rehabilitation costs with recovery, ongoing medical expenses etc.
Other page links
ehlers-danlos.org.nz","Funds to go towards diagnostic scans / tests,  flights to Germany for life saving treatment, accommodation & returns flights, transport, associated rehabilitation costs with recovery, ongoing medical expenses etc.","Created by, and paying to a verified bank account of,
Shaun Tagatoa      on behalf of Shahni Tagatoa",Page Moderated,1,"Rheumatologist visit
6 September 2025
Last Friday Shahni visited her rheumatologist Dr Fraser Burling.
A lovely man to deal with, cares deeply about his patients, and is super knowledgeable.
Shahni had some joint issues addressed and discussed how a medication trial went for hers POTS symptoms (heart).
She was to trial two lots of medication.
The first med Sodium Cromoglycate would help with the uptake of the second, but had to check for a reaction which she was fine with.
She then trialled the Midodrine which unfortunately she did have a reaction to. Pain / pressure at the back of her eyes & was struggling to see properly.
So, she has stopped the Midodrine, but is increasing the Sodium Cromoglycate.
What's next?
Waiting to hear back from Australia & Germany.
And..
Another specialist appt in Waikato with a Gastroenterologist.
❤
Share this update
0 comments  |  Login to leave a comment",
Urgent Help Needed: Father of Young Children Requires Immediate Liver Treatment,Together we can save a father’s life and give hope to his children.,https://static.givealittle.co.nz/assets/hero/c42ce96c-cd4a-4d22-9977-b35100f208f0-320:False,https://givealittle.co.nz/cause/urgent-help-needed-father-of-young-children,1731,10000,closed,Read more,https://givealittle.co.nz/cause/urgent-help-needed-father-of-young-children,29 Aug 2025,4 Oct 2025,0,Auckland,36,"In the difficult conditions of Afghanistan, a 44-year-old father is fighting for his life. His liver has failed, and doctors have advised urgent treatment in neighboring countries.Without this, his condition could quickly worsen.
His children stand by their father, needing him now more than ever. Every donation you make can save not only this man’s life, but also bring hope and security back to his entire family.
Marium Mirdadi's involvement (page creator)
family member
Use of funds
17/09/2025
Funds will be used to cover hospital deposit, urgent liver treatment, travel to Iran, accommodation, and essential medication.
--
Funds will cover hospital deposit, urgent liver treatment, travel to Pakistan, accommodation, and essential medication.","17/09/2025Funds will be used to cover hospital deposit, urgent liver treatment, travel to Iran, accommodation, and essential medication.--Funds will cover hospital deposit, urgent liver treatment, travel to Pakistan, accommodation, and essential medication.","Created by, and paying to a verified bank account of,
Marium Mirdadi      on behalf of Zabih ullah Mirdadi",Page Moderated,3,"Thank you for your support
29 September 2025
He has returned to Afghanistan. The liver transplant cost was $2,500 USD, and doctors required him to bring his own donor. By the mercy of Allah, he is now doing better, but he still needs to see the doctor every week and continue his medicine until the transplant.
JazakAllahu khair to everyone who has supported him with your duas and generosity. May Allah reward you all. Please continue to keep him in your prayers, and kindly share this page with your friends and family so more people can help.
Share this update
0 comments  |  Login to leave a comment
Thank you
17 September 2025
Posted by: Givealittle
He is currently in Iran for treatment, and we are deeply grateful to everyone who has donated, shared, or supported us in any way. Your kindness means so much to our family. May Allah (God) bless you with barakah and protect you always.
Share this update
0 comments  |  Login to leave a comment
Thank you
7 September 2025
Posted by: Zarmina Mirdadi
I sincerely thank everyone who donated, shared, or helped in any way — your support means so much to me and my family. May Allah reward you abundantly with barakah, protect you and your loved ones, and grant you endless goodness in this world and the hereafter. Ameen. 🙏🙏🤲
Share this update
0 comments  |  Login to leave a comment",
Healing Trauma,A journey of a mother making changes to break generational curses,https://static.givealittle.co.nz/assets/hero/ef109164-d857-41d9-86a7-b34801067d55-320:False,https://givealittle.co.nz/cause/healing-trauma,190,4500,32 days to go,Donate,https://givealittle.co.nz/donate/cause/healing-trauma,29 Aug 2025,29 Nov 2025,0,"Whangarei, Northland",4,"Kia ora.
My name is Heaven. I have experienced so much trauma in my short lived life so far. I am on a healing journey to find peace within myself, for myself and my beautiful babies. I am currently on a journey of complete sobriety in honor of myself, my children and my loved ones who we have lost to addictions and mental unwellness. I am seeking help in raising funds so I can get my moko kauae done by November the 25th. Which is the date of my sister's birthday who has passed on. Im seeking this help to help reconnect to my Māori heritage and myself again.
Use of funds
Māori traditional therapy. The tattoo artist. The venue and kai to feed people attending.",Māori traditional therapy. The tattoo artist. The venue and kai to feed people attending.,"Created by, and paying to a verified bank account of,
      
        Heaven Pitman",Page Moderated,,,
"Help us land lifesaving support, in Hanmer Springs",Hanmer Springs Helipad Project,https://static.givealittle.co.nz/assets/hero/0196b3c0-5044-46a2-8817-b34800e9e976-320:False,https://givealittle.co.nz/cause/help-us-land-lifesaving-support-in-hanmer-springs,8495,50000,123 days to go,Donate,https://givealittle.co.nz/donate/cause/help-us-land-lifesaving-support-in-hanmer-springs,29 Aug 2025,28 Feb 2026,0,"Hanmer Springs, Canterbury",28,"When every minute counts, safe and fast access to emergency care can make all the difference. Right now, rescue helicopters landing in Hanmer Springs face real challenges: they touch down on the sports reserve, which can be difficult in poor weather or at night, and often require local volunteer firefighters to assist with lighting and safety.
We want to change that.
The Hanmer Springs Community Trust is building a dedicated emergency helipad and a concrete pathway to the Hanmer Springs Health Centre. This will provide a safe, paved, and well-lit landing zone that can be used in a wider range of conditions, and allow for faster, safer patient transfers, giving people the best chance at survival and recovery.
The total project cost is $100,000 – $120,000. While most funding will come from major donors, we’re asking our community to help raise $50,000 to make this vision a reality.
This is a local effort with a local impact. Whether you’re a resident, a business owner, a holiday homeowner, or a visitor who loves Hanmer Springs, your support will help us build something truly lifesaving.
Donate now and be part of something that will save lives for years to come.
Support the helipad. Support our community.
About us
Hanmer Springs Community Trust was formed in 1994. We own and operate the Hanmer Springs Health Centre which provides health care services for our community as well as 24/7 after hours and emergency care for visitors to our village.
Use of funds
Hanmer Springs Helipad Project - Planning & construction of helipad and pathway from rear of Health Centre to the sports domain.
Other page links
on Facebook
hanmermc.co.nz/hanmer-springs-emergency-helipad-project",Hanmer Springs Helipad Project - Planning & construction of helipad and pathway from rear of Health Centre to the sports domain.,"Created by, and paying to a verified bank account of,
      
        Hanmer Springs Community Trust
          (Charity)",Page Moderated,,,
Support for Andrew– A Friend in Need,"Our dear friend and neighbour, Andrew, has recently suffered a second stroke",https://static.givealittle.co.nz/assets/hero/a6cac046-f707-47c9-ad88-b34600a26144-320:False,https://givealittle.co.nz/cause/support-for-andrew-a-friend-in-need,16840,0,closed,Read more,https://givealittle.co.nz/cause/support-for-andrew-a-friend-in-need,29 Aug 2025,30 Sep 2025,0,"Paraparaumu, Wellington",57,"Our dear friend and neighbour, Andrew, has recently suffered a second stroke – the second in just nine years. As many of you know, Andrew is not only a kind and generous soul, but someone who never hesitates to lend a hand to those around him. Whether it’s fixing something, offering support, or just being there with a warm smile, Andrew has always shown up for his community.
Andrew is incredibly talented and creative – many of you have admired his unique upcycled garden art, where he transforms discarded items into beautiful, whimsical creations that brighten gardens and hearts alike. He has a gift for seeing beauty where others see junk, and his work is a reflection of his own spirit: resourceful, generous, and full of life.
Now, Andrew needs our help
Recovering from a stroke is not just emotionally and physically challenging – it also brings a heavy financial burden.
We’re asking our community to come together and give back to someone who has given so much. Any amount – large or small – will make a real difference in Andrew’s journey to healing.
Let’s show Andrew that his kindness has not gone unnoticed, and that in his time of need, his community stands beside him.
Leticia & Rik Armstrong's involvement (page creator)
We have been neighbors with Andrew and Linda for about 15 years, we have kids the same age.
Use of funds
Medical costs, rehabilitation, daily living needs, and lost income are mounting, and we want to ease that load so he can focus fully on his recovery.","Medical costs, rehabilitation, daily living needs, and lost income are mounting, and we want to ease that load so he can focus fully on his recovery.","Created by
Leticia & Rik Armstrong  




      Paying to a verified bank account of
Linda Wood",Page Moderated,1,"Andrew's Doing Well
10 September 2025
Posted by: Linda Wood
Andrew is making progress after his stroke, though it's been a slow and steady journey. He's currently in a rehab ward, working hard to regain strength and function. The stroke affected his cerebellum, which has caused some issues with his eyesight and balance, making simple tasks a bit more challenging. While his recovery is expected to be a long road, he's showing improvement, and the doctors are optimistic about his continued progress with therapy. It’s definitely a marathon, not a sprint, but Andrew is staying determined and positive throughout this process.
Your kind words and thoughts have meant the world to our family and made us feel so loved and supported. We can't thank you enough for giving us choices for Andrew's recovery and future ❤️
Share this update
0 comments  |  Login to leave a comment",
Help Laine on her cancer journey.,Please help us on Laine's Cancer journey.,https://static.givealittle.co.nz/assets/hero/93d391ac-36f1-47e4-a097-b34800cebe40-320:False,https://givealittle.co.nz/cause/help-laine-on-her-cancer-journey,2630,0,closed,Read more,https://givealittle.co.nz/cause/help-laine-on-her-cancer-journey,29 Aug 2025,29 Sep 2025,0,"Christchurch, Canterbury",19,"Hi there and thank you for taking the time to read.
Back story, last February 2025 I married the girl that makes my heart skip beats. A month after our special day she received some bad blood test results, which leads us to this point. Unfortunately today after many MRIs CTs and xrays, we seen the urology specialist who informed us that Laine has kidney cancer.
Although it wasn't the news we wanted we both know that it could have been a lot worse, as it hasn't spread to any other organs.
The urologist is very optimistic that with surgery he will be able to remove the tumor and hopefully save the kidney. This should be in the next two months.
We are not financial and basically live week to week. Laine who normally works over 40 hours a week has had a significant amount of time off over the past six months as she has obviously been very unwell, this has left us in a bad spot financially.
Never in either of our lives did we expect to come cap in hand and ask for people to help us.
Laine is lucky enough to have heath insurance through her employment that she has been with for 15 years. This is obviously paying most of the medical bills but our weekly bills are falling behind and adding extra unneeded stress.
Also there is a recovery time that will push us over the financial edge.
If you can please help us we will be forever very grateful.
David Esler's involvement (page creator)
We are married.
Use of funds
Week to week living costs.",Week to week living costs.,"Created by, and paying to a verified bank account of,
David Esler      on behalf of Laine Esler",Page Moderated,2,"Harsh reality
19 September 2025
Laine was in for another scan today ..
Molecular radiology scan..
Share this update
0 comments  |  Login to leave a comment
Surgery date.
7 September 2025
Hi all and thank you for your support.
Laines surgery is on the 7th November.
There is a 6 to 8 week recovery afterwards.
Laine is in good spirits, but as to be expected she is feeling apprehensive.
Many thanks Dave
Share this update
0 comments  |  Login to leave a comment",
Corn's Treatment,Good bastard with a treatment plan to beat cancer,https://static.givealittle.co.nz/assets/hero/78d006dd-b0d6-44c5-9806-b34800b189d4-320:False,https://givealittle.co.nz/cause/corns-treatment,146900,120000,closed,Read more,https://givealittle.co.nz/cause/corns-treatment,29 Aug 2025,29 Sep 2025,0,Marlborough,233,"Two months ago, Corn got the words no one wants to hear: “You have cancer.”
He’s been diagnosed with myeloma — a blood cancer that attacks the bone marrow. There are treatments, but the best option for Corn right now is a new drug called Daratumumab. It’s a game-changer, but it’s not funded in NZ and costs $10,000 a month for a 1 year course.
This treatment will give Corn the best chance to get strong enough for stem cell and T-cell transplants later on. He’s ready to fund it himself, but we reckon he shouldn’t have to face that alone.
Corn’s always been the guy to give the shirt off his back — now it’s our turn. We’re aiming to cover at least 6 months of treatment. Anything you can give helps, and sharing this with others who know Corn would mean the world.
DAMIAN GLENGARRY's involvement (page creator)
Mate
Use of funds
Myeloma Treatment",Myeloma Treatment,"Created by
DAMIAN GLENGARRY  




      Paying to a verified bank account of
Cleighten  Cornelius",Page Moderated,1,"Thanks !!!
2 October 2025
We’ve been blown away by the response to Corn’s page. You should all pat yourselves on the back—you’ve warmed a lot of hearts. The support and generosity, have been absolutely incredible.
Because of you, Corn now has front-foot access to the treatment he needs. Every donation—big or small—lightens the load on him and his girls and gives them real purpose to keep pushing forward.
And it’s not only about the money. The positive energy, encouragement, and strength your generosity has created is what truly lifts Corn and his loved ones right now.
So once again—THANK YOU.
👉 Our next big fundraiser is coming up: Festival of Corn
📍 Black Cottage, Blenheim
📅 29 November
Expect T20 cricket, epic silent & live auctions, plus live music—it’s going to be the event of the summer!
Please visit www.cornado.org for details and to purchase tickets to the event
Team Corn
Share this update
0 comments  |  Login to leave a comment",
Support Surf Therapy Mount Maunganui & the Salt Sisters Pilot,“Salt Sisters is a surf therapy pilot in Tauranga that bolsters the wellbeing of women —your support helps make it free and accessible.”,https://static.givealittle.co.nz/assets/hero/3e762e5b-9a2c-45eb-bd95-b3480090090e-320:False,https://givealittle.co.nz/cause/support-surf-therapy-mount-maunganui-and-the-salt,230,0,32 days to go,Donate,https://givealittle.co.nz/donate/cause/support-surf-therapy-mount-maunganui-and-the-salt,29 Aug 2025,29 Nov 2025,0,"Mount Maunganui, Tauranga",7,"Salt Sisters is a pilot surf therapy programme for wāhine in Tauranga, blending the healing power of the ocean with therapeutic writing circles and walk-and-talk sessions. This is not just about learning to surf—it’s about creating opportunities for mastery, sisterhood, joy and expression!
Research shows that surf therapy improves resilience, emotional regulation, body acceptance, and reduces anxiety and depression—especially for women. Therapeutic writing has been linked to better mood, stress relief, immune health, and stronger community bonds through shared storytelling. Walk-and-talk therapy combines the benefits of movement and counselling, reducing anxiety while supporting problem-solving and emotional release.
Together, these evidence-based approaches offer wāhine a powerful, holistic, and mana-enhancing pathway to wellbeing. With Salt Sisters, women can reconnect with themselves, each other, and the healing rhythms of nature.
Use of funds
All funds go directly toward surfboards, wetsuits, coffee tea and kai, safe spaces for expression, transport, and resources—while our team donates all time and skills for free. Your support ensures cost is never a barrier for wāhine.
Other page links
on Facebook
www.surftherapy.org.nz","All funds go directly toward surfboards, wetsuits, coffee tea and kai, safe spaces for expression, transport, and resources—while our team donates all time and skills for free. Your support ensures cost is never a barrier for wāhine.","Created by, and paying to a verified bank account of,
Annericke Pretorius      on behalf of Surf Therapy Mount Maunganui",Page Moderated,,,
Help Tavita’s Heart Surgery Journey,Help ease the financial burden while Tavita recovers from life saving heart surgery.,https://static.givealittle.co.nz/assets/hero/bc96d898-b434-4d94-a8c4-b347014d1598-320:False,https://givealittle.co.nz/cause/help-tavitas-heart-surgery-journey,1450,2000,closed,Read more,https://givealittle.co.nz/cause/help-tavitas-heart-surgery-journey,28 Aug 2025,18 Sep 2025,0,"Whangarei, Northland",35,"Nelly and Fred need our help to stay in Auckland while their new baby Tavita recovers from Heart surgery.
On the 19th of August my dear friend gave birth to her son. Upon arrival he needed life saving heart surgery.
While Baby Tavita recovers he will need his whanau close to him.
There is currently no plan to come home with Tavita still in ICU and this has put immense financial pressure on them which is not what they need while their world is full of worries and what ifs.
If you are able to contribute and help ease their minds I know it will be very much appreciated.
Rebecca Yeates' involvement (page creator)
Shonelle and Fred are good friends of mine.
Use of funds
The money will go towards paying the bills at home, supporting their daughter Adalee and Nellys son Jack, and the daily costs of remaining in Auckland with their baby boy while he recovers.
Other page links
on Facebook
on Instagram","The money will go towards paying the bills at home, supporting their daughter Adalee and Nellys son Jack, and the daily costs of remaining in Auckland with their baby boy while he recovers.","Created by
Rebecca Yeates  




      Paying to a verified bank account of
Shonelle (Nelly) Carter",Page Moderated,1,"Tavitas time in hospital extended
4 September 2025
It is looking like an extended period of time that Nelly and Fred will be with their little boy. They are going to need support around them to be able to be there for their baby!
Share this update
0 comments  |  Login to leave a comment",
Please support Frances Anderson beat her Merkel Cell Carcinoma cancer,Please help us to fund life-saving immunotherapy drugs for Frances Anderson.,https://static.givealittle.co.nz/assets/hero/1b5edad1-6bcd-4543-b739-b34b00922bec-320:False,https://givealittle.co.nz/cause/please-support-frances-beat-her-merkel-cell,17080,70000,304 days to go,Donate,https://givealittle.co.nz/donate/cause/please-support-frances-beat-her-merkel-cell,28 Aug 2025,28 Aug 2026,0,"Palmerston North, Manawatu-Wanganui",96,"We are reaching out for help to fund life-saving treatment for our beloved Frances, who has been battling Merkel Cell Carcinoma, a rare and aggressive cancer. Frances is a much-loved mother, grandmother, sister, sister-in-law, aunt, and friend, and she means the world to all who know her.
Unfortunately, the road ahead is difficult. Frances requires Immunotherapy treatment to give her a fighting chance. The drug treatment (KEYTRUDA-Pembrolizumab) alone will cost $70,000 plus there are also additional costs of $1,000 per treatment. While this amount is daunting for anyone, it seems unachievable without community help. Frances worked for 13 years at Jenny Craig where she helped other people to enhance their lives and now, we can try to help her.
Frances has already undergone multiple surgeries and radiation for tumours found in her leg, pelvis, neck and just recently her bowel. We are hoping with immunotherapy treatment will give her a chance and beat this cancer. While the medication is funded for other cancers, it is not for Merkel Cell Carcinoma due to how rare it is.
With this page, we hope to ease the financial burden and give Frances the chance to have her body cancer free and be around for her dedicated whānau.
Any contribution, no matter the size, would be deeply appreciated.
Thank you for considering a donation to support her.
Tania Putu's involvement (page creator)
Frances is my aunty, and I want to try and ease the burden of this unfunded treatment.
Use of funds
This money will be used for immunotherapy drugs to fight Merkel Cell Carcinoma cancer which is unfunded in New Zealand. There are also additional costs for each treatment",This money will be used for immunotherapy drugs to fight Merkel Cell Carcinoma cancer which is unfunded in New Zealand. There are also additional costs for each treatment,"Created by
      
        Tania Putu
      





      Paying to a verified bank account of
Frances Anderson",Page Moderated,5,"Thanks to everyone and please share
3 October 2025
Frances wanted me to send you all a big thank you for all the donations so far. She is very humbled and appreciative of everything she has received.
To keep the momentum going could I please ask you to all share this page with your networks so that we can get more donations through. It's a huge target and we need to keep it out there to get more donations to help fund more treatments. Thank you in advance.
Share this update
0 comments  |  Login to leave a comment
Second Treatment complete
23 September 2025
Frances has completed her second immunotherapy treatment, and this appears to have gone well. Thank you to everyone that has donated. We almost have enough to fund two treatments which is amazing and will take a bit of pressure off Frances. Please keep sharing this page to your networks
Share this update
0 comments  |  Login to leave a comment
RNZ Article
12 September 2025
https://www.newstalkzb.co.nz/news/national/palmerston-north-woman-faces-regular-9000-bills-as-pharmac-weighs-keytruda-funding/?utm_medium=Image&utm_source=Facebook&fbclid=IwdGRjcAMwDkNleHRuA2FlbQIxMQABHvESAXZLKdk4jsKqSd-gJhX_o9k3pCvyKkbHEnBqCg5YQ_hC3V2PByFxA9Jb_aem_XranAxBpsJ_lx3ItyVNAvg#Echobox=1757564080
Share this update
0 comments  |  Login to leave a comment
First Treatment
8 September 2025
Frances has had her first immunotherapy treatment and we’re so relieved to share that it went really well. 💛
A huge thank you to everyone who has donated and supported her journey so far-your kindness has helped make it possible for Frances to have a 2nd treatment. We are deeply grateful.
Share this update
0 comments  |  Login to leave a comment
Added a goal to the page
29 August 2025
We have decided to add a goal onto the page. Thank you for all the generous donations so far.
Share this update
0 comments  |  Login to leave a comment",
Support for Dan Freeman’s Family & his Recovery Journey,Extending a hand to support the Freeman clan,https://static.givealittle.co.nz/assets/hero/e70e9fc5-2af6-4bfa-ae6c-b347014a2130-320:False,https://givealittle.co.nz/cause/support-for-dan-freemans-family-and-his-recovery,7086.5,0,31 days to go,Donate,https://givealittle.co.nz/donate/cause/support-for-dan-freemans-family-and-his-recovery,28 Aug 2025,28 Nov 2025,0,"Hastings, Hawke's Bay",72,"After being rushed to Wellington Hospital with a ruptured aneurysm, Dan is making an incredible recovery — a true testament to his strength and resilience. But he’s not out of the woods yet.
The journey ahead is still long, and the financial toll of living away from home is mounting. Friends and whānau have been extraordinary — Damian flew in from Western Australia, Ceridwyn and Bridget have been traveling down as often as they can, the boys are giving their all from Hawke’s Bay, and the wonderful Jocelyn has been the unwavering anchor through it all.
There’s been a heartfelt wish from many to offer support. If you’re in a position to help, please consider chipping in. Every bit will go a long way in easing the burden and helping Dan and his family focus on what truly matters — his healing and recovery.
Thank you for your aroha and generosity.
Sue Simpson's involvement (page creator)
I am a friend of Dan
Use of funds
Your donations will go to travel, accommodation and living expenses.","Your donations will go to travel, accommodation and living expenses.","Created by
Sue Simpson  




      Paying to a verified bank account of
Ceredwyn (Wynnie) Freeman      on behalf of Father",Page Moderated,2,"Support for Dan Freeman’s Family & his Recovery Journey
16 September 2025
That’s a warm and thoughtful message. If you're looking to refine it slightly for clarity and flow—while preserving its heartfelt tone—here's a polished version you might consider:
In case you haven’t heard, Dan has returned to Hastings. After spending a couple of days in hospital, he was discharged home and has now happily settled back into his familiar surroundings.
His recovery will be a long journey, but the arrival of spring—with its sense of renewal, returning light, and gentle warmth—brings much-needed support and encouragement for healing.
The family are close by, with Joce lovingly by his side. Visitors are welcome, and we truly appreciate your kindness in keeping visits short to help Dan conserve his energy.
Thank you for your continued care and support.
Share this update
0 comments  |  Login to leave a comment
Support for Dan Freeman’s Family & his Recovery Journey
5 September 2025
While the last weeks have held many a challenge for the Freeman family, they have felt supported throughout by your warm generosity on all levels. One of the most precious gifts is the living relationship between human beings.
Later today Dan will be discharged from Hastings Hospital. He is very happy and looking forward to being home. There is still a long journey ahead that will be managed with the love and support that surrounds Dan, Jocelyn and the family.
Thank you!
Share this update
0 comments  |  Login to leave a comment",
Help us Remember Michael,Please help us remember Dad and support an amazing cause.,https://static.givealittle.co.nz/assets/hero/2fb079ad-366c-4926-8d21-b347011faf9d-320:False,https://givealittle.co.nz/cause/help-us-remember-michael,470,250,9 days to go,Donate,https://givealittle.co.nz/donate/cause/help-us-remember-michael,28 Aug 2025,6 Nov 2025,0,Auckland,8,"In November Dad passed away. His final days were spent at Totara Hospice where he was cared for by an exceptional team of people. In memory of Dad and to support Totara Hospice we would like to give something back. If you think you could spare a dollar or two to help these amazing people keep doing what they do best please donate here 😊
Use of funds
The money collected will all go to Totara Hospice.",The money collected will all go to Totara Hospice.,"Created by
Tessa Downie  






      Paying to a verified bank account of
      
        Totara Hospice
          (Charity)",Page Moderated,,,
Surgery Support for Endo,Help with surgery costs,https://static.givealittle.co.nz/assets/hero/b1b5fcd0-8870-4fd7-9607-b34700b6bc34-320:False,https://givealittle.co.nz/cause/surgery-support-for-endo,2145,15000,12 days to go,Donate,https://givealittle.co.nz/donate/cause/surgery-support-for-endo,28 Aug 2025,9 Nov 2025,0,"Christchurch, Canterbury",35,"Hi everyone, I’m reaching out because I have just found out I need to undergo surgery for endometriosis, a condition that has been causing me constant debilitating pain and affecting my university studies and day-to-day life. This surgery is an important step toward getting my health back on track and hopefully will stop it in its tracks entirely, but the costs are significant. My target goal is $25,000 to help cover the procedure and medical expenses. The reason the costs are high is that I am having to go private to avoid the lengthy wait times, and in some cases, the wait leads to a full hysterectomy, which I'm trying to avoid, as I would like to have kids of my own later in life. If you’re able to contribute, even a small amount, it would mean the world to me. And if donating isn’t possible, simply sharing this with others would be an incredible help too. Thank you so much for your kindness and support, it truly makes a difference.
Use of funds
I will spend it on surgery",I will spend it on surgery,"Created by, and paying to a verified bank account of,
Katherine Griffits",Page Moderated,3,"Wee update
8 October 2025
I have had some bank account donations so I'm lowering the amount. Also the fundraiser concert will most likely be at the end of the month start or November.
Share this update
0 comments  |  Login to leave a comment
After surgery
12 September 2025
Surgery was a success, I am now back home recovering for the next two weeks. Thank you to everyone who has supported thus far and those who continue to support me.
One thing we found out from the operation is how bad it was I had stage 3/4 endometriosis with scar tissue and adhesions around my uterus and it had spread to my bowels. Fortunately we were able to get rid of it all. Thank you to the amazing staff at St George's and the amazing surgery team. I'm so unbelievably happy that I was lucky to get this done so quickly, thank you once again to everyone involved xxx
I'll be holding a fundraiser concert at some point in the next two weeks to also help pay for my surgery as it was worse than we thought I've been told it may cost more (not sure of the exact amount yet)
Share this update
0 comments  |  Login to leave a comment
Update on surgery date
3 September 2025
Hey guys,
Thank you so much for your support and everything we have managed so far.
A wee update I have surgery on the 11th of September so it's fast approaching.
Please keep sharing this to help me reach my goal and thank you once again 💕
Share this update
0 comments  |  Login to leave a comment",
Walk for Wellness with Able Minds & Heavy Breathers,Able Minds has partnered with Heavy Breathers for a 5km Walk for Wellness on the 10th of September - to fundraise for Mental Health,https://static.givealittle.co.nz/assets/hero/22d902eb-152f-4f83-9559-b3470088d13d-320:False,https://givealittle.co.nz/cause/ablemindswalk,286,8000,closed,Read more,https://givealittle.co.nz/cause/ablemindswalk,28 Aug 2025,15 Sep 2025,0,"Dunedin, Otago",17,"Supporting a better life experience by empowering people, whanā u and communities.
Able Minds’ primary mahi is to provide support for tangata whaiora (people seeking health) who are affected by mental distress and / or addiction and their whānau. Our numerous programmes provide advocacy and education, support people to learn new skills, build their confidence, make connections and find comradery in times of need.
We are partnering with the local Heavy Breathers group to fundraise for Mental Health, our goal is $10,000 stay tuned on our socials for more!
About us
Able Minds is a charitable trust and mental health organisation that delivers services to those adversely affected by mental distress and / or addiction challenges including the support of their whānau.
Use of funds
All funds will go back into providing tools and strategies to improve wellbeing in tamariki, rangatahi, adults and their wider networks to encourage a better life experience at home, at work and in the community.
Other page links
on Facebook
on Instagram
www.able.org.nz","All funds will go back into providing tools and strategies to improve wellbeing in tamariki, rangatahi, adults and their wider networks to encourage a better life experience at home, at work and in the community. ​","Created by, and paying to a verified bank account of,
      
        Able Minds
          (Charity)",Page Moderated,,,
Our Guiding Star🤍,Your contribution means the world to us❤️,https://static.givealittle.co.nz/assets/hero/6ec918e9-602a-4ec5-852f-b347000771fe-320:False,https://givealittle.co.nz/cause/helpmylittlegirlseetheworldwhileshecan,335,0,closed,Read more,https://givealittle.co.nz/cause/helpmylittlegirlseetheworldwhileshecan,28 Aug 2025,23 Sep 2025,0,"Kawerau, Bay Of Plenty",10,"Kia Ora Koutou, I’m Breaan, Islah-Maria’s Mum. I come here to ask for your help! My little girl has a skin condition, which is lifelong and currently incurable. Despite her resilience and achievements, I am committed to ensuring that my daughter enjoys the best possible quality of life. I am seeking your support and guidance to achieve this goal. Any advice, assistance, or contribution would be invaluable. Your help will make a tangible difference, and we are grateful for your support during this difficult time. ❤️
She holds a condition called (Recessive Dystrophic Epidermolysis Bullosa)
A severe genetic disorder causing fragile skin that blisters and wounds from minor trauma, leading to chronic scarring and complications like pseu donyndactyly, malnutrition, and an aggressive form of skin cancer (squamous cell carcinoma). It targets vital organs of the body including the oesophagus, mouth,, stomach, intestines, upper airway, & bladder.
Thank you for taking the time to read this, me and my little girl really appreciate it❤️
Breaan Dredge's involvement (page creator)
She is my daughter
Use of funds
All Donations will go towards my daughter and her new journey from here on out. Hoping to take her overseas to see a few countries before her time is up, or take her on the Disney cruise ship.
Other page links
my.clevelandclinic.org/health/diseases/17792-epidermolysis-bullosa","All Donations will go towards my daughter and her new journey from here on out. Hoping to take her overseas to see a few countries before her time is up, or take her on the Disney cruise ship.","Created by Breaan Dredge, paying to a verified bank account of
BREAAN DREDGE      on behalf of My daughter Islah-Maria Kepa",Page Moderated,,,
Disability Accommodation Urgently Required For Car Crash Victim Recovering From 2 Broken Lower Legs.,Fundraising to rent disabled accommodation for car crash victim recovering from 2 broken lower legs for 6 - 8 weeks until she can get home.,https://static.givealittle.co.nz/assets/hero/41558c8f-7728-4b76-98c2-b3460184234f-320:False,https://givealittle.co.nz/cause/disabled-accommodation-urgently-required-crash-vic,565,0,30 days to go,Donate,https://givealittle.co.nz/donate/cause/disabled-accommodation-urgently-required-crash-vic,27 Aug 2025,27 Nov 2025,0,Nelson,14,"11 weeks ago Lee's life was irreparably altered when a speeding car crossed the center line causing a head on collision. First responders took 2.5 hours to cut her free from her vehicle during which time she stopped breathing requiring resuscitation. Her beloved chihuahua Kaylee was killed on impact adding to Lee's trauma but was fortunately survived by all 5 puppies present.
Lee was discharged from Nelson Hospital at 10 weeks post accident without anywhere long term to go, limited funds & has been relying on the generosity of family & friends. Lee lives on an island in the Marlborough Sounds & isn't realistically able to return there (accessible by boat only) until she has recovered further, increasing her mobility. In the meantime immediate options relevant to her situation have been explored but have been completely unsuitable for her needs.
Lee needs funds for disabled accommodation; a bed & en suite where she can place her commode & shower chair to toilet & shower safely. She is able to walk short distances assisted with a walker or crutches, stand for short periods to fix a snack or make a hot drink & tonight cooked her first meal since the accident.
It is very stressful for Lee not knowing where she is going from one night to the next not wanting to impose too much on the existing generosity of friends & fam. She's not in a financial position to fund much for herself. A few of us are pitching in here & there with what we can when we can. Now at motor camp. Please help.
Lana Stirling's involvement (page creator)
I'm a friend of Lee's. We met 30 years ago working in the Cancer Genetics Lab, Otago University in Dunedin. We both had toddler aged sons & hit it off immediately. Lee is a ray of sunshine, has a beautiful smile, a HUGE heart & is generous to a fault.
Use of funds
Rent of suitable accommodation for 6 - 8 weeks allowing Lee to continue car crash recovery in a safe space. A place with bed & en suite where she can place her commode & shower chair to toilet & shower safely. Dog friendly; chihuahua puppy, toilet trained.
Other page links
on Facebook","Rent of suitable accommodation for 6 - 8 weeks allowing Lee to continue car crash recovery in a safe space. A place with bed & en suite where she can place her commode & shower chair to toilet & shower safely. Dog friendly; chihuahua puppy, toilet trained.","Created by
Lana Stirling  




      Paying to a verified bank account of
Leeanne (Lee) Cooper",Page Moderated,2,"Desperate for suitable accomodation
16 September 2025
Just a quick update - still have nowhere suitable to live, went back to Arapawa Island as completely ran out of funds - WINZ cut accom supplement AND TAS as I have “no fixed abode” so went from $500 a week to $373 - my friend and previous landlord kindly took me back to
The Marlborough Sounds where I used to live and I’ve had FIVE dangerous falls, hurt my ankle and my knee and I’m in so much pain tonight I had three codeine and two Panadol and I was still howling 😞 please if you can pass my predicament onto anyone you may
Know who can help - I might be able to start actually healing these damn painful legs, 🙏🏽
Share this update
0 comments  |  Login to leave a comment
In Great Disability Accommodation in Picton. Left Nelson Saturday Afternoon.
31 August 2025
Hi Beautiful People,
Thank you all so much for your amazing generosity. It is really helping Lee until we sort something more permanent for her where proper physiotherapy recovery can commence. We find out about a rental applied for this coming week, fingers crossed for us everyone 🤞.
We are currently in a disabled unit in a Picton motel sourced via Lee's wider support network. We are enormously grateful for the great rate given. Lee reports this space is so much easier for her to move about in. It has a wet floor bathroom with toilet, large & much easier for her to manoeuvre her walker in than the unit in Nelson. On our first night here she cooked a delicious meal for us (see image).
It was important to Lee to get back to Picton where her church is, her dear friend John & future potential home. Having a longer term base allows the next phase of Lee's recovery to start - it doesn't happen while in short term accommodation.
I took Lee to her local church this morning where John also attends. John brought over bacon, tomatoes, eggs, butter & crumpets so I cooked us a lunch to share after. Tomorrow I will be exploring longer term accommodation in many different forms in case we don't get the flat nearby.
We'll keep you posted on Lee's progress. Your generosity is giving Lee the security & space to keep moving forward in an upwards direction, healing physically, spiritually, mentally. She has much to work through & is much more able to with your support 👏💝🥰🤗😇🐾.
Share this update
0 comments  |  Login to leave a comment",
Medical treatment,Medical treatment Aortic valve replacement,https://static.givealittle.co.nz/assets/hero/fa2b923c-8c6a-4f6c-b106-b34601619bea-320:False,https://givealittle.co.nz/cause/medical-treatment-5,5040,25000,closed,Read more,https://givealittle.co.nz/cause/medical-treatment-5,27 Aug 2025,19 Oct 2025,0,"Papatoetoe, Auckland",60,"💙 Help Abdul Muhimeen Rehimaan Fight a Rare Heart Condition 💙
Dear friends and family,
My beloved Abdul Muhimeen Rehimaan, has recently been diagnosed with a rare congenital heart condition — Dysplastic Quadricuspid Aortic Valve, causing moderate to severe aortic regurgitation (blood leaking back into the heart).
This condition is progressive and requires urgent Aortic Valve replacement Surgery to prevent further complications. In light of pressing needs,we are reaching out for your support in terms of donations to assist with medical expenses and related costs.
Abdul has always been a source of strength and kindness to those around him. Now, he needs us.
🙏 Please consider donating or sharing this message to help us raise funds for his treatment and recovery. Every contribution, big or small, makes a difference.
💖 Thank you for your love, prayers, and generosity.
Shameema Begum
Shameema Begum's involvement (page creator)
For my husband
Use of funds
Medical treatment",Medical treatment,"Created by
Shameema Begum  




      Paying to a verified bank account of
Abdul Rehiman",Page Moderated,,,
Giving the Moonsamys a chance,Assistance for Jesse's spinal operation and to free up time for Jared and Kerisa to provide the specialist care needed for Jesse and Zoe.,https://static.givealittle.co.nz/assets/hero/2f5337df-54a1-4be7-9bf7-b346011a007c-320:False,https://givealittle.co.nz/cause/giving-the-moonsamys-a-chance,3995,90000,30 days to go,Donate,https://givealittle.co.nz/donate/cause/giving-the-moonsamys-a-chance,27 Aug 2025,27 Nov 2025,0,International,12,"My dear brother Jared Moonsamy and his wife Kerisa are experiencing an extremely tough time. With an average of an hour's sleep a day for Kerisa and little more for Jared, its a situation that is not sustainable.
Their oldest child Jesse is 14 years old, in a wheel chair and non-verbal and needs full time care.
Their second child Zoe is 6 years old and is non-verbal autistic.
The parents are the only caregivers for the children with Jared working full time to support the family and helping out when home.
Jesse is 60kgs and needs to be bath changed and fed.
Zoe sleeps for short periods and at odd times and also needs bathing, changing and feeding. She doesn't stop moving when awake and Jared and Kerisa have converted the lounge of their one bedroom flat into a 'jungle gym' to keep her occupied.
Jesse also has an upcoming operation to correct his spine that is not funded in South Africa where they live.
Your contribution, no matter the size, will provide them with much-needed support with Jesse's operation, paying off debts so Jared can free up time to be with the kids and to purchase equipment to assist with the ongoing care of Jesse.
The hope is to give this dedicated family a chance at living as the needs of the kids, that they adore, evolves.
Thank you.
Vernon Moonsamy's involvement (page creator)
Jared is my brother.
Use of funds
Assist in paying for Jesse's spinal operation.
Equipment to assist in Jesse and Zoe's ongoing care.
Paying of debts so Jared can use time to provide needed addition care for Jesse and Zoe.",Assist in paying for Jesse's spinal operation.Equipment to assist in Jesse and Zoe's ongoing care.Paying of debts so Jared can use time to provide needed addition care for Jesse and Zoe.,"Created by, and paying to a verified bank account of,
Vernon Moonsamy      on behalf of Jared and Kerisa Moonsamy",Page Moderated,1,"Progress
19 September 2025
Thanks for the support so far.
Really appreciate those that have given and are thinking of doing so.
Although seemingly far from our target, every precious donation gets us closer.
Again, thank you and God bless.
Share this update
0 comments  |  Login to leave a comment",
"I really need your help so I can get healthy, and have more pain free time with my kids",Will you help bring back my smile? Im in need of a full set of dentures after surgery to extract all my teeth due to gum disease.,https://static.givealittle.co.nz/assets/hero/2c906c95-6784-4efd-a9fa-b36600c89e4c-320:False,https://givealittle.co.nz/cause/help-save-my-life-from-dying-gums,1065,15000,60 days to go,Donate,https://givealittle.co.nz/donate/cause/help-save-my-life-from-dying-gums,27 Aug 2025,27 Dec 2025,0,Southland,5,"I am a mum of 5, and only 49 yrs old. I have been diagnosed with severe, chronic periodontal disease.
Greafully I have funds for surgery, now I need help to get dentures. Will you help me get back my smile and confidence? So I can lead a healthier happier life?
Use of funds
27 Aug 2025 - I need funds for a full.extracrion of all my teeth. And dentures to save my life
29 Sep 2025 - I now only require assistance with dentures",27 Aug 2025 - I need funds for a full.extracrion of all my teeth. And dentures to save my life29 Sep 2025 - I now only require assistance with dentures,"Created by, and paying to a verified bank account of,
Vera Smith",Page Moderated,1,"Will you help bring my smile back
28 September 2025
I have gratefully got funds for full extraction of my teeth on 25 nov.
I now need help to raise funds for the next step, dentures.
Help me bring my smile back, and the start to a more positive healthy happy life. I really need your help.
Share this update
0 comments  |  Login to leave a comment",
Dan's healthcare fundraising,Support Dan in paying for vital healthcare,https://static.givealittle.co.nz/assets/hero/fe415f46-285a-4345-8389-b346010f9c4c-320:False,https://givealittle.co.nz/cause/dans-healthcare-fundraising,530,0,3 days to go,Donate,https://givealittle.co.nz/donate/cause/dans-healthcare-fundraising,27 Aug 2025,31 Oct 2025,0,"Christchurch, Canterbury",11,"Those who know me well know that, despite talking a lot, I am an incredibly private person. It has admittedly taken me months to reach the point where I feel comfortable enough to set this page up. The reason I now comfortable to do so is primarily because of the love & support I have received from my friends and community during this journey.
Each person’s journey of unlearning who they were told to be, and becoming who they truly are, is unique and personal. For decades, so many areas of my life felt off-centre. They were often filled with love, friendships, and incredible experiences, and yet inside it felt as though the edges were not aligned. I couldn’t truly sit in joy, even for a moment. If it sounds sad, it’s because it was. I was sad.
With both the realization & acceptance of who I am over the last two years, suddenly my world exists in technicolor - the edges line up, the last puzzle piece has slid into place, and I am now able to experience wholehearted connections with both myself & others.
But I am not there yet. Becoming myself, as is often the case, comes at a cost. The surgery I need was offered by NZ’s public healthcare system for decades, but as of 2024, the one public surgeon providing gender-affirming care withdrew from the system, citing “persistent mismanagement”.
Instead, I have had to withdraw my entire life savings to pay $16,500/£7170 to go to Thailand for this life-saving surgery. Any donation at all will help me cover these costs.
Use of funds
All funds will go directly towards the cost of the surgery - approximately $13,500 NZD/£5,866","All funds will go directly towards the cost of the surgery - approximately $13,500 NZD/£5,866","Created by, and paying to a verified bank account of,
Dan Andrew",Page Moderated,,,
"💙 Help support Rory, Bex, Archie & Olive as they face Rory’s battle with advanced melanoma.","💙 Help support Rory, Bex, Archie & Olive as they face Rory’s battle with advanced melanoma.",https://static.givealittle.co.nz/assets/hero/d2ccbb87-6eef-420f-a2f1-b34600e1bde2-320:False,https://givealittle.co.nz/cause/support-rorys-family-though-his-melanoma-battle,40880,30000,30 days to go,Donate,https://givealittle.co.nz/donate/cause/support-rorys-family-though-his-melanoma-battle,27 Aug 2025,27 Nov 2025,0,"Napier, Hawke's Bay",316,"Recently, our friend Rory Aroa received the devastating news that he has been diagnosed with melanoma. Sadly, the cancer has already spread.
Rory is a loving partner to Bex and a devoted dad to their two beautiful young children, Archie and Olive. Like so many parents, he has always put his family first. But due to previous health battles, Rory didn't have access to health insurance, making this journey even harder for them.
We can all understand how challenging it is to raise a young family under normal circumstances—let alone while facing such uncertainty. This page has been created to ease some of the financial pressure for Bex and the kids, allowing them to focus on what's important.
Every contribution, no matter how small, will make a real difference to their lives. Your kindness will help provide stability, comfort, and support for Rory’s family during this incredibly difficult time.
Thank you for standing alongside them. 💙
Nathaniel Wright's involvement (page creator)
Friend and Colleague
Use of funds
Funds raised will help ease the financial burden on Rory’s family — covering everyday living costs, household bills, and providing stability for Bex, Archie and Olive during this difficult time.","Funds raised will help ease the financial burden on Rory’s family — covering everyday living costs, household bills, and providing stability for Bex, Archie and Olive during this difficult time.","Created by
Nathaniel Wright  




      Paying to a verified bank account of
Bex Howie",Page Moderated,1,"Update from Rory
15 September 2025
From Rory:
Hi everyone,
I just wanted to start by saying thank you all so much for your generosity and the kindness you have shown to me and my family over the past month.
As someone who has always found it difficult to ask for and accept help, the outpouring of support has been truly overwhelming.
This week I begin a new therapy that targets my specific melanoma mutation, following a round of radiation and two weeks of a tough recovery from the side effects.
Hopefully, the combination of these treatments will help me move on to the next stage of healing, although I know I have a long road ahead with the cancer having spread to several areas, including my brain, spine, liver, spleen and lung.
Each day I am surrounded by family, kids and friends on rotation, and I’m really enjoying the revolving door of visitors who bring laughter and light-heartedness into my days.
If you’d like to come by for a visit, please feel free to reach out. The easiest way is to contact my PA (my partner, Bex) on 0279301704, and she will arrange a time.
Thank you again for your donations – we are eternally grateful.
Rory
Share this update
0 comments  |  Login to leave a comment",
Kapi's Journey - Help support our Perkins-Topine Whānau,"Kapi has always been the provider – not just for his own whānau, but for anyone who needed it. Always giving, never taking.",https://static.givealittle.co.nz/assets/hero/abe6ee71-ec6d-4185-aae2-b34600e25900-320:False,https://givealittle.co.nz/cause/kapis-journey-help-support-our-perkins-topine,19201,0,303 days to go,Donate,https://givealittle.co.nz/donate/cause/kapis-journey-help-support-our-perkins-topine,27 Aug 2025,27 Aug 2026,1,"Taumarunui, Manawatu-Wanganui",162,"In September 2020, Kapi was diagnosed with stage 4 bowel cancer. He underwent surgery to remove the tumour, followed by six months of chemotherapy. After that, he was in the clear for nearly four years.
In March 2024, another tumour was found on his spine. Surgery and radiotherapy followed. Then in May, Kapi discovered a lump on his neck. Sadly, this turned out to be an aggressive form of cancer involving the BRAF gene mutation.
The treatment Kapi is currently on doesn’t usually work well for BRAF cancers. One option was an unfunded drug costing $125,000, but with him already undergoing chemotherapy, doctors were unsure how effective it would be. Kapi has chosen to continue with his current treatment, travelling to Waikato every two weeks.
Doctors have given Kapi an estimated 15 months – but that’s just the scientific timeline. We know his timeline will be longer. Kapi, Terese, and their 5 beautiful babies will fight right to the end.
We are reaching out for financial support to help Kapi and his whānau through this journey. Any contribution, big or small, will make a huge difference and is deeply appreciated.
Thank you for standing with Kapi and his whānau.
Alysha Perkins' involvement (page creator)
Kapi and Terese’s sister, wanting to help ease the financial burden as they navigate the inevitable.
Use of funds
All donations will go directly towards easing financial pressure by helping cover essential living expenses and bills.",All donations will go directly towards easing financial pressure by helping cover essential living expenses and bills.,"Created by
Alysha Perkins  




      Paying to a verified bank account of
Terese Perkins",Page Moderated,,,"on 5 Sep 2025
Kylie asks
Hi, I work for a charity called TimeOut. We connect generous holiday homeowners across New Zealand with people diagnosed with stage 4 cancer or an incurable illness, offering them the chance to enjoy a much-needed break and spend quality time with loved ones.
If you’re interested in applying or would simply like to learn more, we’d love to support you.. As a small charity, we can’t always guarantee a suitable match - particularly for larger groups - but we do our very best to help. Recipients can apply online at www.timeoutnz.org or get in touch with us directly at info@timeoutnz.org with any questions. Take care, Kylie
This question has not been answered yet."
Please help me with my dad's medical treatment,Help with my dad's medical treatment,https://static.givealittle.co.nz/assets/hero/1959f51b-4b05-44c8-ab6d-b346013a03f7-320:False,https://givealittle.co.nz/cause/please-help-me-with-my-dads-medical-treatment,2590,40000,closed,Read more,https://givealittle.co.nz/cause/please-help-me-with-my-dads-medical-treatment,27 Aug 2025,17 Sep 2025,0,Auckland,31,"My dad's been unwell and needs to undergo an urgent coronary artery bypass grafting and carotid artery grafting surgery in Fiji. Any help would be greatly appreciated 🙏
Sheetal Darshan's involvement (page creator)
My dad.
Use of funds
All money will be spent on his medical treatment.
Other page links
on Facebook",All money will be spent on his medical treatment.,"Created by, and paying to a verified bank account of,
Sheetal Darshan      on behalf of Shiu Darshan",Page Moderated,,,
Together for Gill,This is our chance to wrap our friend & colleague in the same care and love she has always given so freely to those around her,https://static.givealittle.co.nz/assets/hero/abb8570e-317f-4aed-9e3c-b34100bcffbc-320:False,https://givealittle.co.nz/cause/together-for-gill,2590,2000,closed,Read more,https://givealittle.co.nz/cause/together-for-gill,27 Aug 2025,18 Sep 2025,0,Hawke's Bay,30,"I kindly ask that this page remain within the Hastings Health Centre staff group and the link NOT be shared on social media or more widely, as this was Gill’s stipulation in allowing us to create this page for her.
As many of you know, our friend and colleague Gill is going through a journey with her health. After facing major surgery earlier in the year and navigating recovery, she is now facing new challenges, prompting her recent resignation from Hastings Health Centre after nearly two decades of service. Gill is now focusing fully on her health and wellbeing as she begins a new drug therapy regime, which unfortunately is not currently funded.
As most of you already know, Gilly has given so much to others over her long career. Whether through her nursing or her collegial friendships, she has shown genuine care to everyone around her. Her calm presence, gentle humour, and steadying hand have made her the kind of person you can always turn to in a crisis. She’s also one of those ""suck it up and get on with it"" people who would never ask for anything in return, which is exactly why, as a team, we should be stepping up for her now.
I’ve set up this Givealittle page to contribute towards Gill's self-funded medication costs, help with day-to-day expenses, or simply give her the space to focus fully on her health. Every single donation, no matter how big or small, is a gift of support that will mean a great deal to Gill.
Hannah Galbraith's involvement (page creator)
Close friend, colleague
Use of funds
Funds raised from this Givealittle page will contribute towards Gill's self-funded medication costs, day-to-day expenses, or simply give her the space to focus fully on her health.","Funds raised from this Givealittle page will contribute towards Gill's self-funded medication costs, day-to-day expenses, or simply give her the space to focus fully on her health.","Created by
Hannah Galbraith  




      Paying to a verified bank account of
Gill Paulsen",Page Moderated,,,
Help Pete as he recovers from heart surgery and starts his cancer journey,Wanting to raise money for us recovery from heart surgery and cancer journey!,https://static.givealittle.co.nz/assets/hero/2a7c9c10-fce8-4cdc-8395-b346008da39c-320:False,https://givealittle.co.nz/cause/help-pete-as-he-recovers-from-heart-surgery,150,0,closed,Read more,https://givealittle.co.nz/cause/help-pete-as-he-recovers-from-heart-surgery,27 Aug 2025,27 Sep 2025,0,Canterbury,4,"Three weeks ago, Dad had major surgery to replace his aorta — the body’s main artery running from the heart to the abdomen. This was discovered by chance while doctors were investigating another health issue. Without surgery, he would not have survived more than two weeks, so it was incredibly fortunate it was caught in time.
The operation has taken a huge toll. He spent two weeks in ICU, including one in an induced coma, and another week on the ward. He is still very frail and recovering slowly.
Before this, Dad had been living in a caravan, and I had been traveling back and forth from Christchurch, staying nearby to support him. After surgery, I brought him home with me so I can care for him and help him regain strength before further treatment.
At a recent appointment, I also learned Dad has kidney cancer. His doctors are reviewing options, which include surgery to remove the kidney (high risk given his health), chemotherapy or radiation (depending on his condition), or palliative care focused on quality of life. While Dad says he isn’t worried, I believe he may be more concerned than he lets on.
Ryan Curran-pacquing's involvement (page creator)
I am the beneficiaries Son
Use of funds
All donation will go towards living costs and bills.",All donation will go towards living costs and bills.,"Created by
      
        Ryan Curran-pacquing
      





      Paying to a verified bank account of
Peter John Curran",Page Moderated,,,
Kick cancer to the kerb,Helping an amazing kid get through the worst time of his life.,https://static.givealittle.co.nz/assets/hero/3acbf4c1-4620-4e0c-ae38-b34500fea32d-320:False,https://givealittle.co.nz/cause/kick-cancer-to-the-kerb,1690,3000,closed,Read more,https://givealittle.co.nz/cause/kick-cancer-to-the-kerb,26 Aug 2025,16 Sep 2025,0,"Wellington, Masterton District",22,"Saturday 23rd August 2025, George is airlifted from Wellington to Christchurch as he was diagnosed with leukemia.
We know George because he has been a friend with my son since they were 5, they are now both 12.
Georges mother has asked if we have an old laptop George can game on while in hospital, we do, however they are old and might not work properly for gaming.
We would like to buy George a new laptop to game on while in hospital and hence we have started this page.
George and his mother have been in our life for some years now, he comes over for weekends of gaming with our son and generally hangs out. I would really like to do something amazing for George as he is a great kid and makes me laugh.
It would be much appreciated if you could find in your heart to donate a little to this extremely amazing cause.
Jason Whyte's involvement (page creator)
My sons friend.
Use of funds
A new laptop for gaming.",A new laptop for gaming.,"Created by, and paying to a verified bank account of,
Jason Whyte      on behalf of George",Page Moderated,1,"Update
5 September 2025
Thanks to everyone and your support. George is responding well to treatment and is expected to be home at the end of the month.
Share this update
0 comments  |  Login to leave a comment",
Together for Tukaha 🩵,Aroha for Tukaha 🩵,https://static.givealittle.co.nz/assets/hero/d3899b19-fbf8-4abd-be66-b34500e8fffe-320:False,https://givealittle.co.nz/cause/together-for-tukaha,4987,10000,90 days to go,Donate,https://givealittle.co.nz/donate/cause/together-for-tukaha,26 Aug 2025,26 Jan 2026,0,Auckland,77,"Our strong, brave boy Tukaha-Whakaangi is currently in hospital after doctors discovered a tumour on his spine. This has been a huge shock for our whānau, and right now, the most important thing is that Mum and Dad can be by his side every step of the way as he goes through treatment and recovery.
What started off as a simple doctors appointment for a check up on his foot turned into an unexpected trip to starship hospital where he is now awaiting surgery. Both parents have had to take time off work so they can stay with him, which means the family has lost their usual income. All donations received will go towards covering household bills, food and daily essentials in order to help keep mum and dad with their boy.
I’ve created this page to awhi (support) Tukaha and his whānau during this difficult time. Every koha, big or small, will help ease the financial pressure so Mum and Dad can focus on what matters most – being there for their boy.
Katarina Campbell's involvement (page creator)
I’ve created this page on behalf of my little sister and her partner
Use of funds
Cover Household bills while the family is away as well as food and daily essentials while they stay in Auckland.",Cover Household bills while the family is away as well as food and daily essentials while they stay in Auckland.,"Created by
Katarina Campbell  




      Paying to a verified bank account of
Kohi Duval      on behalf of Kohi Duval & Kowhai Campbell",Page Moderated,,,
Help us support the Sherman Family,Supporting the Sherman Family,https://static.givealittle.co.nz/assets/hero/aaf681f9-2547-489b-a118-b34500caf590-320:False,https://givealittle.co.nz/cause/help-us-support-the-sherman-family,13360,0,29 days to go,Donate,https://givealittle.co.nz/donate/cause/help-us-support-the-sherman-family,26 Aug 2025,26 Nov 2025,0,Waikato,262,"Many would know the Sherman family from Taupo & The Hawkes Bay.
Right now, they are facing every parent's worst nightmare, after having a liver transplant 5years ago, now their 10-year-old Son Eli has been diagnosed with Lymphoma a form of cancer.
We are after financial help to support Shaun and Alannah in this incredibly difficult time to ease the financial pressure that comes with a situation like this, and so that both parents can stay with Eli for as much as possible while he has Treatment in Auckland and so they can focus on his health.
Armoured Engineering's involvement (page creator)
Shaun was a valuable part of the Armoured Engineering & Pirtek Taupo families for 3 years; he's an incredibly hard working and dedicated engineer and father.
Use of funds
Covering accommodation and daily living costs so both parents can stay in Auckland to care for their son throughout his treatment.",Covering accommodation and daily living costs so both parents can stay in Auckland to care for their son throughout his treatment.,"Created by
Armoured Engineering        (Business)
  




      Paying to a verified bank account of
Alannah & Shaun Sherman",Page Moderated,1,"$10,000!!!
9 September 2025
Thank you so much for all your generous donations to help Eli and his Family.
The financial support from the community has been absolutely incredible.
Eli has had his first round of Chemo and is being very brave.
Share this update
0 comments  |  Login to leave a comment",
Life Saving Surgery For Esteban Our Mini Dachshund (IVDD),Fund raising to get Esteban the mini dachshund life saving surgery.,https://static.givealittle.co.nz/assets/hero/0f9946bb-6956-497d-a8e9-b34401554923-320:False,https://givealittle.co.nz/cause/life-saving-surgery-for-esteban-our-mini-dachshund,5485,5000,closed,Read more,https://givealittle.co.nz/cause/life-saving-surgery-for-esteban-our-mini-dachshund,25 Aug 2025,8 Sep 2025,0,"Dunedin, Otago",105,"Please Help Us Save Esteban’s Life
Esteban has been diagnosed with Intervertebral Disc Disease, it has left him without the use of his back legs. It's heartbreaking to see our energetic, snuggly, crazy boy struggle to simply move.
Surgery is recommended by the specialist within 48 hours, but a life saving surgery such as this comes at a cost. ($11,000 -$14,000). Regrettably our Pet Insurance will only cover a very small fraction of this cost and unfortunately we cannot cover all of this with our current financial situation and young family.
This sweet, brave 5-year-old miniature dachshund has filled our lives with joy, laughter, and unconditional love since the day he was born. Now, he’s facing the biggest challenge of his life.
The surgery gives Esteban the best chance to walk again and share more precious years with us & his best friend Lulu the Rottweiler. Lulu and Esteban have never known life without each other, born a month apart, they spend every minute together!
We’re doing everything we can, but the cost of surgery, aftercare, and rehabilitation is more than we can manage alone. That’s why we’re reaching out—with heavy hearts and hope in our hands.
Every donation, no matter how small, brings us closer to giving Esteban the second chance he deserves.
With love & gratitude,
Esteban’s Family ❤️🐾
For a wee look into Esteban & Lulu's life with their wee family check out their Instagram: www.instagram.com/therottieandthesausie
Use of funds
Surgery and aftercare costs for Esteban.
Other page links
on Instagram",Surgery and aftercare costs for Esteban.,"Created by, and paying to a verified bank account of,
Sam Heath",Page Moderated,,,
What Began as a Dream Holiday Has Become a Nightmare With Medical Expenses,"Carl and Nikki's dream holiday is now a nightmare, after Carl's stroke on the first morning. Please help, as insurance won't cover costs.",https://static.givealittle.co.nz/assets/hero/80f0acd6-2cd1-429a-805f-b3440147982c-320:False,https://givealittle.co.nz/cause/what-began-as-a-dream-holiday-has-become-a-battle,24823.95,40000,28 days to go,Donate,https://givealittle.co.nz/donate/cause/what-began-as-a-dream-holiday-has-become-a-battle,25 Aug 2025,25 Nov 2025,0,Nationwide,248,"What began as Carl and Nikki's dream holiday in Vietnam has turned into a heartbreaking journey they could never have imagined. Carl suffered a stroke on their first morning in Hanoi, and their world changed in an instant.
Instead of making special memories together, they have found themselves navigating hospitals, doctors, and uncertainty in a country far from home. To make things harder, their travel insurance has been declined so far, leaving them to face the enormous medical bills on their own.
The cost of urgent treatment, hospital stays, and ongoing care is far beyond what they can manage alone. Every day brings new expenses, and it is overwhelming to think about the financial burden on top of everything else they are already facing.
How Can You Support Us?
I am reaching out with a hopeful heart and humbly asking for help. Your kindness, whether through a donation or by simply sharing their story, will make a real difference in helping them cover medical expenses and focus on what matters most – Carl's recovery and getting him safely home.
From the bottom of our hearts, thank you for your compassion and support.
Raewyn Hogarth's involvement (page creator)
I am a relative of a close friend currently living in Hanoi. I’ve been deeply moved by their tragic situation and want to do what I can to help support them during this difficult time.
Use of funds
Funds will go towards urgent medical expenses in Vietnam, changes to airfares, extra accommodation and expenses while their stay is extended for further treatment, and helping them manage the loss of income during this difficult time.
Other page links
on Facebook
on Instagram","Funds will go towards urgent medical expenses in Vietnam, changes to airfares, extra accommodation and expenses while their stay is extended  for further treatment, and helping them manage the loss of income during this difficult time.","Created by
Raewyn Hogarth  




      Paying to a verified bank account of
Nicola Graham",Page Moderated,2,"Carl and Nikki's final days in Hanoi!!
13 September 2025
Carl has been cleared to fly home on Monday. Thank you so much to all those who have been following and supporting this lovely couple. We are looking forward to seeing them one last time tomorrow. We are so grateful for Carl's continued healing and also sad to say goodbye to our new friends. Here is their latest update.
Share this update
0 comments  |  Login to leave a comment
Guess who we met today!!!
1 September 2025
Today, we got to meet Carl after being discharged from the hospital on Friday evening. Here is a message from them to update you all on what has been happening in the last week.
""Thank you so much for all your generous donations, and for your lovely messages and prayers.
The insurance has agreed to cover part of Carl's treatment, thankfully, so we have adjusted the goal required to cover our costs.
We look forward to being able to fly home in mid-September.""
Carl and Nikki
Share this update
1 comment  |  Login to leave a comment
01/09/2025 by Donna
Great to see you up and about and to hear the two of you will be returning home soon. Safe travels.",
Supporting the Rakei Family,Supporting the Rakei family,https://static.givealittle.co.nz/assets/hero/81946465-b744-4c13-948b-b34401458b5c-320:False,https://givealittle.co.nz/cause/supporting-the-rakei-family,37738.25,0,28 days to go,Donate,https://givealittle.co.nz/donate/cause/supporting-the-rakei-family,25 Aug 2025,25 Nov 2025,0,"Taupo, Waikato",404,"Many in our Taupō community will know Kaydon and Jasmin – they are the kind of people who are always there to help others. Right now, they are facing every parent’s worst nightmare.
On Saturday afternoon their son, Ashton, was involved in a serious car accident and is now in a critical condition at Waikato Hospital. The road ahead for Ashton, and his family, will be a long one.
As friends and a community, we have the opportunity to rally around this incredible family – Kaydon, Jasmin, Bayley, Ella, and Milly – and ease some of the financial pressures that inevitably come with a situation like this. While they would never ask for help themselves, your support will allow them to focus fully on Ashton and his recovery.
Every donation, no matter the size, will make a difference. We ask that you please keep Ashton and his whānau in your thoughts and prayers, and send positive, healing energy their way.
Let’s come together as a community to wrap this family in aroha during their toughest time.
Chanelle Knight's involvement (page creator)
One of many friends wanting to support a family who we know would be the first to do the same for us if the roles were reversed.
Use of funds
Funds raised will help with travel, accommodation, and other unexpected expenses while Ashton is in hospital and on his recovery journey. Your support eases the financial burden so the family can focus on being with him.","Funds raised will help with travel, accommodation, and other unexpected expenses while Ashton is in hospital and on his recovery journey. Your support eases the financial burden so the family can focus on being with him.","Created by
Chanelle Knight  




      Paying to a verified bank account of
Jasmin Rakei (Roberton)",Page Moderated,,,
"Ohh, for some new teeth, and a lovely smile!",I never knew that six teeth could end up costing so much; I need help to restore my smile.,https://static.givealittle.co.nz/assets/hero/965a222c-e428-4ccd-b54a-b34400f05a51-320:False,https://givealittle.co.nz/cause/ohh-for-some-new-teeth-and-a-lovely-smile,60,18000,closed,Read more,https://givealittle.co.nz/cause/ohh-for-some-new-teeth-and-a-lovely-smile,25 Aug 2025,30 Sep 2025,0,"Whangarei, Northland",3,"Here is a hard working father of seven who has had perfect teeth for nearly half a century, but unfortunately, several of them have been cracked and one recently broken from hard items found too late within his food, and also a small level of decay.
The dentist has quoted some work that needs to be done, costing between $11,500 - $18,500 and he is not the type to ask for help, but on this occasion, he can't do this one alone. Please consider helping him get his teeth restored to a healthy state, and a winning smile.
Use of funds
Restoring four damaged teeth with long-lasting crowns, one tooth may need to be an implant. And also to create a plate to fill in a gap where two teeth are already missing.
If I don't make my target, I will fix as many teeth as I can with the funds raised.
Other page links
on Facebook
on Instagram
on YouTube
www.livegood.com/IanJKing","Restoring four damaged teeth with long-lasting crowns, one tooth may need to be an implant. And also to create a plate to fill in a gap where two teeth are already missing.If I don't make my target, I will fix as many teeth as I can with the funds raised.","Created by, and paying to a verified bank account of,
      
        Ian King",Page Moderated,,,
Support Maria’s Fight for a Diagnosis & Treatment To be able to live life again with her son and family.,Living with debilitating sever seizures & I’m fundraising to access private medical care & to cover essential cost i desperately need.,https://static.givealittle.co.nz/assets/hero/a3fa1af2-c414-4c5b-8906-b34d01078db1-320:False,https://givealittle.co.nz/cause/support-marias-fight-for-a-diagnosis-and-treatment,4281,0,48 days to go,Donate,https://givealittle.co.nz/donate/cause/support-marias-fight-for-a-diagnosis-and-treatment,25 Aug 2025,15 Dec 2025,0,Auckland,87,"My name is Maria. I’m a 32-year-old mum to a beautiful four-year-old boy, and I run my own small business. Life was moving forward until I was struck by a debilitating illness—uncontrollable and sever seizures without warning. After I come out of a sezuire Im in an aggressive aura where I can hurt myself or anyone around me with absolutely no memory. If I’m not watched 24/7 anything could happen and I certainly cannot be left alone with my son which is heartbreaking for a mother.
still no clear diagnosis.
These seizures have turned my whole world upside down:
I can’t drive, can’t work or even be left alone.
My partner can no longer work because he needs to watch me 24/7, and it has completely changed his life too.
My little boy has had to see his mum collapse and have severe seizures —it’s terrifying for him and heartbreaking for me.
The business I worked so hard to build has been put on hold.
While I’m under the public health system, the wait for answers and treatment is painfully slow. I’m reaching out for help to access private medical specialists and testing so I can get answers faster and start moving towards stability
🙏 Why I’m asking for help:
This illness has affected every part of my life, and without private help, I feel stuck and powerless. I want to get back to being the mum my son deserves and rebuild my life and business. Any contribution, no matter how small, would mean the world to us.
Thank you from the bottom of my heart for reading and supporting. 💙
Use of funds
What the funds will go towards:
Specialist neurology appointments
Private EEG/MRI scans and diagnostic tests
Travel costs for appointments
Support for treatment plans and medication reviews
Essential household bills and expenses while not able to work
Other page links
on Facebook",What the funds will go towards:Specialist neurology appointmentsPrivate EEG/MRI scans and diagnostic testsTravel costs for appointmentsSupport for treatment plans and medication reviewsEssential household bills and expenses while not able to work,"Created by, and paying to a verified bank account of,
Maria Begley",Page Moderated,,,
Life Transformation Surgery,Life changing surgery for a great Lower Hutt man,https://static.givealittle.co.nz/assets/hero/7f624a94-6bec-44b3-881a-b34400b56ae7-320:False,https://givealittle.co.nz/cause/life-transformation-surgery,5517,30000,301 days to go,Donate,https://givealittle.co.nz/donate/cause/life-transformation-surgery,25 Aug 2025,25 Aug 2026,0,Wellington,69,"Eli Moon, an incredible Lower Hutt man has been on a life saving health journey since August 2023.
Starting at 290kg Eli has since lost over 150kg by sheer determination and dedication to transform his life after a near death experience.
Nathan Wheoki's involvement (page creator)
Eli has been a pillar of mental health advocacy for a many people including myself in the area, providing a space for people to feel loved, seen, heard and wanted.
Use of funds
Excess skin removal surgery",Excess skin removal surgery,"Created by
Nathan Wheoki  




      Paying to a verified bank account of
Eli Moon",Page Moderated,,,
"💜 Standing with Ariana in her fight against Stage 4 cancer - supporting her health, recovery and Family 💜",💜 Supporting Ariana's fight against Stage 4 cancer and helping her family through her recovery journey 💜,https://static.givealittle.co.nz/assets/hero/a8ec955b-45c3-46df-acc4-b341010b0508-320:False,https://givealittle.co.nz/cause/standing-with-ariana-in-her-fight-against-stage-4,21830,0,120 days to go,Donate,https://givealittle.co.nz/donate/cause/standing-with-ariana-in-her-fight-against-stage-4,25 Aug 2025,25 Feb 2026,1,Taranaki,184,"Kia ora, my name is Ariana. I’m 38 (nearly 39), a proud wife to Zac and mum to our three beautiful children – Izabella (16), Aaliyah (15), and George (9).
In March 2024, my world changed when I was diagnosed with a rare appendix cancer following a ruptured appendix. Since then, I’ve had multiple surgeries, including a right hemi-colectomy, and endured four rounds of chemotherapy. In January 2025, we celebrated being given the all-clear – what felt like the biggest blessing.
But in June 2025, after ongoing pain, a CT scan revealed a large cyst in my pelvis. Surgery confirmed the devastating news that the cancer had returned and spread throughout my abdomen. The prognosis: Stage 4.
Thankfully, I have been approved for CRS + HIPEC surgery – a major, high-risk operation lasting up to 12 hours, often referred to as “the mother of all surgeries.” This will require weeks in hospital and months (up to a year) of recovery.
Because I’m self-employed, my ability to work has been hugely impacted, leaving our family relying on one income. Stress is the last thing my body needs, so this page has been set up to relieve some financial pressure, allowing me to focus on healing and ensuring my kids don’t miss out on the joy of their childhood because of cancer.
From the bottom of my heart – thank you for your aroha, generosity, and support. Every contribution, big or small, helps us to face this journey with strength, hope, and love.
With deepest gratitude and love,
Ariana, Zac, Izzy, Aaliyah, George
Tamara Brooks' involvement (page creator)
I am Ariana's sister in-law and the wife of her eldest brother, and I am helping to share her story and rally support for her and her family.
Use of funds
Funds will go towards essential living costs, non-funded medical treatments to aid Ariana's surgery and recovery, and creating lasting family memories during this journey.
Other page links
on Facebook","Funds will go towards essential living costs, non-funded medical treatments to aid Ariana's surgery and recovery, and creating lasting family memories during this journey.","Created by
Tamara Brooks  




      Paying to a verified bank account of
Ariana McMahon",Page Moderated,,,"on 5 Sep 2025
Kylie asks
Hi, I work for a charity called TimeOut. We connect generous holiday homeowners across New Zealand with people diagnosed with stage 4 cancer or an incurable illness, offering them the chance to enjoy a much-needed break and spend quality time with loved ones.
If you’re interested in applying or would simply like to learn more, we’d love to support you.. As a small charity, we can’t always guarantee a suitable match - particularly for larger groups - but we do our very best to help. Recipients can apply online at www.timeoutnz.org or get in touch with us directly at info@timeoutnz.org with any questions. Take care, Kylie
This question has not been answered yet."
Neils terminal cancer,Helping our dads last weeks of life more comfortable!,https://static.givealittle.co.nz/assets/hero/003a1637-9a9b-459b-bb76-b34400a7d4f4-320:False,https://givealittle.co.nz/cause/neils-terminal-cancer,515,5000,3 days to go,Donate,https://givealittle.co.nz/donate/cause/neils-terminal-cancer,25 Aug 2025,31 Oct 2025,0,"Mangawhai, Northland",7,"Our dad has always been the strongest person we know—kind, funny, and always there when we needed him. Recently, he was diagnosed with terminal cancer, and we've been given the heartbreaking news that he only has a very short time left with us.
As we navigate this incredibly difficult time, our focus is on making his final weeks as comfortable and peaceful as possible. We’re raising funds to help cover the costs of his cremation.
Any donation big or small helps significantly. From the bottom of our hearts, thank you for your support.
Jessielee Holland-Death's involvement (page creator)
Father
Use of funds
Funeral expenses",Funeral expenses,"Created by, and paying to a verified bank account of,
Jessielee Holland-Death      on behalf of Neil Death",Page Moderated,,,
Standing beside Jaime and Damon,"Together, we can help Jaime access the care she needs and surround her and Damon with love and hope on this journey.",https://static.givealittle.co.nz/assets/hero/383406f6-7433-476f-8423-b344008ce9f1-320:False,https://givealittle.co.nz/cause/standing-beside-jaime-and-damon,16973,0,657 days to go,Donate,https://givealittle.co.nz/donate/cause/standing-beside-jaime-and-damon,25 Aug 2025,16 Aug 2027,0,Northland,118,"Our beautiful Jaime has been diagnosed with stage 3 cancer. Her world has changed so suddenly, and she is now facing the fight of her life. With long public waitlists, she needs to explore private and unfunded treatment options - because time is precious.
Jaime has always been someone who gives so much of herself to others. Through her teens and 20s she worked tirelessly towards becoming a doctor, dedicating her life to caring for others and making a difference. Now it’s our turn to care for her.
Her partner Damon has just secured the job he has been working towards for years, but instead of being able to celebrate, their focus has turned to hospital trips, weekly chemotherapy in Auckland, and the heavy financial toll this journey brings.
This page has been created to help ease that burden - covering the costs of unfunded treatments that may give Jaime her best chance, fuel for the countless trips, and keeping their home steady so she can focus fully on her recovery.
Every donation, no matter the size, will help lift some of the weight from Jaime and Damon’s shoulders. More than that, it will remind Jaime that she is surrounded by love, hope, and a community that believes in her strength.
Together, we can give Jaime the best chance to heal and to keep moving forward with hope in her heart.
Bianca Gavin's involvement (page creator)
An old friend of Damon's, he is like a little brother to me. I have had the pleasure of knowing Jaime since they met - and adore her equally.
Use of funds
Covering the costs of unfunded treatments (keytruda) that may give Jaime her best chance, fuel for the countless trips, and keeping their home steady so she can focus fully on her recovery.","Covering the costs of unfunded treatments (keytruda) that may give Jaime her best chance, fuel for the countless trips, and keeping their home steady so she can focus fully on her recovery.","Created by
Bianca Gavin  




      Paying to a verified bank account of
Damon Barakat      on behalf of Jamie Newton & Damon Barakat",Page Moderated,,,
Helping George and his mum with his cancer fight.,Rallying around George and his mum during this unimaginable time.,https://static.givealittle.co.nz/assets/hero/ffe5fe1b-b917-4e3f-b592-b343015a7688-320:False,https://givealittle.co.nz/cause/helping-george-and-his-mum-with-his-cancer-fight,5245.24,0,119 days to go,Donate,https://givealittle.co.nz/donate/cause/helping-george-and-his-mum-with-his-cancer-fight,24 Aug 2025,24 Feb 2026,0,Wellington,66,"Twelve-year-old George and his mum have had their world turned upside down. After becoming suddenly and seriously unwell, George was rushed to hospital. At first, doctors suspected meningitis, but further tests showed that he has leukaemia. Not long after, George and his mum were transferred to Wellington hospitals ICU, ready for the lifeflight plane to fly them to Christchurch for an unknown amount period of time for treatment.
Before this, George was a healthy, happy pre-teen with a heart full of love and a sense of humour bigger than just about any twelve-year-old you’ll ever meet. Creative and easy-going, he adores going to Scouts, spending time with his dog, and playing games. George also has many younger friends who look up to him, admiring his fun, caring nature and incredible patience.
George’s mum is his rock. Despite living with a chronic illness herself, she has always been there for her son—supporting him, encouraging him, and making sure he could thrive as his full self. Both George and his mum are neurodivergent, which adds extra challenges to navigating hospital environments and stressful systems. With very little support around them, they now face this journey largely on their own, away from home.
George and his mum have always given their love and kindness freely to others. Now, they need a village to help hold them through this storm.
Any contribution—big or small—will make a huge difference to keeping them safe, supported, and focused on George’s fight ahead.
Ruth Taylor's involvement (page creator)
Friend and support person.
Use of funds
Covering travel, daily costs, and hospital support and advocacy for George and his mum, and giving George little comforts and activities to brighten his treatment journey.","Covering travel, daily costs, and hospital support and advocacy for George and his mum, and giving George little comforts and activities to brighten his treatment journey.","Created by
Ruth Taylor  




      Paying to a verified bank account of
Sonya Krause",Page Moderated,4,"Adjusting to being back home.
27 October 2025
Kia Ora all,
George and his mum were trasnferred back home to Wellington 2 weeks ago. George has spent lots of time doing lots of things he used to do. Little things like walking to his local dairy to buy some lollies, getting out of the house and doing familiar activities from before Cancer became a big part of their lives. In the last 2 weeks he has not recieved any Chemo- it has been a nice break and has given George and his Mum some much needed time for settling back home. Today George is back to having daily chemotherapy treatment here in Wellington. He is doing extremely well and is growing like a bean stalk!
A huge thank you for all your continuous support.
Share this update
0 comments  |  Login to leave a comment
Another Update….. ❤️‍🩹
6 October 2025
On Monday the 22nd, George underwent a bone marrow aspiration to check how his body is responding to chemotherapy and to help determine the next steps in his treatment journey.
It was an emotional week, with George continuing daily chemotherapy while waiting for results. When they came through on Friday, we learnt that although his leukaemia cells had reduced dramatically and he’s responding incredibly well, they hadn’t dropped quite enough to move on to the next stage just yet.
It was tough news to take in, but we remain hopeful and so grateful for how well George’s body has coped with treatment so far.
Since then, George has completed another two weeks of daily chemo and had another bone marrow aspiration today. We’re keeping everything crossed for positive results — and for the day George and his mum can return home to Wellington to continue treatment surrounded by familiar faces and comforts.
In between treatments, George has been spending time on his new gaming laptop — watching YouTube, playing games, and finding ways to stay entertained. He and Sonya have also managed a few post-chemo adventures around Christchurch when he’s feeling well.
We want to say a heartfelt thank you for the ongoing love and support. It has truly made a world of difference. Financially, things are tough right now, and the Givealittle support has meant Sonya can focus fully on caring for George. Any continued donations are deeply appreciated and help ease the load during this challenging time.
Share this update
0 comments  |  Login to leave a comment
Amazing news and another massive thank you!
15 September 2025
It’s been a full-on few weeks since the last update. George was moved from ICU to the children’s oncology ward once he was stable enough to continue treatment there. That step came with its challenges, but also some really encouraging signs of progress.
The best news is that George has responded so well to treatment that he and his mum have been able to leave the hospital and move into Ronald McDonald House. The team there has been incredible—giving them space to breathe and a sense of normal life in the middle of everything.
Being out of hospital has made a world of difference for both George and Sonya. They’re deeply grateful for the kindness shown through Givealittle and in so many other ways. The donations have already lifted a real weight off Sonya’s shoulders. On the tougher hospital days, George would often scroll through the page and read the messages—those words reminded him, and Sonya, that they weren’t in this fight alone.
For me, it’s been a privilege to walk alongside them, to help where I can and to make sure their needs are heard.
They’ll be at Ronald McDonald House for a few more weeks yet, and if things continue moving in the right direction, the hope is that they’ll soon get the all-clear to return home to Wellington to continue treatment—a shift that will make daily life a little easier, though it will still bring its own set of challenges.
From the bottom of our hearts, Thank you 🧡❤️‍🩹
Share this update
0 comments  |  Login to leave a comment
Update and Thank you!
28 August 2025
Kia Ora all,
I just wanted to say a massive thank you for all of the support everyone has shown George and Sonya ( his mum) this far!
The lovely messages and the generous donations have not gone unnoticed. George and Sonya are so appreciative and overwhelmed with the love and support shown to them.
George has started chemotherapy down in Christchurch. So far it’s looking like the leukaemia is responding well to the chemo, but as to be expected he is having all the side effects and doing lots of sleeping. He is currently in a medical ward and having the children’s oncology coming down to him for chemo treatment as his body isn’t quite strong enough medically yet just to be on the oncology ward.
There are still so many unknowns, but they are slowly adjusting to what their life is going to be like for the next wee while.
George and Sonya are frequently checking the givealittle page and I know this has been a massive help lifting his spirit up through this difficult time.
Once again, a MASSIVE thank you!
Ruth
Share this update
0 comments  |  Login to leave a comment",
Support Lily's Journey to Getting Corrective Jaw Surgery,Every dollar helps! We're helping support Lily with funding a very expensive corrective jaw surgery,https://static.givealittle.co.nz/assets/hero/ec2dd421-0e77-4908-9eb4-b343014d7477-320:False,https://givealittle.co.nz/cause/lilys-jaw-surgery,735,14580,184 days to go,Donate,https://givealittle.co.nz/donate/cause/lilys-jaw-surgery,24 Aug 2025,30 Apr 2026,0,"Richmond, Tasman",8,"In August, Lily went to Wellington with her parents Aimee and Andrew for an orthognathic (corrective jaw) surgery consult.
The reason for her attending is she has a very significant overjet - a dental condition where the top front teeth protrude horizontally past the bottom front teeth. This causes her great discomfort and among other things affects her eating, with a sensation of her teeth feeling loose, especially triggered by hard foods - a very uncomfortable feeling! The overjet can also lead to further dental issues such as tooth wear, gum damage, difficulty chewing or speaking, and heightened risk of injury should she fall or otherwise hurt herself.
In Wellington, she had two wisdom teeth extracted, and on her return to Nelson she has since had braces fitted as the first step in her treatment.
In 10-12 months she will undergo what is called a bilateral sagittal split osteotomy (BSSO) for mandibular advancement, which involves the oral surgeon making cuts to Lily’s lower jawbone to reposition and stabilise it with plates and screws.
There is further likelihood she will need a genioplasty, a type of chin surgery to realign and reshape her chin after the BSSO procedure.
Lily has worked after school jobs since she was 16, and will put a good portion of her own money towards the procedure. We wanted to set this up to help share even a small part of the burden of cost for her and her parents.
Cindy Winter's involvement (page creator)
Lily is my beautiful niece, a beautiful soul who will help anybody. She is currently studying to be an ECE teacher, a role she is perfect for as she has a heart of gold and patience of a saint, always having a special nurturing bond with children
Use of funds
The quote for the surgery alone is $14,580.00. This doesn't include the initial consult, or the braces, which Lily and her family are funding themselves, or the travel/accommodation to Wellington. Not publicly funded as it is considered 'cosmetic'. All funds raised will go towards the surgery.","The quote for the surgery alone is $14,580.00. This doesn't include the initial consult, or the braces, which Lily and her family are funding themselves, or the travel/accommodation to Wellington. Not publicly funded as it is considered 'cosmetic'. All funds raised will go towards the surgery.","Created by
Cindy Winter  




      Paying to a verified bank account of
Lily Verry",Page Moderated,,,
Help Zara Get Life-Changing Surgery in Germany,Help Zara Get Life-Changing Surgery in Germany,https://static.givealittle.co.nz/assets/hero/91c6d89c-56b7-4b50-b022-b343013e8cd5-320:False,https://givealittle.co.nz/cause/help-zara-get-life-changing-surgery-in-germany,17745,150000,27 days to go,Donate,https://givealittle.co.nz/donate/cause/help-zara-get-life-changing-surgery-in-germany,24 Aug 2025,24 Nov 2025,0,Waikato,114,"Hi, everyone it’s Zara McBride (previously Porteous)
I am a 23 year old woman and have been chronically ill for over 7 years with multiple severe vascular compression syndromes, which have only been discovered in the past six months. My major abdominal blood vessels are being crushed, leaving me in constant pain and unable to live a normal life.
The only hope for me is complex surgery in Germany that isn’t available in New Zealand. We are hopeful to raise $150,000 by mid-October.
Even the smallest donation – even $10 – can help me get closer to the surgery that could give me my life back. I am so grateful for any support, whether it’s donating or simply sharing my story. 💛
If you wish to learn more or follow the journey please do so through my instagram page @chronically_zaz
With love, and hope
Zara
Use of funds
Every cent raised will be put toward my major operation in Germany.
Other page links
on Facebook
on Instagram",Every cent raised will be put toward my major operation in Germany.,"Created by, and paying to a verified bank account of,
Zara McBride (Porteous)",Page Moderated,1,"Surgery Date
1 September 2025
Thank you to every single one of you 🤍 Surgery date has been pulled forward and confirmed for October 9th. I will have scans and tests done the week prior on October 2nd. Grateful to be pushed through and urgent enough for them to fit me in 🙌🏼🤎
Share this update
0 comments  |  Login to leave a comment",
Help Tawhai and whānau to achieve his bucket list!,"Help Tawhai to achieve his bucket list with us, creating valuable memories for our children to cherish",https://static.givealittle.co.nz/assets/hero/cf686437-0172-4b6a-8251-b34300f9fc86-320:False,https://givealittle.co.nz/cause/help-tawhai-and-whanau-to-achieve-his-bucket-list,34036.1,120000,58 days to go,Donate,https://givealittle.co.nz/donate/cause/help-tawhai-and-whanau-to-achieve-his-bucket-list,24 Aug 2025,25 Dec 2025,1,"Greymouth, West Coast",304,"In 2019 my husband was in the prime of his career, working as a very successful and skilled sheep Shearer, until one day he suddenly collapsed which created a ripple of further collapses. After multiple tests and procedures he was diagnosed with an incurable cancer called Multiple myeloma. This came as a huge shock to our whānau as he was only 30 years old at the time.
Multiple myeloma is a rare blood cancer that originates from malignant plasma cells in the bone marrow. Healthy plasma cells produce antibodies to fight infection, but cancerous myeloma cells multiply uncontrollably and produce abnormal, non-functional antibodies called M proteins. These M proteins can cause organ damage throughout the body, particularly affecting the bones and kidneys.
Since diagnosis Tawhai has had several rounds of chemotherapy and 2 stem cell transplants with 2 relapses. Recently he suffered a severely broken arm due to the cancer creating lesions in his upper right arm, causing him to have surgery. Our most recent talk with his haemotologist has come with disheartening news, the treatment he is currently on ( lenolidomide) is not working, and he is being changed to the only other funded treatment ( pomalidomide). This givealittle page has been created to help Tawhai achieve his bucket list, to make core memories with whānau particularly myself and our 4 children 16,11,10&9.
Tawhai is the most loving dad and partner and our hearts are breaking knowing we have little time left with him.
Lani Reti's involvement (page creator)
My beautiful husband, and best friend. The best dad to our babies, a loved son, brother, uncle, cousin and friend.
Use of funds
The money will be spent on fulfilling a bucket list Tawhai has written, and to help with the financial burdens of only having one income in a 6 person whānau. Memories are important more now than ever. It will also go towards a vowel renewal ceremony.
01/09 Updated use of funds: assist with relocating our family to Australia to trial one new treatment there
22/09 $120,000 would cover 1 year of Daratumumab
Other page links
on Facebook","The money will be spent on fulfilling a bucket list Tawhai has written, and to help with the financial burdens of only having one income in a 6 person whānau. Memories are important more now than ever. It will also go towards a vowel renewal ceremony.01/09 Updated use of funds: assist with relocating our family to Australia to trial one new treatment there22/09 $120,000 would cover 1 year of Daratumumab","Created by
Lani Reti  




      Paying to a verified bank account of
Tawhai Reti",Page Moderated,3,"One year of Daratumumab
21 September 2025
So many changes have happened so quickly, We are devastated in having to think about leaving our home, our community, my job, shifting our children and removing them from their sports teams, kapa haka groups etc... We are now fundraising to purchase Daratumumab here in NZ. We are uncertain how Tawhai would be traveling and if anything happened to him in another country it would be very tough. $120,000 would cover 1 year of Daratumumab and give us time to plan for the future.
Share this update
0 comments  |  Login to leave a comment
Update for Tawhai
17 September 2025
Yesterday our radio interview aired on RNZ, and Tawhai was mentioned in Parliament. Slowly but surely we are starting to be heard
Tawhais recent PET scan came with mixed emotions. The multiple myeloma has spread into both of his arms now, both femur bones, and in his pelvis and tailbone. It also showed an 8mm tumour in his right kidney, and 2 in his lungs.
He will be heading to Christchurch hospital on the 25th of September for 5-7 days radiation treatment and further tests to decide how to proceed with treatment.
Australia plans will need to be on hold until we find out what next steps we need to take.
Tawhai is nearing the end of his first 28 day cycle of Pomalidomide and for the most part seems to be tolerating it without to many side effects which has been great to see. He still has severe pain in his right arm where lesions are restricting the blood flow, sleepless nights are very consistent.
On a brighter note our children competed in our local Kapa Haka competition this week and both my Kapa Haka rōopu Te Kura Tuatahi O Pāroa and our eldest daughters rōopu Te Kura Tuarua O Māwhera won the Junior and Senior divisions. He managed to attend both performances over the duration of the day, and our children were so happy to have him watch! He also gifted 7 carved pounamu for some akonga to wear for the big show. It was beautiful to witness such an extraordinary experience for our children. We truly hope we can find a way to keep our children immersed in their culture
Share this update
0 comments  |  Login to leave a comment
New journey
31 August 2025
Kia ora everyone, our latest hospital stint has provided some frustrating yet much needed information. Tawhai is now on Pomalidomide, the last drug available here in NZ. Although from the way his body handled lenolidomide and the myeloma still progressing through that treatment, his haemotologist could only projected that this drug may work for 6-12 months before another relapse. We now have no choice but to move to Australia as soon as possible. Obviously this is not what we expected to be using this putea for, but we have to get him to Australia to be able to recieve Dara as soon as possible. Moving our whole life again is very disheartening, especially because we have as of last year just bought our forever home we now have to leave. There are a mixture of emotions, up rooting our children again after growing so much in their schooling and life on the West Coast is heart breaking. But weve had a bit of a chat and the kids and I are all adamant that doing the right thing for Dad is the most important thing We will still continue to petition and push for this to become funded so we are able to return home as soon as we can.
Thank you all so much for the incredible support, we now start the phase of transferring to Australia and beginning again ❤️
Share this update
0 comments  |  Login to leave a comment","on 5 Sep 2025
Kylie asks
Hi, I work for a charity called TimeOut. We connect generous holiday homeowners across New Zealand with people diagnosed with stage 4 cancer or an incurable illness, offering them the chance to enjoy a much-needed break and spend quality time with loved ones.
If you’re interested in applying or would simply like to learn more, we’d love to support you.. As a small charity, we can’t always guarantee a suitable match - particularly for larger groups - but we do our very best to help. Recipients can apply online at www.timeoutnz.org or get in touch with us directly at info@timeoutnz.org with any questions. Take care, Kylie
Lani
Kia ora Kylie, we did put through an application this year but we're unable to make it due to sickness so have to wait until next year but thank you for commenting. We appreciate it"
Eyes on Joel’s Tomorrow - Help Joel Return to Living Fully,"This fundraiser is about helping Joel rediscover his independence, one step at a time.",https://static.givealittle.co.nz/assets/hero/c1046eca-02c2-41cc-a429-b31b00d1a3e1-320:False,https://givealittle.co.nz/cause/eyes-on-joels-tomorrow-help-joel-return-to-living,14677.5,15000,27 days to go,Donate,https://givealittle.co.nz/donate/cause/eyes-on-joels-tomorrow-help-joel-return-to-living,24 Aug 2025,24 Nov 2025,0,Canterbury,135,"Joel, a 28 year old, who's life was forever changed by a medical emergency that no one saw coming. After being diagnosed with a colloid cyst, a benign tumor in his brain, Joel suffered a stroke that dramatically altered the way he navigates the world. One of the most profound impacts was the sudden loss of his visual ability, making everyday tasks feel unfamiliar, daunting, and isolating.
Joel now has cortical blindness (tunnel vision), ultimately effecting his peripheral vision, Joel can see roughly 10-15% of what he used to be able to see.
Before the stroke, Joel was working as a builder, loved hunting every chance he got with his dogs and always enjoyed a beer at the pub with the boys. Now, each day requires immense strength to relearn even the simplest routines—from moving safely through his home, to cooking, walking outdoors, and engaging with the world around him.
Unfortunately Joel's application with the Laura Fergusson Brain Injury Trust was declined at Ministry level. This organisation is dedicated to restoring hope and function for people with acquired brain injuries. From occupational therapy and mobility support, to routines that foster confidence and autonomy, this program can make all the difference in Joel’s recovery.
Your generosity helps bring light into Joel’s everyday moments and gives him the strength to keep moving forward. Every donation is a vote of confidence in his recovery—and we are grateful you’re part of his story.
Abby Holliday's involvement (page creator)
Joel is not only my partner but also my best friend, and I'm committed to standing by him in every possible way.
Use of funds
Funds will go towards specialized rehabilitation through the Laura Fergusson Brain Injury Trust—an organization dedicated to restoring hope and function for people with acquired brain injuries.
Other page links
on Facebook",Funds will go towards  specialized rehabilitation through the Laura Fergusson Brain Injury Trust—an organization dedicated to restoring hope and function for people with acquired brain injuries.,"Created by, and paying to a verified bank account of,
Abby Holliday      on behalf of Joel King",Page Moderated,1,"Thank you
17 September 2025
Hello Everyone,
We’re thrilled to share that Joel has officially begun his rehabilitation journey with Laura Fergusson. He’s already set meaningful goals and is embracing this opportunity with incredible determination and hope. The coming months will be pivotal, and we’re excited to see the progress he’ll make.
Joel is deeply grateful for this chance and is committed to making the most of it. None of this would be possible without your generosity and support. Your donations have not only opened the door to recovery but have also reminded us of the power of community and kindness.
From the bottom of our hearts—thank you. We feel truly blessed to have you walking alongside Joel on this path.
Our biggest thank you,
Joel and Abby
Share this update
0 comments  |  Login to leave a comment",
Help Ben Hutton Fight Cancer a fourth time.,"Since 16, Ben has battled this cruel cancer. Now facing his 4th relapse with limited options in NZ, he needs our help to give him a chance.",https://static.givealittle.co.nz/assets/hero/2fe44ea2-a5c8-4987-b0ab-b34300a019a3-320:False,https://givealittle.co.nz/cause/help-ben-fight-cancer-a-fourth-time,9080,30000,300 days to go,Donate,https://givealittle.co.nz/donate/cause/help-ben-fight-cancer-a-fourth-time,24 Aug 2025,24 Aug 2026,0,"Devonport, Auckland",218,"Help Us Fight for Ben
Our brave brother Ben has been fighting Ewing Sarcoma, a rare bone cancer, since he was 16. Now 21, he has endured more than anyone should in a lifetime, battling this disease for five years and facing cancer now a fourth time.
Ben was first diagnosed in 2020, with a tumour in his ribs. He endured 14 rounds of chemotherapy and multiple surgeries, including a rib resection. In 2022, his cancer relapsed in his scapula and lung. He underwent surgery, radiation, and chemotherapy again, joining the rEECur trial, a treatment so intense it caused kidney failure, which he still manages today.
In 2024, Ben relapsed in his hip. His oncology team explained chemotherapy was no longer a good option, so he had a hip replacement at just 20. Now, Ben has relapsed a fourth time in his trochanter bone, near his hip. Doctors in New Zealand cannot operate as present, due to the tumour’s location. He is undergoing three weeks of radiation before his case is reviewed.
Ewing Sarcoma is extremely rare, and treatment options in New Zealand are limited. We urgently need your help to access specialist sarcoma centres overseas for a second opinion and possible treatment.
Please help give Ben a chance at life. Every contribution will go directly toward getting him the specialist care he desperately needs. Ben continues to fight with incredible courage.
🙏 Thank you for supporting Ben.
Georgia Hutton's involvement (page creator)
Ben is my younger brother.
Use of funds
Every contribution will go towards seeking a consult + possible treatment plan with an American Ewings Sarcoma Specialist. We are also looking into UK Specialists. While also assisting Ben's quality of life.",Every contribution will go towards seeking a consult + possible treatment plan with an American Ewings Sarcoma Specialist. We are also looking into UK Specialists. While also assisting Ben's quality of life.,"Created by, and paying to a verified bank account of,
Georgia Hutton      on behalf of Ben Hutton",Page Moderated,,,
Join me helping people up from under poverty,Be a hero and and help me get others Up from Downunder,https://static.givealittle.co.nz/assets/hero/585f5924-9156-4cc6-a468-b34200f78966-320:False,https://givealittle.co.nz/cause/up-from-down-under,1643,1000000,419 days to go,Donate,https://givealittle.co.nz/donate/cause/up-from-down-under,23 Aug 2025,21 Dec 2026,0,"Whanganui, Manawatu-Wanganui",15,"Call me crazy, but in 2026 I’m riding my motorbike from New Zealand, through India, to the UK – to raise support for a cause that’s close to my heart.
In 1964, Colleen Redit from Whanganui went to India, to help people up from under poverty.. Sixty years on, her work, now known as CMCT, reaches over 5,600 people every day through education, care, and empowerment.
Now, we have a chance to help it go even further, by expanding a hospital at the heart of the community.
That’s the vision I’m riding for. And I’d love your help.
You might not have a spare million dollars lying around — me neither! But what if 100,000 people gave $10 each? Or 10,000 heroes got 9 friends together and raised $100 as a group? Would you commit to that?
All funds go directly to the cause. The ride itself is self-funded along with a few generous sponsors.
So follow along on YouTube, Instagram, Facebook (see links below). Like, subscribe, share it around — and if you’re willing to be a hero - great! Your support will help Colleens legacy continue for generations to come!
Head to the website www.upfromdownunder.co.nz to learn more and support the cause, and follow the ride to see how far we can go together.
Use of funds
All donations will go directly toward refurbishing the hospital, regardless of whether the fundraising target is reached.
Other page links
on Facebook
on Instagram
on YouTube","All donations will go directly toward refurbishing the hospital, regardless of whether the fundraising target is reached.","Created by
      
        Baden Brown
      





      Paying to a verified bank account of
Bethany Christian Missions Charitable Trust        (Charity)",Page Moderated,,,
Because Everyone Deserves a Chance at Parenthood,Raising funds to support New Zealand families struggling with infertility by helping cover the costs of fertility treatments.,https://static.givealittle.co.nz/assets/hero/e064f87f-1fb4-42ab-8534-b341013e69f9-320:False,https://givealittle.co.nz/cause/because-everyone-deserves-a-chance-at-parenthood,20,100000,30 days to go,Donate,https://givealittle.co.nz/donate/cause/because-everyone-deserves-a-chance-at-parenthood,22 Aug 2025,27 Nov 2025,0,"Tauranga, Bay Of Plenty",4,"The journey to parenthood isn’t always straightforward. Many New Zealanders face financial barriers that make accessing fertility treatments like IVF, ICSI, or egg freezing nearly impossible. These treatments can be costly, stressful, and out of reach for those who need them most.
Publicly funded IVF is limited, with long waitlists that often stretch beyond a year, leaving many couples waiting and uncertain about when they might start their family. For those who can’t wait or don’t qualify for public funding, the high cost of private treatment—averaging around $12,000-18,000+ per IVF cycle adds significant pressure.
Fertility challenges affect not just women but men too, male infertility contributes to nearly 40% of all cases. Many couples require multiple cycles, making the financial and emotional toll even greater.
We believe everyone deserves the chance to become a parent, regardless of their financial situation. This fundraiser aims to provide much-needed support to those struggling with infertility, easing the burden and helping families grow.
In New Zealand, 1 in 6 couples experience infertility—a reality that touches thousands of lives every day. Together, we can bring hope, help, and the possibility of parenthood to more Kiwi families.
All funds raised will go directly towards grants for New Zealander's fertility treatment. An application for the grants will be launched on the Core Fertility website in December for individuals to apply. Updates will be made on our social media pages linked below.
Eligibility for fertility treatment support will be based on a range of factors, including financial circumstances, the number of children you already have, supporting documentation, and the availability of personal funds. Each application will be reviewed carefully to ensure support is provided to those with the greatest need.
Jessica Poinga's involvement (page creator)
Founder and director of Core Fertility, a New Zealand business launched in 2023, providing affordable ovulation tests, pregnancy tests, and sperm tests. We’re now taking the next step by working to fund fertility treatment for New Zealanders who need support. Your donation helps us make fertility treatment more accessible for those dreaming of starting or growing their families.
Use of funds
The funds raised will help cover grants for fertility treatment costs, including IVF, ICSI, egg freezing, donor sperm or eggs, medications, and associated travel expenses for New Zealanders who need financial support. The application for the grants will be available in December.
Once a grant has been approved and a quote has been provided, funds will be transferred directly to the service provider.
Other page links
on Facebook
on Instagram","The funds raised will help cover grants for fertility treatment costs, including IVF, ICSI, egg freezing, donor sperm or eggs, medications, and associated travel expenses for New Zealanders who need financial support. The application for the grants will be available in December.Once a grant has been approved and a quote has been provided, funds will be transferred directly to the service provider.","Created by, and paying to a verified bank account of,
Jessica Poinga      on behalf of Core Fertility",Page Moderated,,,
Help me bring 9D breathwork to my community and yours 🫶💕,"This is more than my journey it’s about creating a movement that helps others heal, rebuild, and start their own paths forward.",https://static.givealittle.co.nz/assets/hero/c841fe51-3df7-4748-966f-b342014dc47f-320:False,https://givealittle.co.nz/cause/hope-in-progress,1130,12000,25 days to go,Donate,https://givealittle.co.nz/donate/cause/hope-in-progress,22 Aug 2025,22 Nov 2025,0,Nationwide,17,"Kia ora, I’m Tegan. Life has taken me through some heavy challenges, especially as a mum. My son has carried trauma from his upbringing, and for years I’ve poured everything into trying to support him through anger, hurt, and pain with very little help available. Resources were low, support was limited, and I often felt like I was running out of options.
That’s why I’ve chosen to step into something different 9D Breathwork. It’s a powerful healing practice that helps release trauma and reset the nervous system in ways traditional methods often can’t. My dream is to train as a certified facilitator, not just for my own healing and my son’s, but to bring this work into communities across Aotearoa where support is lacking.
With your help, I can fund my training and begin travelling around New Zealand, offering breathwork to people who would otherwise never have access to it. I believe this can make a real impact not just for me and my whānau, but for anyone searching for healing, hope, and a fresh start.
This Givealittle isn’t about just surviving, it’s about creating a real second chance for myself and turning that into something that helps others too.
The funds will help me cover for the course and to focus on healing/health/work training course and the gear to make this happen and will give me the space to build towards doing sessions for people to benefit there lives
Your contribution helps me turn struggle into strength, and share that strength with others💕🫶
Use of funds
Funds will go directly towards enrolling in a specialised healing course and the starter gear, which is sent immediately after purchase. That means I’ll be able to begin practicing and offering sessions right away while completing the course.","Funds will go directly towards enrolling in a specialised healing course and the starter gear, which is sent immediately after purchase. That means I’ll be able to begin practicing and offering sessions right away while completing the course.","Created by, and paying to a verified bank account of,
Tegan Fraser",Page Moderated,3,"🥰🥰🥰
23 October 2025
Thanks for your support so far guy's!
I really appreciate everything ❤️
My journey right now is spending time on a 9D classroom learning basics for the mean time aswel as being in my 6th session my self and the difference I see in my self is outstanding honestly! I have created a Facebook page called HOPE-IN-PROGRESS so please head over for more on my journey 💕🙏
Share this update
0 comments  |  Login to leave a comment
Second update 💕
6 September 2025
I wanted to share an update on my journey and thank everyone who has supported me so far.
Since starting 9D Breathwork, I’ve been facing my traumas one by one, with fear being the biggest challenge. It’s been life changing. I’m more active, looking after my home, and feeling stronger in my daily life. Even just the free YouTube sessions and personalized videos from my mentor (who is kindly waiting on payment for training) have already made a huge difference. It’s also helped me as a mum, and opportunities are beginning to open up.
I’ve been sharing updates on TikTok and on my Facebook page Hope-in-Progress, while also learning about marketing and how to put myself out there more confidently.
Most importantly, I want to thank every single person who has been part of this journey those who donate regularly on payday, those who give big or small amounts, those who follow along, leave kind comments, share posts, and encourage me. Every bit of support matters, and I am so grateful 💕
Share this update
0 comments  |  Login to leave a comment
First official update 💕🤗
28 August 2025
Hey team,
Just wanted to give you a quick update on what I’ve been up to. I’ve been using Breathworks to really work on myself, and it’s helping me open up and make some real changes in my life. Every day I’m putting in the effort and pushing myself to make this happen.
I’ve been sharing updates across Instagram, Facebook, TikTok, and Snapchat so people can follow along. I’ve even put some of my own money into the Givealittle I want to show I’m backing myself too, not just asking for help.
I’ve been jumping on Zoom calls, learning what I can, and getting resources to keep moving forward. Nothing official can happen until the funding’s sorted, but in the meantime I’m soaking up everything I can.
I’ve also been talking to lots of different people, branching out ideas, and building connections. Some are keen to support from the women’s side, and others are ready to get involved once things are up and running. There’s already a lot of interest building it’s just about getting it off the ground.
I’m doing my best to stay consistent, keep showing up, and share everything as it happens.
Instagram: @teqanxx
Facebook: Hope-in-Progress
TikTok: @teqanxx
Snapchat: @teqanxx
Thank you to everybody for everything honestly your support is what keeps me going so thank you 🙏
Share this update
0 comments  |  Login to leave a comment",
The dickie ticker is becoming more dickie!!,Pensioner needs funds for cardiac testing,https://static.givealittle.co.nz/assets/hero/bc07e200-33b0-481b-a889-b34100e0dd73-320:False,https://givealittle.co.nz/cause/the-dickie-ticker-is-more-becoming-more-dickie,300,2000,25 days to go,Donate,https://givealittle.co.nz/donate/cause/the-dickie-ticker-is-more-becoming-more-dickie,22 Aug 2025,22 Nov 2025,0,"Tututawa, Taranaki Region",7,"I am a 70 year old pensioner - I have worked physically all my life / my partner passed over 15 years ago -now I live on my own . I'm off grid and grow most of my own veggies.
My life long heart murmur is now deteriorating and I'm getting quite exercise intolerant. Dr wants to do tests: holter monitor, exercise treadmill and echocardiogram. To do this on the current health system will take 1- 2 years but at present just cannot get the funds to go do this privately. With a murmur that suggests aortic stenosis it should be investigated asap- the heart is working harder and mildly enlarged and in this condition has been known to fail suddenly unlike a typical myocardial infarction . Also with a mildly enlarged heart your life expectancy drops.
All I am looking for is funds to get the base testing sorted so I know what I'm up against $2000. Any money raised over this will be donated to the New Zealand heart foundation.
I have been a life long clydesdale horse supporter and breeder. They are a soul passion for me but I find it very difficult at this stage to sell my two remaining horses to fund this. I really would like to believe I can get another 10 years with them around me till I'm too feeble to cope well with them. They will be sold to a good home as opposed to being sold for a good profit.
Use of funds
Test to monitor a heart murmur with exercise intolerance and a newly emerging arrythmia: Holter monitor , exercise tolerance and an echocarfiogram.","Test to monitor a heart murmur with exercise intolerance and a newly emerging arrythmia: Holter monitor , exercise tolerance and an echocarfiogram.","Created by, and paying to a verified bank account of,
Sylvia Vriend",Page Moderated,,,
Faith Over Fear: Help Ysabella Fight Leukemia,Support Ysabella’s fight against leukemia—help us raise funds for her medical bills and vital bone marrow test. #FaithOverFear,https://static.givealittle.co.nz/assets/hero/d1217c8f-04cd-4be4-ad0c-b340016142c1-320:False,https://givealittle.co.nz/cause/faith-over-fear-ysabellas-journey-to-healing,1170,15000,64 days to go,Donate,https://givealittle.co.nz/donate/cause/faith-over-fear-ysabellas-journey-to-healing,21 Aug 2025,31 Dec 2025,0,"Westgate, Auckland",13,"It all started when Ysabella began showing unusual bruising—large black marks (known as pasa in Filipino) that wouldn’t go away. Then came her first menstruation, which was alarmingly heavy because she was using more than 15 pads a day. Her family knew something wasn’t right. On top of that, she became increasingly dizzy with even the slightest movement. Fearing the worst, they rushed her to the nearest hospital.
After being transferred to a larger facility, doctors conducted a bone marrow test. Based on her symptoms, they suspected leukemia and soon after, their fears were confirmed.
Despite the heartbreaking news, Ysabella’s spirit never wavered. When told the diagnosis, she was the one who asked her family to pray. Her faith has been a pillar of strength, not just for her, but for everyone around her.
The weeks that followed were incredibly tough. Her body endured intense treatments and tests. But she kept fighting. Recently, her doctors shared a hopeful update: her body is starting to return to normal. However, a second bone marrow test is still needed to confirm if leukemia cells remain.
Ysabella is now an outpatient. But before she can continue treatment, her family must settle over a million pesos in bills. It’s a heavy burden, and that’s why your help means the world.
Every donation, no matter how small, helps Ysa and her family take another step toward healing, hope, and a leukemia-free future. Let’s keep her strong. Let’s carry her through this together.
Rebecca Pullitan's involvement (page creator)
She’s my brother’s fiancé’s sister, and she’s like a family to us.
Use of funds
Funds will cover ₱1M+ hospital bills, a second bone marrow test, meds, lab work, transport, and supplies for Ysabella’s continued leukemia treatment and recovery. Every dollar brings her closer to healing.
Other page links
on Facebook","Funds will cover ₱1M+ hospital bills, a second bone marrow test, meds, lab work, transport, and supplies for Ysabella’s continued leukemia treatment and recovery. Every dollar brings her closer to healing.","Created by, and paying to a verified bank account of,
Rebecca Pullitan      on behalf of Ysabelle Shery Villanueva",Page Moderated,2,"Ysa's Treatment Continues
11 October 2025
Hi everyone,
Ysabella is still bravely fighting. She continues to go through regular chemotherapy sessions as part of her treatment plan, and while the road is long and often difficult, she remains hopeful.
While she is at home now and receiving outpatient care, we are still facing the financial burden of her previous hospitalizations, tests, and medications. The truth is, we’re still paying off a significant amount of debt from earlier treatments, and each new chemo session brings additional costs (labs, transport, medicines, and more.)
Your help so far has meant the world to us, and we truly cannot thank you enough. If you’re able to support us again or continue sharing Ysa’s story, please know that every bit helps. Every donation, every prayer, and every share brings us one step closer to healing.
From our hearts to yours, thank you for continuing to walk this journey with us.
With love,
Ysa’s Family
Share this update
0 comments  |  Login to leave a comment
Update: Treatment Continues and We're Still Fighting
1 September 2025
Hi everyone,
Thank you so much for your continued love, prayers, and generous support. Your kindness has meant the world to us, and we’re deeply grateful for every message, share, and donation.
We’re happy to let you know that Ysabella is now home after completing her chemotherapy and undergoing a bone marrow procedure. Right now, we’re still waiting for the results of her recent chemotherapy. While we hope and pray for positive news, the doctors have already told us that regardless of the outcome, her treatment must continue. Ongoing chemotherapy is necessary to help prevent the leukemia from coming back — so the journey is far from over.
We’re also still carrying a heavy financial burden from previous medical expenses. There is still a lot of debt to pay off, and ongoing treatments continue to bring more costs. Your support has already helped so much, and we’re truly humbled by your generosity. If you’re able, please continue to share Ysabella’s page — every little bit helps more than you know.
From the bottom of our hearts, thank you again for standing with us.
With love and gratitude,
Ysa's Family
Share this update
0 comments  |  Login to leave a comment",
💙Lets Help Shiva Get Back on His Feet (and Shoulders!),"Helping Shiva heal so he can get back to supporting his family, friends and community",https://static.givealittle.co.nz/assets/hero/39261887-98ed-41b1-b1b9-b340012785f4-320:False,https://givealittle.co.nz/cause/help-shiva,320,21865,24 days to go,Donate,https://givealittle.co.nz/donate/cause/help-shiva,21 Aug 2025,21 Nov 2025,0,Auckland,7,"Our dear friend Shivaneel has always been the one to step up and help others — whether it’s lending a hand, organising events, or lighting up a room with his big smile and bigger heart.
A proud and active member of the Fiji Indian community in New Zealand, he’s often at cultural gatherings, fundraisers, and community initiatives. As the eldest in his family, he supports his parents without complaint — but now, it’s his turn to ask for help.
Earlier this year, Shivaneel suffered a serious shoulder injury that now requires urgent surgery. Without it, he risks permanent loss of function and ongoing pain. Public health won’t cover it, leaving a large cost gap he must bridge quickly.
This injury has impacted his work, independence, and even simple daily activities. We’re hoping to raise $21,865.65 to cover surgery and hospital fees.
Every donation, no matter the size, will help Shivaneel get the treatment he needs and return to what he loves — supporting his family and community. If you can’t donate, please share this page.
From the bottom of our hearts, thank you for helping him on his road to recovery.
Shivneel Chand's involvement (page creator)
I’ve been Shivaneel’s friend since Year 2, and over the years he’s become more like a brother to me
Use of funds
All funds will go directly towards Shivaneel’s urgent shoulder surgery",All funds will go directly towards Shivaneel’s urgent shoulder surgery,"Created by
Shivneel Chand  




      Paying to a verified bank account of
Shiv Mani",Page Moderated,,,
Support Kayliah’s Healing After Cervical Cancer,“Recovering from cervical cancer and ongoing health challenges”,https://static.givealittle.co.nz/assets/hero/b83f1b24-ed50-4c33-b49d-b34301138d95-320:False,https://givealittle.co.nz/cause/support-kayliahs-healing-after-cervical-cancer,6160.17,8500,closed,Read more,https://givealittle.co.nz/cause/support-kayliahs-healing-after-cervical-cancer,21 Aug 2025,7 Sep 2025,0,"Tauranga, Bay Of Plenty",71,"Hey friends,
This past year has been an incredibly difficult ride. I was diagnosed with early-stage cervical cancer, which led to surgery. While the surgery went well, the healing process has not been easy. My mental health has been deeply impacted after months of uncertainty and physical pain, leading to severe anxiety and debilitating insomnia.
They say they got all the c- word 🙏🏻 however, I continue to face ongoing health issues and symptoms that are still being investigated. These challenges have left me with very low energy and limited capacity to work. Unfortunately, I don’t qualify for financial assistance, and my partner has been supporting both of us—something that has become increasingly difficult.
I’m reaching out for community support as I navigate these secondary health issues and work to heal and stabilize after the trauma of this past year. I am asking for help with some of the day-to-day living costs over the next few months, help with the costs of frequent doctors visits (not free in NZ) as well as support for naturopathic care, other healing therapies, and nutritional and supplemental support to help rebuild my gut and immune system.
If you are in a position to contribute, any support big or small, would mean so much and help ease the pressure during this time of recovery. I’m deeply grateful for any support & kindness. Thank you for walking alongside me as I continue this journey of healing. 💜
Use of funds
Some of the day-to-day living costs over the next few months, help with the costs of frequent doctors visits as well as support for naturopathic care, other healing therapies, and nutritional and supplemental support","Some of the day-to-day living costs over the next few months, help with the costs of frequent doctors visits  as well as support for naturopathic care, other healing therapies, and nutritional and supplemental support","Created by, and paying to a verified bank account of,
Kayliah McKinnon",Page Moderated,,,
Priya dravet syndrome since 5 months old baby,Priyas fight with Dravet Syndrome,https://static.givealittle.co.nz/assets/hero/d81bcd26-5bf7-4790-9d12-b33f015751e2-320:False,https://givealittle.co.nz/cause/priya-dravet-syndrome-since-5-months-old-baby,65,0,296 days to go,Donate,https://givealittle.co.nz/donate/cause/priya-dravet-syndrome-since-5-months-old-baby,20 Aug 2025,20 Aug 2026,0,"Tauranga, Bay Of Plenty",3,"Priya is child with a rare condition dravet syndrome. Priya was always rushed to hospital all hours of the night. She suffered from epilepsy since 5 months old and is now 7 years old. She has had severe epilepsy which has increased to once a month. She has also been diagnosed with global development delay and autism. She was my first child and one little toddler.
Priya also suffers from skin conditions, diareah, broken arm, surgeries, icu rooms, starship and low immune system. Shes had to live with foster homes. I am a solo mum and Priya is now living with caregivers. I am helping 3 times a week. Anything would help towards a better future for Priya. Thank you.
Jasmine Woods' involvement (page creator)
Mother
Use of funds
Funds will go towards Priya's savings account. These funds are used for things like travel to and from appointments (orthopedic, hospital, doctors, etc.), and for her to have when she grows up. Funds will also go towards a nice trip for Priya and I to enjoy time outside of the hospital together and make special memories. These all contribute to better future for Priya.","Funds will go towards Priya's savings account. These funds are used for things like travel to and from appointments (orthopedic, hospital, doctors, etc.), and for her to have when she grows up. Funds will also go towards a nice trip for Priya and I to enjoy time outside of the hospital together and make special memories. These all contribute to better future for Priya.","Created by, and paying to a verified bank account of,
Jasmine Woods      on behalf of Priya Woods",Page Moderated,,,
Raising money for a wig since losing my hair to cancer treatment.,Raising money for a human hair wig due to cancer.,https://static.givealittle.co.nz/assets/hero/d5c0e871-5371-4c7b-b7ac-b33f01272d77-320:False,https://givealittle.co.nz/cause/raising-money-for-a-wig-since-losing-my-hair,2270,1700,closed,Read more,https://givealittle.co.nz/cause/raising-money-for-a-wig-since-losing-my-hair,20 Aug 2025,26 Aug 2025,0,Auckland,23,"I’ve recently gone through 5 months of chemotherapy after being diagnosed with cervical cancer in January.
I’m really hoping to raise some money towards a wig so that I can transition back to working my job part time and hopefully start my journey back to “normal”.
Any little bit helps.
Use of funds
A human hair wig.",A human hair wig.,"Created by, and paying to a verified bank account of,
Bridget Culver",Page Moderated,,,
"Support Marco- the Man, the myth and pizza legend","He’s always there for us, Now let’s be there for him!",https://static.givealittle.co.nz/assets/hero/98d8b265-6678-48ee-a15d-b33f00d32806-320:False,https://givealittle.co.nz/cause/support-marco-the-man-the-myth-and-pizza-legend,12410.33,0,closed,Read more,https://givealittle.co.nz/cause/support-marco-the-man-the-myth-and-pizza-legend,20 Aug 2025,20 Oct 2025,1,Bay of Plenty,104,"Marco is one of our favourite Mount locals - there’s no doubt you would’ve run into him at Little Guy, climbing up the Mount, making your pizza at Rita’s - or maybe taking care of your loved one during his time as a funeral director. He’s always been there for others, and now it’s our turn to be there for him.
Marco has recently undergone brain surgery to attempt to remove a tumour which was found at Easter; but is now battling an inoperable and incurable brain cancer (high-grade astrocytoma). He’s about to begin a tough year of chemotherapy, and while he focuses on the fight ahead, we want to make sure he can put all his focus and energy toward his treatments. We’re all a part of his family, so let’s make sure he feels it! Every donation, big or small, will go directly towards supporting him through this journey.
Let’s wrap Marco in the aroha he deserves. Donate if you can, share if you can, every bit counts.
Taylor Allen's involvement (page creator)
Marco is always the first person to help. And now it’s our time to give back to him ❤️
Use of funds
Making Marcos day to day like a little easier. While he undergoes treatment. (rent, groceries, and other day-to-day costs)","Making Marcos day to day like a little easier. While he undergoes treatment. (rent, groceries, and other day-to-day costs)","Created by
Taylor Allen  




      Paying to a verified bank account of
Marco Vianello",Page Moderated,,,"on 5 Sep 2025
Kylie asks
Hi, I work for a charity called TimeOut. We connect generous holiday homeowners across New Zealand with people diagnosed with stage 4 cancer or an incurable illness, offering them the chance to enjoy a much-needed break and spend quality time with loved ones.
If you’re interested in applying or would simply like to learn more, we’d love to support you.. As a small charity, we can’t always guarantee a suitable match - particularly for larger groups - but we do our very best to help. Recipients can apply online at www.timeoutnz.org or get in touch with us directly at info@timeoutnz.org with any questions. Take care, Kylie
This question has not been answered yet."
Chris Mirams Road to Recovery,Chris Mirams Road to Recovery,https://static.givealittle.co.nz/assets/hero/8e5ac0bf-6289-4790-b28c-b34600c29b04-320:False,https://givealittle.co.nz/cause/chris-mirams-road-to-recovery,12720,0,closed,Read more,https://givealittle.co.nz/cause/chris-mirams-road-to-recovery,20 Aug 2025,20 Oct 2025,0,Nationwide,106,"A Valued Member of Our KartSport HB and SuperKart Drivers Club Family
We are reaching out to ask for your support for one of our own — our valued member and committee member, Chris Mirams.
Recently, while racing at Manfeild, Chris was involved in a serious incident that resulted in him being airlifted to Wellington Hospital’s Emergency Department. His father John, who was at the track that day, has remained by his side ever since and will continue to do so as Chris begins his long road to recovery.
The past few weeks have been incredibly challenging for Chris and his family, and while we’ve given the family space and time to focus on his healing, we are now rallying together to offer more tangible support.
Chris’s recovery is showing positive signs, but it will take time, and as many of you know, Chris is self-employed, which brings financial stress on top of everything else.
To help ease this burden, we have set up a Givealittle page.
Any contribution, no matter how big or small, will go directly toward supporting Chris, Aria and Hugo during this difficult time.
Please consider donating and sharing this message with your wider network. Your kindness will go a long way in helping Chris focus on what matters most right now — healing.
On behalf of the KartSport HB Committee and SuperKart Drivers Club Committee, we thank you for your generosity and care. We’re all behind Chris, and we can’t wait to see him back home.
The KartSport Hawke’s Bay and SuperKart Drivers Club Committees
KartSport Hawke's Bay's involvement (page creator)
Chris is a valued member and committee member of KartSport Hawke's Bay
Use of funds
All money raised will go towards supporting Chris and his children Aria and Hugo, for day-to-day costs as they journey through Chris' lengthy recovery","All money raised will go towards supporting Chris and his children Aria and Hugo, for day-to-day costs as they journey through Chris' lengthy recovery","Created by
KartSport Hawke's Bay        (Group)
  




      Paying to a verified bank account of
John Mirams      on behalf of Chris Mirams and his children, Aria and Hugo.",Page Moderated,1,"The next STEP in recovery
15 September 2025
WOW, what an update to share!
Chris is beginning to stand, and walk a little, which is such a huge milestone for Chris, and his family.
While Chris is making great progress with standing and walking, his brain injury still requires time for recovery. Chris remains in the best place for this recovery to happen.
Chris and his family would like to thank everyone for their continued support.
Photo of Chris standing on the scale platform, without his leg brace on. It certainly put a smile on our faces when we received this update.
Share this update
0 comments  |  Login to leave a comment",
Help Jocelyn Support Her Mum After A Family Crisis,Please help Jocelyn get to her mum.,https://static.givealittle.co.nz/assets/hero/022af8d6-0175-4386-a7a7-b33e01102a68-320:False,https://givealittle.co.nz/cause/help-jocelyn-support-her-mom-after-a-family-crisis,2920,4500,closed,Read more,https://givealittle.co.nz/cause/help-jocelyn-support-her-mom-after-a-family-crisis,19 Aug 2025,19 Sep 2025,0,Bay of Plenty,19,"Kia Ora Friends, Whānau, and Community,
I’m setting up this page on behalf of my dear friend Jocelyn, who needs to travel to Florida to support her elderly mother.
Her mum and stepfather have both recently been injured and required hospitalization. While mum is physically on the mend, she is dealing with trauma and is not coping well. Jocelyn is hoping to help her navigate what is proving to be a difficult US system and help her mum with decisions for her husband's future care.
In September, Jocelyn plans to travel from New Zealand to Florida to spend a month by her mum’s side, offering the support and love she so desperately needs. This is not a trip Jocelyn had planned for, and the financial cost is significant. She needs around $4,500 to cover flights and related travel expenses.
If you’re able, please consider contributing to help ease this burden and allow Jocelyn to focus on what matters most—being there for her mum. Every donation, no matter the size, will make a difference and will be received with deep gratitude.
Thank you for your kindness and support during this difficult time.
With appreciation,
Carole
Carole Meredith's involvement (page creator)
Jocelyn is my good friend and fellow Scrabble player.
Use of funds
Airfare, airport transfers , travel insurance, layover costs and other day to day expenses.","Airfare, airport transfers , travel insurance, layover costs and other day to day expenses.","Created by
Carole Meredith  




      Paying to a verified bank account of
Jocelyn Stephens",Page Moderated,2,"Update from Jocelyn
8 September 2025
I am so incredibly grateful for the outpouring of love and support through your generous donations. Your kindness has truly lifted a huge weight during an overwhelming time.
Because of you, the plane ticket is booked, and airport transfers are sorted—what a relief to have those logistics taken care of!
Currently, my stepfather has been moved from hospital to a care home just 12 minutes away from my mother, which allows her to visit and stay connected. She’s still in the process of healing and, for the first time in her life, is transitioning to living on her own. It’s a big adjustment, but one she’s approaching with a lot of courage under the circumstances .
I’m looking forward to being there soon—to care for her, love on her, and simply be present. Years of caregiving have left her burned out and this time together feels like such a gift. One I couldn’t do without your help.
My brother was able to spend two weeks with our parents and has since returned home, so we’re tag-teaming this effort to support them both as best we can.
Thank you again—your support means more than words can express. 💛 My mom has also asked me to say how thankful and absolutely blown away she is by everyone’s support of our family. It has taken such a weight off her shoulders.
God bless and thank you.
Jocelyn
Note from Carole: I would love for Jocelyn to receive further donations as her day to day costs while in America won't be small. Please share this page with others. Thanks so much!
Share this update
0 comments  |  Login to leave a comment
Jocelyn sends her thanks and an update
27 August 2025
Hi all
Thanks to everyone who have donated to help Jocelyn go and support her family in Florida.
So far, a total of $2,590 out of a goal of $4,500 has been raised! The flight costs have almost been covered and what we are now praying for is further donations to come in as she will need ground transportation for the month away, layover expenses and daily expenses related to her time there.
If you know of others who might be interested to support Jocelyn reach her goal could you please share the Givealittle page with them? Many thanks and God bless
Share this update
0 comments  |  Login to leave a comment",
Amber-Rose and family need help to battle Leukemia,Help the McKernan family as they support Amber-Rose through this heart breaking diagnosis of Leukemia.,https://static.givealittle.co.nz/assets/hero/5eaf0b00-f58f-4452-929e-b33e00cb1a5e-320:False,https://givealittle.co.nz/cause/amber-rose-and-family-need-help-to-battle-leukemia,19140,50000,295 days to go,Donate,https://givealittle.co.nz/donate/cause/amber-rose-and-family-need-help-to-battle-leukemia,19 Aug 2025,19 Aug 2026,0,Auckland,141,"Amber-Rose was born on the 21 March 2024 and she is a beautiful, bright and bubbly little girl who was the perfect addition to Chris, Vannessa and sister Ava little family. She is loved and adored by all members of her family. Sadly on the 31st March 2025 Amber-Rose was diagnosed with Acute Lymphoblastic Leukemia, this came as a devastating shock to the family.
For the last four months she has already had to undergo surgeries and four cycles of chemotherapy. Amber-Rose is fighting hard and Chris and Vannessa are doing everything they can to support and cherish her.
Sadly through this process, Chris has had to leave his job, as Amber-Rose has needed to spend so much of this period of time in Hospital with a parent. This has added significant financial pressures to this family during this incredibly difficult time. This family needs help right now to make sure that they can pay their bills. They need this help, to have the time to be there to love and support Amber-Rose through her journey.
Please if you can, help the McKernan family through this difficult time. Anything you have to give would be greatly appreciated.
John McKernan's involvement (page creator)
Amber-Rose is my beautiful one year old niece and goddaughter. Thank you for anything you can give to support my brother and his family through this journey.
Use of funds
The majority of this money will be spent on day to day needs, like mortgage, bills and food. This would dramatically ease the financial pressures, allowing Chris and Vanessa to focus on Amber-Roses battle with Leukemia.","The majority of this money will be spent on day to day needs, like mortgage, bills and food.  This would dramatically ease the financial pressures, allowing Chris and Vanessa to focus on Amber-Roses battle with Leukemia.","Created by
John McKernan  




      Paying to a verified bank account of
Chris McKernan",Page Moderated,1,"Thank you
16 September 2025
We have had overwhelming support through this last month, thank you for your kind donations and messages of support for Amber rose, it has been greatly received and very appreciated. Amber Rose has now entered the fifth phase of her lengthy treatment although the medications do kick her around she has been responding well, she is once again playing and smiling and has gained mobility back, the team at Starship Hospital are exceptional and have our deepest respect thank you.
Share this update
0 comments  |  Login to leave a comment",
Let's support our mate Nic,Support Nic and Tanu as they face Motor Neuron Disease - help ease the journey for a man who’s spent his life standing up for others,https://static.givealittle.co.nz/assets/hero/6577efec-5690-45e4-ba5a-b33e00b1c1e4-320:False,https://givealittle.co.nz/cause/lets-support-our-mate-nic,2150,2000,22 days to go,Donate,https://givealittle.co.nz/donate/cause/lets-support-our-mate-nic,19 Aug 2025,19 Nov 2025,0,"Hamilton, Waikato",26,"Nic Coleman has spent his career as a service manager, standing alongside people with intellectual disabilities - many with high and complex needs. He’s been a quiet champion for those who often go unheard, always showing up with compassion, strength, and unwavering dedication.
As his colleagues, we’ve seen firsthand the difference Nic makes. He’s not just good at his job - he’s deeply good. Kind, humble, and fiercely protective of the vulnerable.
Recently, Nic received the devastating diagnosis of Motor Neuron Disease. He’s young, newly married to his beautiful wife Tanu, and now facing a future filled with uncertainty. Unable to continue working, Nic is navigating this new reality with courage and grace.
We want to help Nic and Tanu create space to be together - time to make memories, to laugh, to love, and to simply be. Financial support would ease some of the pressure and allow them to focus on what truly matters.
If you’re able to contribute, no matter the amount, it would mean the world. And if you’re not, sharing this page or sending a message of support is just as powerful.
Let’s stand beside Nic, the way he’s stood beside so many.
Wendy Martin's involvement (page creator)
He is a colleague and friend
Use of funds
Some much needed remedial massage therapy
Some counselling
Some time away from it all together, and/or for my lovely Tanu
Purchasing health supplements to aid with MND","Some much needed remedial massage therapySome counsellingSome time away from it all together, and/or for my lovely TanuPurchasing health supplements to aid with MND","Created by
Wendy Martin  




      Paying to a verified bank account of
Nicholas Coleman",Page Moderated,,,
Help us support Amber and her family,Help us support Amber and her family.,https://static.givealittle.co.nz/assets/hero/096c9906-ce2b-4e7f-8080-b33e0095ded1-320:False,https://givealittle.co.nz/cause/help-us-support-amber-and-her-family,27725,0,113 days to go,Donate,https://givealittle.co.nz/donate/cause/help-us-support-amber-and-her-family,19 Aug 2025,18 Feb 2026,0,Auckland,99,"Amber is an amazing mum to three incredible kids and a talented hairdresser known and loved by her many loyal clients. Just 3.5 months ago, she took a courageous leap and became the proud owner of Bettjemans hair salon.
Recently, Amber received the heartbreaking news that she has been diagnosed with bowel cancer. This means she’ll need to step away from her new business, her amazing team, and her cherished clients to focus on treatment and recovery.
We’re rallying together to support Amber and her young family during this incredibly difficult time. Our goal is to ease the financial pressure so she can focus on what truly matters — her health, her family, and getting back to doing what she loves.
Any contribution, big or small, will make a meaningful difference. Let’s help Amber kick cancer in the butt and return stronger than ever. 💛
Petra Marshall's involvement (page creator)
Amber has been in my life since I was a teenager. She has worked along side my parents and then eventually me. Over the years we have become friends and she is apart of our family.
Use of funds
Any money raised will be used to help take the financial pressure off amber and her family while she gets better and also keeps her new business going.",Any money raised will be used to help take the financial pressure off amber and her family while she gets better and also keeps her new business going.,"Created by
Petra Marshall  




      Paying to a verified bank account of
Amber Evans",Page Moderated,,,
Support Anna’s Bucket List Journey,"A dedicated nurse to her community, Anna is now facing Motor Neuron Disease and needs support to create precious memories with her family.",https://static.givealittle.co.nz/assets/hero/c49b65a2-a1a7-4a5f-9b13-b33d01611f79-320:False,https://givealittle.co.nz/cause/support-annas-bucket-list-journey,18850,0,51 days to go,Donate,https://givealittle.co.nz/donate/cause/support-annas-bucket-list-journey,19 Aug 2025,18 Dec 2025,0,"Halswell, Christchurch",143,"Anna has spent the last 38 years as a dedicated nurse, giving her heart and skills to care for the community. She has comforted patients, supported families, and been there for so many people in their most vulnerable moments.
Now, Anna faces her own battle. She has sadly been diagnosed with Motor Neuron Disease (MND) – a devastating illness that doctors say will progress quickly.
Despite this heartbreaking news, Anna’s dream is simple and beautiful: to spend as much precious time as possible with her family and to tick off some bucket list wishes before she is unable to do so. She has had to resign from her position to prioritise her family.
We want to help Anna live these moments fully.
Anna was previously a very avid cyclist and adventurer and would walk the Halswell Quarry almost daily. Unfortunately with her health failing she is unable to do this now.
Every dollar raised will go directly to making Anna’s remaining time brighter, meaningful, and filled with love, any remaining funds will be used to support her family when the time comes.
Anna has given so much to others through her nearly four decades of nursing. Now, we invite you to give back to her. 💙
👉 Please donate if you can, and share Anna’s story so we can help her make the most of the time she has left.
Gemma Bradford's involvement (page creator)
Friend and Colleague
Use of funds
- Creating special family memories and trips together.
- Helping Anna tick off bucket list experiences.
- Covering costs that will ease the burden during this difficult time.",- Creating special family memories and trips together.- Helping Anna tick off bucket list experiences.- Covering costs that will ease the burden during this difficult time.,"Created by
Gemma Bradford  




      Paying to a verified bank account of
Anna Swain",Page Moderated,1,"Thank you
20 August 2025
Thank you so much to all the generous donor so far!! every little bit helps!! Anna is blown away!!
Share this update
0 comments  |  Login to leave a comment",
My beautiful mum,Any amount will be appreciated,https://static.givealittle.co.nz/assets/hero/373e9e22-e1e7-4fac-8008-b33d0132d3fe-320:False,https://givealittle.co.nz/cause/my-beautiful-mum-1,80,0,closed,Read more,https://givealittle.co.nz/cause/my-beautiful-mum-1,18 Aug 2025,21 Aug 2025,0,,3,"I’m helping my mother, who is very sick. She has been diagnosed with diabetes and has been struggling with swollen legs that come and go for weeks. Despite repeated hospital visits, her condition hasn’t improved. I want to bring her here to New Zealand so we can look after her, and so she can receive better healthcare. Your help with this will be greatly appreciated.
Use of funds
Bring her here in New Zealand for treatments, help pays hospital bills visit
Other page links
on Facebook","Bring her here in New Zealand for treatments, help pays hospital bills visit","Created by, and paying to a verified bank account of,
Laela Moli",Page Moderated,,,
Stand by Alisha,We’ve set this page up to help ease some of the financial burden for Alisha’s recovery.,https://static.givealittle.co.nz/assets/hero/b3afd8a0-c09f-4bb1-b086-b33d00bfc0d0-320:False,https://givealittle.co.nz/cause/stand-by-alisha,4420,0,113 days to go,Donate,https://givealittle.co.nz/donate/cause/stand-by-alisha,18 Aug 2025,18 Feb 2026,0,"West Harbour, Auckland",33,"Alisha is one of the hardest working, kindest people we know. She’s a young single mum of 3, and somehow manages to juggle work, parenting and life - with her signature smile. She has been recently diagnosed with Stage 3 cervical cancer (CA3A1). It’s been a tough road already, with her first surgery on 6 June after doctors found a wide affected area, and now she is facing her 2nd operation on 20 August. She will need at least 4-6 weeks to recover from this operation, which means significant time off work- time she should be able to spend focusing on her health and her kids, not worrying about bills. The remainder of treatment plan will then be decided, until then it is very much a waiting game which is taking its toll on Alisha & her children.
Vanessa Tawa's involvement (page creator)
Alisha is a friend & part of our work family.
Use of funds
Every bit raised will go towards giving Alisha support over the next 6 months of recovery. Day to day costs, supporting her children and making sure she can rest and recover without added financial stress.","Every bit raised will go towards giving Alisha support over the next 6 months of recovery. Day to day costs, supporting her children and making sure she can rest and recover without added financial stress.","Created by
Vanessa Tawa  




      Paying to a verified bank account of
Alisha Paparoa",Page Moderated,1,"Alisha's update
26 August 2025
Alisha is nearly one week post-surgery. While still on strong pain relief and in recovery, she’s healing well. Another procedure is planned in two weeks, and its outcome will play a key role in shaping the next steps of her treatment.
She’s grateful to be home with her family, resting and surrounded by love, though the road ahead remains long. Alisha sends heartfelt thanks to each and every one of you for your kind messages and generous donations. Knowing so many people are thinking of her—near and far—means the world during this challenging time.
Share this update
0 comments  |  Login to leave a comment",
"More Time, More Love","Supporting our family to focus on healing, not financial stress",https://static.givealittle.co.nz/assets/hero/c718f72c-3208-4a82-bbc5-b33c016f1cce-320:False,https://givealittle.co.nz/cause/more-time-more-love,3625,20000,48 days to go,Donate,https://givealittle.co.nz/donate/cause/more-time-more-love,17 Aug 2025,15 Dec 2025,0,"Dunedin, Otago",39,"Our baby girl was born with a chronic illness called Laryngo Malacia. It’s pretty common in babies, they usually grow out of it, but Isabella unfortunately had a very severe case which caused her to need weeks of care in hospital with a trip to starship for surgery. She still has countless appointments, and still relies highly on NG feeds to help her gain weight on top of breastfeeding.
When my maternity leave ends, we don’t qualify for any support—yet my baby still needs me by her side. Returning to work at six months would be heartbreaking and overwhelming for us both. She still has regular hospital appointments/home visits.
I’m asking for help so I can stay home with her for another six months, giving her the love, care, and stability she needs. Every donation helps us hold onto this precious time together.
Use of funds
The money will be spent on paying bills, groceries, parking for hospital appointments, petrol etc.","The money will be spent on paying bills, groceries, parking for hospital appointments, petrol etc.","Created by, and paying to a verified bank account of,
      
        Emma Lewis",Page Moderated,4,"The worst timing
22 October 2025
So it turns out I’m clumsy and hurt myself lol, which means I need help at home with Isabella. Jesse has been taking time off work to help, but it’s absolutely making life even harder for us. If you can share this post or donate anything at all. That would be amazing. Thank you ❤️
Share this update
0 comments  |  Login to leave a comment
6 months old!
1 October 2025
Isabella has reached the big 6 months, can’t believe it’s been that long already! Our little girl is still not wanting to gain much weight, even with the NG top ups, so her nutritionist has changed up her feeding to see if that will help. She sees ENT in a couple of weeks, fingers crossed that goes well. I’m so glad I chose to stay off work longer, because this girl really needs me, life is so busy with all of her appointments and her care.
Share this update
0 comments  |  Login to leave a comment
Still needing the NG tube
12 September 2025
Isabella is coming up 6 months, and has dropped weight more, now putting her below the 25th centile. (She was in the 98th at birth, which I guess is super lucky in this case) so she will be on NG feeds for way longer than what we originally thought, which makes the need for me to be home with her to take care of her even more necessary. Thanks so much for all the donations, it means a lot!
Share this update
0 comments  |  Login to leave a comment
Just a little update about our girl
23 August 2025
So after seeing ENT the other day, it looks like Isabella may need another surgery, as her breathing and weight gain still aren’t where the doctors had hoped.
It’s been such a tough journey, but we are so grateful for the kindness and support we’ve received so far. Every donation and share truly means the world to us. 💖
Here’s our beautiful girl, looking very pleased with herself after pulling out her NG tube the other day 😅
Share this update
0 comments  |  Login to leave a comment",
Neriah’s Liver Transplant Journey,"Neriah’s Liver transplant, family in need of funds.",https://static.givealittle.co.nz/assets/hero/396a2b44-73f3-446d-9380-b33c010b0123-320:False,https://givealittle.co.nz/cause/neriahs-liver-transplant-journey,12178,6500,20 days to go,Donate,https://givealittle.co.nz/donate/cause/neriahs-liver-transplant-journey,17 Aug 2025,17 Nov 2025,0,Wellington,97,"In May Our son Neriah James Riley at 6 weeks old was diagnosed with a rare liver disease called biliary atresia. This is a rare condition where the baby is born without bile ducts, causing bile to build up and slowly scar the liver. The first surgery he had to help prolong his liver has been unsuccessful and Neriah now 4 months old is in end stage liver failure and is in desperate need of a new liver transplant to help cure his disease.
We are from wellington and due to our son being in a more critical condition he will need to stay here at Starship for close monitoring and treatment until his transplant day which could be anywhere between 1-12 months if we can’t find a matched live donor. With recovery post transplant also taking 1-3 months roughly. We are at this point unsure when we will be able to return to work. As I look to support my son and wife who will be looking to be a live donor (hopefully a match) and give part of her liver which isn’t a small procedure in itself, she will be out of action for a good 6 to 8 weeks if she ends up being a donor.
With no sick leave or paid leave left due to Neriahs previous surgery, it means we won’t have income for our regular rent, and other bills that we will need to continue to pay. Any help would be so appreciated so we don’t have to stress or worry about bills and would allow us to be together as a family during this difficult time.
Thank you heaps.
Use of funds
Food, general bills, continued rent, uber travel (No car availability up here, used to get groceries etc)","Food, general bills, continued rent, uber travel (No car availability up here, used to get groceries etc)","Created by, and paying to a verified bank account of,
Jacob Riley",Page Moderated,4,"Waiting out the “time” now.
19 October 2025
Hi everyone! It’s now been 6 weeks post liver transplant! Neriah is doing so well, he had his liver numbers go a little up and down so he had a liver biopsy done last week. All came back fine no rejection. Numbers came back down the next day. We are staying at Ronald house now just waiting for time to pass by with continued stable blood levels and liver numbers. We are hoping to return home by Mid November so still a decent amount of time to wait for ! But overall both Hannah who donated and Neriah who received the liver are doing very well ! Hannah recover to full health without any complications and Neriah is still happy, smiling and giggling. Learning to roll now, and eat solid foods like mashed banana, and purées. Which he has been loving !
Thanks all again for your generous donations they have helped us immensely, we couldn’t imagine how much harder it would’ve been without the funds to get through our day to day bills and life. So thank you !!
Share this update
0 comments  |  Login to leave a comment
Liver Transplant was Successful
21 September 2025
Hi everyone ! Sorry it’s been a busy time. Haven’t got around to an update. To anyone that is following, On the 5th of September both my wife Hannah and our Son Neriah went into surgery. Hannah was a perfect matched donor. They both received their necessary surgeries, and are now 2 weeks post OP. Neriahs liver numbers are perfect which is quite rare to happen with a baby that was as Ill as he was. He’s stable, smiling and doing well. Just now awaiting his abdominal drain to dry up which should be another few days ! The only other issue we currently have is a lot of reflux or just vommiting due to his stomach being so small ! So hopefully he will over come that soon too.
We are thankful to the Lord our God who has pulled Neriah through all his procedures so smoothly and given him the strength to survive and become strong again. This is the beginning of our long journey with Neriah’s health but it’s the start we needed. We are again so thankful for you all who have donated and given us so much. We have been supported greatly by your love and generosity! Thank you thank you !!
Share this update
0 comments  |  Login to leave a comment
Liver transplant date 05/09/2025 Friday !!
4 September 2025
Hi there everyone so been a busy few weeks! We have been going through tests, checks and monitoring over the weeks. Hannah my wife also got tests done to see if she would be a possible live donor and God has answered so many prayers and granted a miracle. The criteria for being a live donor is very very technical and quite rare to come by. Hannah passed all tests and her anatomy is perfect ! She will be the donor for Neriah. We only heard yesterday that there was openings and a confirmation for tomorrow to have the surgeries done ! A small section of Hannah’s liver will be taken and put into Neriah. We are hoping in and trusting the Lord God that they will go well, that both Hannah and Neriah will recover well, and that the transplant would be successful! Thank you for your great support to us. Can’t wait to have our wee family healthy and back home on the near future !
Share this update
0 comments  |  Login to leave a comment
Big thank you !
18 August 2025
Thank you to all who have so generously given so far ! With the amount given so far we are financially supported for 4.5 Months. We really appreciate this so much ! If we do end up with excess funds when we depart back for home we will pass it on to either Starship or other family’s in need up here. So your donations will be going to people in need 100%. Our little man is stable, awaiting pre transplant test results. Once they come in and the team know exactly where his health is at, they can then put him on the donor waitlist and start testing any potential live donors starting with my wife Hannah who is the same blood type so we are praying and hoping she will be a match so that we can get our Son a new liver and recovering.
Blessings to you all. Much love from the Riley Family.
Share this update
0 comments  |  Login to leave a comment",
"Spreading hope through creativity, community & conversation. Making mental health visible, relatable & real for all in Aotearoa.","Making a impact on breaking the stigma , supporting people in mental health and their everyday struggles Uplift people to make them stronger",https://static.givealittle.co.nz/assets/hero/3917aa57-2110-4768-8b91-b33c01072075-320:False,https://givealittle.co.nz/cause/mindset-journey,39.5,4000,closed,Read more,https://givealittle.co.nz/cause/mindset-journey,17 Aug 2025,19 Sep 2025,0,Auckland,5,"Good morning Aotearoa ,
This is not only a story but also an inspiration to all around Aotearoa and others who have been through struggles in life
My name is Shannon and I am standing here today to promote mental health and the affects it has on people’s daily life , I am not a professional but I am someone who has been through depths in life that nobody should ever have to experience . In 2009 I said goodbye to my 5 month old son who suddenly passed away to S.I.D.S For those who don’t know what that means it’s:
(sudden infant death syndrome)
Now for any parent this is the hardest thing to do having to bury your own child.
I reached out and got the help I needed to overcome this and ended up coming out on top.
Years went by I worked on my mental health and working full time kept me on my feet and a positive outlook.
2014 came around and I received a phonecall early hours from my father in Australia , he said Shan you need to fly home because your mother has passed away, this broke me to the core , moving forward funeral and processing things saying goodbye to my bestfriend and my mum .
Looking back today it left me with anxiety , depression and complex PTSD, years of therapy and counselling to come out stronger .
I am here today to help those who have been through the struggles in life whether you need a person to talk to or to cry to I will always stand here for whoever.
I want people to feel heard and seen to know that it’s okay to not be okay and the door is always open
Shannon Day's involvement (page creator)
The main goal will be to use these funds to promote and design a structure for people who are in need of help and also design merchandise to spread awareness around Aotearoa and worldwide to show that there is still hope and positivity in life
Use of funds
The main goal will be to pay for the accomodation for all of us down in ohakune for the weekend to be able to have our wananga and show our love respect and support to George on his journey.
Other page links
on Facebook
on Instagram",The main goal will be to pay for the accomodation for all of us down in ohakune for the weekend to be able to have our wananga and show our love respect and support to George on his journey.,"Created by, and paying to a verified bank account of,
Shannon Day      on behalf of George Raj",Page Moderated,,,
Help to keep healthy lifestyle for little Gloria on leukemia treatment,"Stand by Gloria: while she battles leukemia, let’s keep her garden growing for the healthiest meals.",https://static.givealittle.co.nz/assets/hero/f3f1b9e7-8996-4272-b701-b33c010321cd-320:False,https://givealittle.co.nz/cause/help-to-keep-healthy-lifestyle-for-little-gloria,700,30000,20 days to go,Donate,https://givealittle.co.nz/donate/cause/help-to-keep-healthy-lifestyle-for-little-gloria,17 Aug 2025,17 Nov 2025,0,Waikato,9,"I would like to ask for help for my dear friend – a devoted mother of four young daughters. The youngest, Gloria, is braving intense chemotherapy treatment.
The family lives on a small homestead in Puriri, growing a diversity of fruit, vegetables, and medicinal herbs. Their garden is essential for the family’s health and well-being. They strongly believe that homegrown fresh food is paramount to Gloria's wholesome healing and recovery.
Growing staple food for a family of 6 is time demanding, still far more cost-effective than buying the same quality food.
Mum travels with Gloria weekly to Starship or Waikato Hospitals. One scheduled treatment phase is one month-long in Auckland in the peak of spring. And more treatments will continue. Dad looks after the other girls, runs the family and farm chores. However, he copes with major health issues and cannot give the garden full attention.
The family's income from dad's retirement barely covers survival. There is no capacity for additional income now, and there are no spare funds for regular garden help. Their closest family lives in Czechia. In kind support from local friends is not endless either.
The treatment’s intensive schedule and lack of money have put them in an unstable situation. They desperately need help to keep the garden going, so they can thrive on nourishing meals. AND to ensure that little Gloria can live with us for many years to come.
The treatment is expected to continue for at least two more years.
Veronika Rejtkova's involvement (page creator)
I lived on their homestead as a woofer and became a close friend. It broke my heart that I can´t help more when they needed it most, due to my own tough financial situation. That’s when I realised how essential long-term financial support is needed.
Use of funds
Funds will go toward a gardener for 2 years to help preserve the family’s main source of healthy food and maintain little Glorias´ health.
Other page links
on Facebook",Funds will go toward a gardener for 2 years to help preserve the family’s main source of healthy food and maintain little Glorias´ health.,"Created by
Veronika Rejtkova  




      Paying to a verified bank account of
Gloria's Mother Martina Petru",Page Moderated,,,
Help Timothy Heal: Emergency Spine Surgery & Long-Term Therapy,Urgent Help Timothy- for his spine surgery and long term therapy.- he’s 15 years old,https://static.givealittle.co.nz/assets/hero/6ded3b28-f905-43e7-8bc0-b33b011ca820-320:False,https://givealittle.co.nz/cause/urgent-help-timothy-for-his-spine-surgery-and-long,2180,14500,closed,Read more,https://givealittle.co.nz/cause/urgent-help-timothy-for-his-spine-surgery-and-long,17 Aug 2025,16 Sep 2025,0,Auckland,21,"Dear friends, family, and kind-hearted strangers,
We are reaching out with heavy hearts and hopeful spirits to ask for your support for our beloved nephew, Timothy.
At just a young age, Timothy is already facing a serious medical challenge, a spinal condition that causes him pain and threatens his ability to enjoy and live a normal, active life.
Doctors have recommended urgent spinal surgery to relieve his pain and prevent further complications such as paralysis. The cost of the operation is ₱400,000 PHP, a sum that is beyond what our family can afford on our own.
Timothy is a bright, cheerful, smart, talented and brave big brother. We want to give him that chance and we need your help to make it happen. Every donation, no matter how small, brings us closer to our goal. If you’re unable to give financially, please consider sharing this page with your network.
Your kindness and generosity can change Timothy’s life forever. From the bottom of our hearts, thank you for your support. With love and gratitude, Castillo Family
Gracia Castillo's involvement (page creator)
I am Timothy’s aunt and I’m helping my sister Kristina raise the fund for him.
Use of funds
Urgent Help Needed: Support Timothy’s Spine Surgery & Recovery - He’s Just 15 years old
Other page links
on YouTube",Urgent Help Needed: Support Timothy’s Spine Surgery & Recovery - He’s Just 15 years old,"Created by, and paying to a verified bank account of,
Gracia Castillo      on behalf of Timothy Castillo Carreon - he’s 15 years old",Page Moderated,4,"Successful operation (“,) God is good! Thankful heart.
18 September 2025
Wonderful news!
After a 5-hour surgery, 6 hours in post-op, and 5 days in the hospital, we’re so happy to share that Timothy is finally home.
He still has a journey ahead with physical therapy, but we’re hopeful he’ll be able to return to his normal life in time.
As we close this chapter and this page, we want to thank you from the bottom of our hearts. Your love, support, and prayers have meant more than we can say. We’ve felt carried by your kindness through it all.
We are truly grateful and so very blessed.
Thank you for being with us.
Share this update
0 comments  |  Login to leave a comment
Timothy’s special thanks to all!!
11 September 2025
With a heart full of gratitude, Timothy lovingly share a song and reveals his gift in painting as a tribute to everyone who has supported him. Through his art and music, he offers thanks and prayers for a successful operation. May God bless us all with strength, healing, and hope.""
Share this update
0 comments  |  Login to leave a comment
Another good news (“,)
6 September 2025
We are overjoyed to share some wonderful news!
Thanks to your incredible support, generosity, and prayers, we have successfully ordered the spinal equipment needed for Timothy’s operation. This is a huge step forward, and we couldn't have done it without the love and kindness from each of you.
Let’s continue to keep Timothy in our thoughts and prayers as we move toward the next stage — a smooth and successful surgery.
From the bottom of our hearts, thank you once again for walking this journey with us.
Share this update
0 comments  |  Login to leave a comment
Thank you all! Tim’s operation being finalise…
25 August 2025
Thank you from the bottom of our hearts for all your incredible help and support. Your kindness has meant the world to us. We’re now finalising the details of Tim’s operation, and we ask that you please keep him in your thoughts and prayers. 🙏 We’re hoping and trusting that everything will go smoothly.
With deepest gratitude, Castillo- Carreon Family
Share this update
0 comments  |  Login to leave a comment",
India medical treatment for Rahnuma Begum,Knee replacement surgery for my elder sister,https://static.givealittle.co.nz/assets/hero/263daf78-64f2-4e29-93a7-b33c00e14a85-320:False,https://givealittle.co.nz/cause/india-medical-treatment-for-rahnuma-begum,990,0,closed,Read more,https://givealittle.co.nz/cause/india-medical-treatment-for-rahnuma-begum,17 Aug 2025,10 Sep 2025,0,"Mangere Bridge, Auckland",7,"Rahnuma requires relatively urgent knee replacement for both knees. Such type of full knee replacement is either available in NZ or Australia which is way too expensive. The cheapest option is to go to India to have it done. Hence, this page is created to seek some funds to support her surgery.
Neelam Deo's involvement (page creator)
Rahnuma aka Leena Deo is my elder sister
Use of funds
Mainly surgery and travel, as they are doing other fundraising in Fiji to raise funds. So far $12k has been raise but require $45k.","Mainly surgery and travel, as they are doing other fundraising in Fiji to raise funds. So far $12k has been raise but require $45k.","Created by, and paying to a verified bank account of,
Neelam Deo      on behalf of Rahnuma Begum",Page Moderated,,,
Your kindness gives Alvin more peace and time with loved ones,"Alvin's previously treated gastric cancer has metastasised. He is now in hospice, with care focused on keeping him comfortable.",https://static.givealittle.co.nz/assets/hero/eca8d5f6-2fe5-4403-973d-b33c0094be5d-320:False,https://givealittle.co.nz/cause/please-help-alvin-in-his-fight-against-stage-4,1590,60000,closed,Read more,https://givealittle.co.nz/cause/please-help-alvin-in-his-fight-against-stage-4,17 Aug 2025,17 Sep 2025,0,Auckland,26,"Two months ago, we learned that Alvin’s previously treated gastric cancer had returned and spread. Ever the fighter, he bravely tried Nivolumab immunotherapy to buy more time. Sadly, recent scans revealed a malignant bowel obstruction that cannot be operated on, as well as ascites, biliary dilation and truncation.
Alvin is now in hospice, where the focus is on keeping him as comfortable as possible as he fights against Stage 4 cancer.
Throughout this journey, which started in 2023, Alvin has shown courage. From rounds of chemotherapy, a total gastrectomy, bilateral ureteral stents, bilateral nephrostomies, and most recently, a colostomy. He has continued to face each challenge with strength and hope.
Unfortunately, the costs of care are overwhelming. For example, Nivolumab immunotherapy—which is not publicly funded in New Zealand for metastatic gastric cancer—costs over $115,000, of which only part was covered by insurance. On top of this, healthcare-related expenses continue to add up.
The funds raised will help ease some of the financial burden on Alvin and Moneth, allowing them to focus on spending meaningful time together and with their loved ones during the time Alvin has left.
Ashley Cea's involvement (page creator)
I am the eldest child of Alvin and Moneth. I have returned to New Zealand to be with my parents and to offer my support during this difficult time.
Use of funds
Unfunded/uncovered costs/bills building up e.g. scans, tests, specialists appointments, chemo, immunotherapy, operations, procedures.
To help Moneth focus on spending time with Alvin and taking care of him. Alternatively it will also help w/ everyday costs","Unfunded/uncovered costs/bills building up e.g. scans, tests, specialists appointments, chemo, immunotherapy, operations, procedures.To help Moneth focus on spending time with Alvin and taking care of him. Alternatively it will also help w/ everyday costs","Created by, and paying to a verified bank account of,
Ashley Cea      on behalf of Alvin and Moneth Cea",Page Moderated,,,
It’s our time to give back to someone who has given so much to Hokitika 💜,Shirley Gardiner. Our Shirl - the heart of our community - has had her world turned upside down.,https://static.givealittle.co.nz/assets/hero/09f37263-ed61-4a14-8239-b33b015b7e41-320:False,https://givealittle.co.nz/cause/its-our-time-to-give-back-to-someone-who-has-given,36908.33,0,19 days to go,Donate,https://givealittle.co.nz/donate/cause/its-our-time-to-give-back-to-someone-who-has-given,16 Aug 2025,16 Nov 2025,0,"Hokitika, West Coast",217,"On 14 July, she woke feeling unwell. A GP visit led to urgent tests and devastating news: tumours in her lungs and brain. Weeks to live, no treatment offered. Life for Shirley and her soulmate Richard stopped in its tracks. Breaking the news to their three children was the hardest thing they’ve ever faced.
But then came a glimmer of hope. Further tests revealed Shirley may be eligible for Osimertinib. Sadly, the timeframe to access this drug through the public system was far too long. With no time to wait, Shirley and Richard had only one option — to begin private treatment and shoulder the cost themselves. It’s a chance for precious quality time… maybe even one more summer in the sun.
The cost? $10,000 per treatment, plus $500 a month for specialist care. With Shirley unable to work and Richard at her side, their income has stopped. Retirement and adventures they planned together are on hold.
If you know Shirl, you know how much she’s given: volunteering, mentoring, bookkeeping, supporting others through hard times. Now, it’s her turn.
She would never ask for help herself, but we can. Could you make a donation towards her treatment? No gift is too small, every dollar helps.
Our first goal is to fund her initial round. Anything extra will go towards further treatment, or helping Shirley and her family make the most of every moment together.
Let’s wrap Shirley, Richard, and their family in love, and make this chapter full of grace and joy.
Shirl, it’s your time now. We’re with you 💜
Reilly Burden's involvement (page creator)
This page has been set up by myself, Cherryl Hamilton and Rebecca Pearson. All close friends of Shirley.
Use of funds
Funds will be used to fund treatment ( Osimertinib) medical costs and anything else that will make life easier for Shirley and her family.",Funds will be used to fund treatment ( Osimertinib)  medical costs and anything else that will make life easier for Shirley and her family.,"Created by
Reilly Burden  




      Paying to a verified bank account of
Richard Gardiner      on behalf of Shirley Gardiner",Page Moderated,1,"Health Update 🌿
15 October 2025
Just a quick note to share that my treatment has been paused due to damage to my liver and kidneys. The good news is that recent scans show the tumors have reduced — a positive step forward.
Treatment options are few going forward but I will let you know once I do. I have now been transferred to the public system after 10 weeks in private oncology. The funds raised covered this and reduced the financial burden for which we will be forever grateful.
I’m now in a reset phase, focusing on rest and recovery. Still conserving energy, so keeping things quiet for the time being.
Thank you all for your aroha, manaaki, and continued support — it truly means a lot.
Share this update
0 comments  |  Login to leave a comment",
Help raise money for Movember,I am raising money for the Movember charity.,https://static.givealittle.co.nz/assets/hero/ea1a9b16-406b-4708-9dcd-b33b00f46ade-320:False,https://givealittle.co.nz/cause/help-raise-money-for-movember,60,0,closed,Read more,https://givealittle.co.nz/cause/help-raise-money-for-movember,16 Aug 2025,5 Oct 2025,0,"Dunedin, Otago",3,"Movember is the leading charity changing the face of men's health. We challenge the status quo, shake up health research and transform the way health services reach men.
Use of funds
All money raised will be donated directly to the Movember charity",All money raised will be donated directly to the Movember charity,"Created by
Jonson Tatana  






      Paying to a verified bank account of
      
        Movember Foundation New Zealand
          (Charity)",Page Moderated,,,
Need contribution to save my dad's life. He needs urgent overseas treatment for his heart operation.,"Please contribute to save a life, every dollar counts",https://static.givealittle.co.nz/assets/hero/50da81a3-0511-45c1-a626-b33b00d0f290-320:False,https://givealittle.co.nz/cause/need-contribution-to-save-my-dads-life-he,640,30000,closed,Read more,https://givealittle.co.nz/cause/need-contribution-to-save-my-dads-life-he,16 Aug 2025,20 Sep 2025,0,"Bromley, Christchurch",9,"I'm seeking for help in contribution of my dad's overseas treatment. He is suffering from coronary artery disease and needs urgent bypass grafting surgery in India. My dad's health is deterring and therefore doctors have suggested to take him for the treatment ASAP. The date which we got from the doctors is 21st of September 2025. We need the amount approximately $30,000 fjd including treatment, fare and accommodation.
We got to know that he is having a blockage in his heart while doing visa application for my parents under the category of parents and grandparents visitor visa. That's when doctors declared that his heart is weak and after all the checkup they confirmed that he is having blockage in his heart. Every dollar counts to save a life of a husband, father, grandfather.
I really appreciate your time, help and support.
Ravneil Prasad's involvement (page creator)
I'm the only son of my dad.
Use of funds
All the contributions collected will be used in treatment which includes surgery cost, air fare and accommodation.
Other page links
on Facebook","All the contributions collected will be used in treatment which includes surgery cost, air fare and accommodation.","Created by, and paying to a verified bank account of,
Ravneil Prasad      on behalf of My dad Mr shiu Prasad",Page Moderated,,,
Fighting for Alisha – Glen Craig’s Charity Boxing Match,Glen Craig is fighting in the ring to raise funds for Alisha Skevington’s health and wellbeing as she battles leukaemia.,https://static.givealittle.co.nz/assets/hero/6410cfd0-7571-4279-8930-b33b00c9faee-320:False,https://givealittle.co.nz/cause/fighting-for-alisha-glen-craigs-charity-boxing,1478,0,closed,Read more,https://givealittle.co.nz/cause/fighting-for-alisha-glen-craigs-charity-boxing,16 Aug 2025,10 Oct 2025,0,"Dunedin, Otago",10,"Glen Craig is stepping into the ring with more than just pride on the line – he’s fighting for someone he loves. Alisha Skevington, the mother of his child, has been courageously battling leukaemia. This journey has brought immense emotional and financial challenges, and Glen is determined to do what he can to ease the burden.
On fight night, every punch, every round, will be for Alisha – to help cover costs that support her health, wellbeing, and quality of life during treatment and recovery. This isn’t just about raising money, it’s about showing Alisha that she is not fighting alone.
Your donation, big or small, will go directly towards making life a little easier for her – from essential health needs to giving her moments of comfort and support during the toughest times. Let’s rally together, as whānau, friends, and community, to lift some of the weight off her shoulders and remind her how much she’s loved.
Please give what you can and share this page so Glen’s fight can make the biggest impact possible for Alisha.
Glen Craig's involvement (page creator)
Glen Craig is the father of Alisha Skevington’s child Jayda Rose and is fighting to support her through her illness.
Use of funds
Funds will go towards health support and wellbeing needs for Alisha and her family, including travel costs, accommodation, food","Funds will go towards health support and wellbeing needs for Alisha and her family, including travel costs, accommodation, food","Created by
Glen Craig  




      Paying to a verified bank account of
Alisha Atwood",Page Moderated,,,
Arahia shaved her hair off!!,Arahia shaved her hair off!!,https://static.givealittle.co.nz/assets/hero/c749d5b0-8315-46e2-a5a6-b33b00936884-320:False,https://givealittle.co.nz/cause/arahia-shaved-her-hair-off,1360,0,closed,Read more,https://givealittle.co.nz/cause/arahia-shaved-her-hair-off,16 Aug 2025,16 Sep 2025,0,Waikato,27,"18months ago I found out my 10
year old cousin who lives in Australia was diagnosed with leukaemia - she is now coming out the other side of her treatment. Five weeks ago I found out a friends daughter who is also 10 had been diagnosed and is at the beginning of her journey.
I decided to shave my hair off in support of these two young girls. Any funds raised will be gifted to the Ronald McDonald house in Auckland.
Arahia Smith's involvement (page creator)
Friends
Use of funds
A wig or anything else other expenses that might pop up for a family in need",A wig or anything else other expenses that might pop up for a family in need,"Created by
Arahia Smith  






      Paying to a verified bank account of
      
        Ronald McDonald House New Zealand
          (Charity)",Page Moderated,,,
Paula’s fight club,Fundraising for cancer treatment Pertuzumab (Perjeta) that is not publicly funded .,https://static.givealittle.co.nz/assets/hero/b7a70a92-b387-47e2-9f2b-b33b00790dcf-320:False,https://givealittle.co.nz/cause/paulas-fight-club,13800.01,17500,18 days to go,Donate,https://givealittle.co.nz/donate/cause/paulas-fight-club,16 Aug 2025,15 Nov 2025,0,"Palmerston North, Manawatu-Wanganui",62,"So the big C has barged into our lives uninvited like that one relative who “just popped in” and stays way too long. Mums tackling it like an absolute champ (because of course she is), but unfortunately not all the treatments she needs are funded.
Now, Mum’s the kind of person who would never ask for help—she’d rather climb a mountain barefoot carrying a sack of potatoes than inconvenience anyone—but we know not everyone knows how to help in situations like this. So we’ve set up a Givealittle page for anyone who’d like to chip in and help cover the treatments that could make a big difference.
No pressure, no guilt trips—just a way to get behind someone who’s spent her life quietly helping others. Every donation, message and bit of support big or small means more than we could ever say and it is one more step towards telling cancer to pack its bags and get lost.
Kieran Erskine's involvement (page creator)
The beneficiary is our Mum
Use of funds
Cancer Treatment Pertuzumab (Perjeta)
Other page links
on Facebook",Cancer Treatment Pertuzumab (Perjeta),"Created by, and paying to a verified bank account of,
Kieran Erskine      on behalf of Paula Erskine (Mum)",Page Moderated,1,"Appreciation
24 August 2025
Thank you all so much for your donations. We have all been overwhelmed with your love support and generosity over these past couple of weeks.
Mum has started her Chemo journey this week and thanks to you all we can take some of the stress away from her and get her the extra treatment she needs to give her the best chance possible at beating this.
Share this update
0 comments  |  Login to leave a comment",
Vision-saving surgery for Jadwiga,Raising money for Joanna's mother's eye surgery,https://static.givealittle.co.nz/assets/hero/0795997f-401a-493a-b7e7-b33a01696b44-320:False,https://givealittle.co.nz/cause/vision-saving-surgery-for-jadwiga,930,2500,closed,Read more,https://givealittle.co.nz/cause/vision-saving-surgery-for-jadwiga,15 Aug 2025,15 Sep 2025,0,"Tauranga, Bay Of Plenty",17,"Hi everyone. Jadwiga is Joanna's mother. She needs urgent surgery to treat glaucoma, which has already irreparably destroyed one eye. Without surgery, she will likely go blind.
Jadwiga is elderly but still sharp as a tack. She had a long career as a lawyer, only retiring at age 88.
She still lives alone at 91 years old.
She is a tremendous cook, very politically active (this photo is actually her voting), and a dog-lover.
She lived through the Holocaust in Poland. As a child, she was in the Warsaw Ghetto, from where she was rescued by unknown Polish people. She lost a sister in the war. Then, she lived through Communism.
She is a mother and grandmother and great-grandmother and a wonderful mother-in-law.
All donations go towards the costs of her surgery, which costs 8200PLN / ~$3800 NZD.
Benjamin Rotstein's involvement (page creator)
She is my mother-in-law (Joanna's mother)
Use of funds
Eye surgery for Jadwiga so she does not go blind.",Eye surgery for Jadwiga so she does not go blind.,"Created by, and paying to a verified bank account of,
Benjamin Rotstein      on behalf of Jadwiga",Page Moderated,3,"Jadwiga is home and doing well
27 August 2025
She needs regular injections for maybe the next month. But she is home and doing ok.
Share this update
0 comments  |  Login to leave a comment
First post-surgery checkup went well
20 August 2025
Jadwiga had her first post-surgery checkup at the clinic yesterday. So far so good. Her eye is apparently agonizingly itchy, but hopefully this will pass soon.
Thank you so much everyone for your love and support.
Share this update
0 comments  |  Login to leave a comment
Surgery booked for tomorrow
17 August 2025
Jadwiga will have her eye surgery tomorrow afternoon (Poland time). Thank you to everyone for your support 💙✨
Share this update
0 comments  |  Login to leave a comment",
Support Donna Taylor Former Support coordinator HBCGPG,Concern and Support,https://static.givealittle.co.nz/assets/hero/bf25b86e-2786-4654-b2a2-b33a01010c8b-320:False,https://givealittle.co.nz/cause/support-donna-taylor-former-support-coordinator,1435,12000,closed,Read more,https://givealittle.co.nz/cause/support-donna-taylor-former-support-coordinator,15 Aug 2025,15 Sep 2025,0,"Gulf Harbour, Whangaparaoa",26,"Donna, who lives in Gulf Harbour, has been the Grandparents support coordinator since 2018. She took on the role with long experience raising children, including being a foster carer.
Her work was around the clock, whether it’s helping with transport, food, clothing and bedding, access to grants, court attendances, or just holding someone’s hand as they deal with large amounts of stress.
Donna now needs our help. Donna had a stroke which has impacted her ability to work. She and her family are now facing financial challenges and would greatly appreciate support.
Donna has not been paid for a few month's and now her and the family are about to be evicted for for non payment of rent. She has gone to work and income but that could take some time and with no money coming in, she is running out of time. If you can help even the smallest amount would be much appreciated
Wendy Fry's involvement (page creator)
Friend and member of HBCGPG
Use of funds
All funds will go to Donna to pay her rent arrears
Other page links
on Facebook",All funds will go to Donna to pay her rent arrears,"Created by, and paying to a verified bank account of,
Wendy Fry      on behalf of Donna Taylor",Page Moderated,,,
Support our run for little lungs!,We are running to raise money for Lung Health Auckland so that they can continue to support children with respiratory disease!,https://static.givealittle.co.nz/assets/hero/95c9c4d8-3773-46ea-9b40-b3390165806c-320:False,https://givealittle.co.nz/cause/support-our-run-for-little-lungs,210,0,5 days to go,Donate,https://givealittle.co.nz/donate/cause/support-our-run-for-little-lungs,15 Aug 2025,2 Nov 2025,0,Auckland,7,"Some of the team from the Starship Respiratory service will be running various distances at the Auckland Marathon this November 2nd.
The inspiration for us are the amazing children and young people out there who live with respiratory conditions!
We would love to raise funds for Lung Health Auckland who have been a great support to our children who live with respiratory disease.
We’re so grateful for any support you can provide- any amount will be put to good use! :)
Kathy Rose's involvement (page creator)
Auckland Lung Health have been a wonderful support to our children with respiratory conditions!
Use of funds
All proceeds will be used by Lung Health Auckland to provide children and their whānau with things like winter power bill payments, blankets, heaters and medications etc..
Here is a link to their page!
https://lunghealth.org.nz/","All proceeds will be used by Lung Health Auckland to provide children and their whānau with things like winter power bill payments, blankets, heaters and medications etc..Here is a link to their page!https://lunghealth.org.nz/","Created by
      
        Kathy Rose
      





      Paying to a verified bank account of
LUNG HEALTH AUCKLAND INCORPORATED        (Charity)",Page Moderated,,,
"Help Shaun, Isla, Ezra & Archie Make Memories & Prepare for the Future",Help Shaun and his family create lasting memories and ease financial stress during the terminal stages of his cancer journey.,https://static.givealittle.co.nz/assets/hero/57880925-451d-47fb-bad7-b339016db492-320:False,https://givealittle.co.nz/cause/help-shaun-isla-ezra-and-archie-make-memories,18520,0,290 days to go,Donate,https://givealittle.co.nz/donate/cause/help-shaun-isla-ezra-and-archie-make-memories,15 Aug 2025,14 Aug 2026,1,"Tauranga, Bay Of Plenty",186,"Shaun and Isla have been married for almost 5 years, they have two beautiful boys, Ezra (almost 4) and Archie (almost 2). In 2024 life changed forever when Shaun, then only 32, was diagnosed with a rare and aggressive cancer (follicular dendritic cell sarcoma)
It began with a small lump on his chest and swelling under his arm. After months of tests Shaun began 6 cycles of chemotherapy, followed by 5 weeks of daily radiation. In January 2025 he faced a life altering forequarter amputation (the only way to remove all known cancer).
For a short time they celebrated Shaun being cancer free, but in August 2025 a scan revealed 5 nodules in Shaun’s lungs. Shaun is now terminal and treatment options are limited. Doctors estimate just 1–2 years. Shaun’s strength, positivity and unwavering love for his family continues to inspire many.
Tyla Adams' involvement (page creator)
Close Friend
Use of funds
This page is to help Shaun and his family cherish every moment together, create lasting memories, and ease financial stress. Ensuring Isla can raise the boys with comfort and stability, with support for their schooling, housing, and everyday needs.
Other page links
on YouTube
vt.tiktok.com/ZSSK6Joe8","This page is to help Shaun and his family cherish every moment together, create lasting memories, and ease financial stress. Ensuring Isla can raise the boys with comfort and stability, with support for their schooling, housing, and everyday needs.","Created by
Tyla Adams  




      Paying to a verified bank account of
Shaun Lemberg",Page Moderated,,,"on 5 Sep 2025
Kylie asks
Hi, I work for a charity called TimeOut. We connect generous holiday homeowners across New Zealand with people diagnosed with stage 4 cancer or an incurable illness, offering them the chance to enjoy a much-needed break and spend quality time with loved ones.
If you’re interested in applying or would simply like to learn more, we’d love to support you.. As a small charity, we can’t always guarantee a suitable match - particularly for larger groups - but we do our very best to help. Recipients can apply online at www.timeoutnz.org or get in touch with us directly at info@timeoutnz.org with any questions. Take care, Kylie
This question has not been answered yet."
Adams-Mita whānau health journey,Support for the Adams-Mita whānau and their health journey to recovery,https://static.givealittle.co.nz/assets/hero/ca1a2836-dfc9-4a58-bb82-b33a009e2144-320:False,https://givealittle.co.nz/cause/adams-mita-whanau-health-journey,7810,65000,110 days to go,Donate,https://givealittle.co.nz/donate/cause/adams-mita-whanau-health-journey,15 Aug 2025,15 Feb 2026,0,"Tauranga, Bay Of Plenty",96,"Lisa, Tane and 4 children are experiencing a tough time due to Lisa’s diagnosis of Chiari malformation. Also, their daughter Taya has additional needs and requires specialised care due to having a feeding tube
Lisa’s symptoms cause her to be dependent on support for their children’s needs while Tane works
Lisa experiences severe headaches, impaired vision, fatigue, compressed spinal fluid and fluid building on her brain.
Lisa will undergo brain surgery to improve her quality of life and relieve her symptoms
To speed up the process Lisa has undergone the route of private medical care due to long public wait times and these costs have piled up due to multiple MRI and CT scans as well as specialist doctors assessments/visits for her various health conditions due to her diagnosis.
Lisa has a long road of recovery including rehab
Funds would cover the costs of already massive medical bills and support the care/wellbeing of the 4 children pre and post Lisa’s surgery. Taya requires her own carer and someone who is confident to support her medical needs
Funds would go towards medical debt, respite/child care, costs for travel to/from appointments, costs associated with Lisa’s operation and financial support due to loss of income over the next 2 years and living costs
We would like to thank anyone who is able to extend any financial support, and know times are tough for everyone. We also appreciate anyone who has supported the family with kind words and time- it all helps keep them going
Rachel Frost's involvement (page creator)
We are the family of Lisa and Tane, we want to support her and her family to get some financial support.
Use of funds
Medical bills, support for their children, costs associated with surgery, day to day expenses, loss of wages, travel and child care/wellbeing costs.","Medical bills, support for their children, costs associated with surgery, day to day expenses, loss of wages, travel and child care/wellbeing costs.","Created by
Rachel Frost  




      Paying to a verified bank account of
Carmen Frost      on behalf of Lisa Frost and her family",Page Moderated,,,
Keagan needs your help for Medical surgeries,Keagan needs help for surgeries,https://static.givealittle.co.nz/assets/hero/ec3a6769-d7eb-4840-8fcd-b33901640994-320:False,https://givealittle.co.nz/cause/keagan-needs-your-help-for-medical-surgeries,90,10000,109 days to go,Donate,https://givealittle.co.nz/donate/cause/keagan-needs-your-help-for-medical-surgeries,14 Aug 2025,14 Feb 2026,0,Marlborough,3,"My name is Keagan van Schoor, I’m live in South Africa and I’m 19 years old. My life changed dramatically on 12 August, it was a normal day i was on my way home from work driving my motorcycle - when someone crashed into me. I have 6 fractures on my right hand, radius and ulna are both broken. I have a deep wound on my upper arm all my tendons and nerves are damaged i will require further surgical treatment. My right hip is fractured and dislocated. I was in theatre (13 August) Medi Clinic Welkom where the fractures were fixed and my wound was treated. I realise I have a very long road of hard work, recovery and rehabilitation ahead of me. I am grateful that I have been given a 2nd chance at life. I therefore ask for your help with further medical expenses that will have to be incurred, I will have to spend a long time in hospital for more surgeries and recovery. And due to this long period I will lose my job as well.
Please help me , i still have my whole future in-front of me.
Leanne Cornelissen's involvement (page creator)
My sister's partner
Use of funds
Wound care , surgeries, medical bills, rehab.","Wound care , surgeries, medical bills, rehab.","Created by, and paying to a verified bank account of,
Leanne Cornelissen      on behalf of Keagan van Schoor",Page Moderated,,,
Support Staceys Journey Home,"This page is made to help aid my dad's move to the north for his last weeks, and then his last journey home to whangarei.",https://static.givealittle.co.nz/assets/hero/4acd7070-b870-46e9-9751-b339002bc4ea-320:False,https://givealittle.co.nz/cause/support-staceys-journey-home,1380,0,closed,Read more,https://givealittle.co.nz/cause/support-staceys-journey-home,13 Aug 2025,13 Oct 2025,0,Auckland,11,"My father was diagnosed with terminal liver cancer on the 1st of August 2025 and only given weeks to live. This page has been set up to help get him back up to the north island to be with his loved ones during his last weeks of life. My fathers first stop will be in auckland where he will be surrounded by all of his kids and loved ones until his final days and then his last journey will be to Whangārei, where he will be buried at the family urupā.
Stacey has 3 children, 9 grandchildren, and a father figure to many. Hes the youngest of 10 siblings in total, an uncle, nephew and a friend. Loves to play pool and thought he was a part-time comedian. He is a wise man with a ear to listen and shoulder to lean on if needed for many. He loves his Kai and being around loved ones.
This page was originally created in the hope's that dad could live out his bucket list, and do some things that he dreamed of while still able to. But being closer to home and with his loved ones is more of a priority now.
This is an AMAZING man who would have fought cancer if he could. Any koha will help towards making dads final weeks easier.
Trei Edmonds' involvement (page creator)
He is my father.
Use of funds
The money donated will be used for his expenses to make things easier for him in his final weeks. Also for his travel to whangārei, and funeral expenses.","The money donated will be used for his expenses to make things easier for him in his final  weeks. Also for his travel to whangārei, and funeral expenses.","Created by
Trei Edmonds  




      Paying to a verified bank account of
Lynette Edmonds (sister and executor of Stacey Edmonds estate)",Page Moderated,1,"Trying times
5 September 2025
It is with a very great sadness, that Stacey Douglas Paul Edmonds has been given his wings to embrace our Lord almighty in his Kingdom. Moe mai ra e hoa it will be hard for us to no longer have our beloved Koro, Father, Brother, Brother in Law, Friend, Confidant. The years have been met with love, light and laughter, cherished memories. Sunrise Oct 4th 1968 - Sunset September 5th 2025. May God takes you into his loving embrace. Our next hikoi (journey) will take us towards Whangarei together as a whanau and there from there we will be taking him to Ngā Whā where he will be laid to rest on Tuesday. The whanau would like to take the time to thank everyone that has given there support and sent their well wishes it meant so much for the grieving whanau at this sad time. For those who wish to koha this will go towards the trip up to Ngā Whā, to the funeral expenses and the hikoi home. Once again the whanau would like to take time to acknowledge the Staff at Waitakere Hospital for caring for Stacey and to Waitakere Marae for billeting the whanau from near and far
Share this update
0 comments  |  Login to leave a comment",
Twisted defibrillator wires,My aunty is needing to travel to auckland from invercargill for urgent surgery to get her defibrillator replaced,https://static.givealittle.co.nz/assets/hero/46cbc9f9-57cf-42e5-b0ba-b3380149b55b-320:False,https://givealittle.co.nz/cause/twisted-defibrillator-wires,270,0,16 days to go,Donate,https://givealittle.co.nz/donate/cause/twisted-defibrillator-wires,13 Aug 2025,13 Nov 2025,0,Southland,4,"Kia Ora everyone I'm starting this page to try help raise funds for my aunty as her defibrillator wires have twisted and she will be needing to travel to auckland from invercargill for urgent surgery to get her defibrillator replaced. She is planning on driving up with her partner once surgery has been confirmed as they have a very pampered fur baby which they don't trust anyone to look after. Any funds donated would be very much appreciated and help out a lot.
Ngā mihi, thank you all in advance ❤️
Shania Pennicott's involvement (page creator)
Hinewai is my aunty
Use of funds
Money will be spent on travel cost and any other necessities
Other page links
on Facebook",Money will be spent on travel cost and any other necessities,"Created by
Shania Pennicott  




      Paying to a verified bank account of
Hinewai Karetai",Page Moderated,,,
FDF and ZIWI rising up for Phoenix,Raising funds to help a member of our team and their child during a most difficult time.,https://static.givealittle.co.nz/assets/hero/c22d3b51-5221-4fd1-9a94-b33800e0ab7e-320:False,https://givealittle.co.nz/cause/fdf-and-ziwi-rising-up-for-phoenix,6410,0,closed,Read more,https://givealittle.co.nz/cause/fdf-and-ziwi-rising-up-for-phoenix,13 Aug 2025,18 Sep 2025,0,"Flaxmere, Hastings",83,"It is with deep sadness that we share the news that a member of our FDF (Freeze Dried Foods) team and ZIWI family is facing an incredibly difficult time. Their daughter, Phoenix, has recently been admitted to Starship Hospital and has been diagnosed with a rare and aggressive brain cancer known as Diffuse Midline Glioma (DMG).
• This form of cancer is extremely rare in Aotearoa New Zealand, with only one or two cases diagnosed each year.
• DMG is a tumour that sits deep in the centre of the brain, between the two hemispheres. It grows rapidly and, in Phoenix’s case, has already spread to other areas of her brain. Tragically, it is inoperable due to its location and nature.
• The only treatment they can provide Phoenix is radiation therapy, which may help to slow the progression of the tumor but is not a cure.
Every little helps, your donation will be greatly appreciated by the ZIWI and FDF whānau.
James Leefe's involvement (page creator)
Family friend
Use of funds
Anything the family needs during this difficult time.",Anything the family needs during this difficult time.,"Created by
James Leefe  




      Paying to a verified bank account of
Henitimiri Purcell      on behalf of her daughter, Phoenix",Page Moderated,,,
Akeilla’s Alopecia Wig,A page to support me to get the wig that will help my journey of self-confidence.,https://static.givealittle.co.nz/assets/hero/0ce73f1c-b596-43d4-8545-b337013a1461-320:False,https://givealittle.co.nz/cause/akeillas-alopecia-wig,2000,2000,closed,Read more,https://givealittle.co.nz/cause/akeillas-alopecia-wig,12 Aug 2025,30 Sep 2025,0,"Torbay, Auckland",30,"Hi, my name is Akeilla, and I’ve been living with Alopecia Areata since I was 3 years old. That means for nearly 14 years, I’ve battled with losing my hair — and with it, a lot of the confidence many people take for granted.
Growing up, I’ve been called names, stared at, and made to feel “different” in ways no child should have to. Alopecia isn’t just about losing hair — it’s about losing a part of your identity, and constantly feeling like you have to hide or explain yourself.
For as long as I can remember, I’ve only ever been able to wear my hair down to try and hide my bald patches. Even then, they can still be seen if the wind blows or I move a certain way. I’ve never been able to style my hair freely like other people my age, and it’s been a constant reminder of something I wish I could change.
I’ve always wanted to feel the same confidence others have, to feel normal when I look in the mirror. A high-quality wig would mean the world to me. It wouldn’t just be hair — it would be a piece of my self-esteem, a shield from cruel comments, and a step toward loving myself again.
Unfortunately, I haven’t been able to get a job yet, and wigs that look natural and last a long time are expensive. That’s why I’m turning to the kindness of others. Your support — whether big or small — will help me take a step toward feeling comfortable in my own skin again.
Thank you for reading my story, and for any help you can give. Even sharing this page means more than you know.
Use of funds
A wig to support me.
Other page links
on Facebook
on Instagram",A wig to support me.,"Created by
Akeilla Berger  




      Paying to a verified bank account of
Sacha  Berger",Page Moderated,,,
Against All Odds - a story of  courage no one should ever have to show,"My brave, kind and gentle friend Ian,  battling a vicious cancer, needs some help to stay with us for as long as possible.",https://static.givealittle.co.nz/assets/hero/1aa9ab60-6720-4c8a-b261-b33600f0c45e-320:False,https://givealittle.co.nz/cause/against-all-odds-a-story-of-courage-no-one-should,34698,105000,106 days to go,Donate,https://givealittle.co.nz/donate/cause/against-all-odds-a-story-of-courage-no-one-should,12 Aug 2025,11 Feb 2026,1,"Pakuranga, Auckland",140,"In August 2024, Ian received devastating news: he was diagnosed with stage 4 cholangiocarcinoma, an aggressive cancer of the bile ducts in his liver. Without treatment, his life expectancy was 3 to 6 months, with treatment, it could be extended to 6 to 12 months. Due to delays in accessing a timely consultation, Ian and his family funded private treatment to maximise his survival time. They’ve paid over $160,000 for chemotherapy, immunotherapy, imaging, and specialist consultations.
However, things have changed. Immunotherapy has now failed and his tumours grown. He can’t work due to his rapidly progressing illness. Pemigatinib was identified as a new drug that may extend his life by a further 12 months, with a very small chance of an extra year. This medication is not publicly funded and costs $7,775 per three-week cycle. Continuous administration is required to maintain efficacy.
Ian and his family need $100,000 to fund 12 cycles of Pemigatinib. On top of this, there will be other associated medical expenses. After 12 cycles, the cost of Pemigatinib reduces to $50 per cycle. Ian remains committed to pursuing all options and hopes to continue his treatment for as long as possible with additional support.
Ian, a much loved father, husband, son, brother, friend and colleague whose kindness and integrity knows no bounds, has thus far fought hard with incredible courage, to beat the odds and with your help, for which he is gratefull, will continue to do so for as long as possible.
Asma Bashir's involvement (page creator)
Ian, was a work colleague, became a friend and is more like family now. Ian and his wife are an integral part of my urban whanau.
Use of funds
The money will be spent on Pemigatinib which is potentially life enhancing but not publicly funded for a year, and consultations","The money will be spent on  Pemigatinib which is potentially life enhancing but not publicly funded for a year, and consultations","Created by
Asma Bashir  




      Paying to a verified bank account of
Ian Milnes",Page Moderated,,,"on 15 Aug 2025
Kylie asks
Hi, I work for a charity called TimeOut. We connect generous holiday homeowners across New Zealand with people diagnosed with stage 4 cancer or an incurable illness, offering them the chance to enjoy a much-needed break and spend quality time with loved ones.
If you’re interested in applying or would simply like to learn more, we’d love to support you.. As a small charity, we can’t always guarantee a suitable match - particularly for larger groups - but we do our very best to help. Recipients can apply online at www.timeoutnz.org or get in touch with us directly at info@timeoutnz.org with any questions. Take care, Kylie
Asma
Hi Kylie, thanks so much for reaching out. What a fantastic initiative. Let me ask Ian and his family if they are up to taking this up and get back to you."
Shade's Heart transplant Journey,Helping my beautiful son with his Heart Transplant Journey with family support.,https://static.givealittle.co.nz/assets/hero/3dbcb1b1-a454-4080-814b-b34d00c5bd5c-320:False,https://givealittle.co.nz/cause/shades-heart-transplant-journey,1190,0,74 days to go,Donate,https://givealittle.co.nz/donate/cause/shades-heart-transplant-journey,12 Aug 2025,10 Jan 2026,0,"Christchurch, Canterbury",25,"💙 Our Boy Needs a New Heart — and We Need Your Help
At just 18, our son should be dreaming about his future — not waiting for the call that will save his life. A heart transplant is his only chance, and while we wait, we’re doing everything we can to be ready. But we can’t do it alone.
Right now, we’re in a waiting period, as the transplant team has advised us to hold on until the time is right. This means regular hospital visits, ongoing treatment, and being prepared at a moment’s notice for when that life-changing call comes.
We’re incredibly grateful for the care he’s receiving, but not all costs are publicly funded. We’re facing unexpected expenses — from travel, accommodation near the hospital, food, and taxis, to caring for our family dog while we’re away for four weeks in Auckland. Even ferry fares and petrol quickly add up.
Your generosity will help cover:
• Grandparents’ travel so they can be by our side
• Cattery care for our pets while we’re away
• Travel, accommodation, and food in Auckland during surgery and recovery
• Post-surgery care and follow-up appointments
• Essential family expenses while we’re away from home
No donation is too small, and every share helps us reach more people who might be able to help. From the bottom of our hearts, thank you for standing with us during this emotionally and financially challenging time.
With love and gratitude,
Our Family ❤️
Use of funds
Accommodation.
Food expenses
Flights.
Taxi /Uber
Dog cattery
Pet care for our pets while we are away.
Anything that will be involved for the four of us.
Other page links
i.stuff.co.nz/national/health/125953294/mothers-anguish-as-son-develops-same-condition-that-killed-her-brothers",Accommodation.Food expensesFlights.Taxi /UberDog catteryPet care for our pets while we are away.Anything that will be involved for the four of us.,"Created by, and paying to a verified bank account of,
      
        Jessica Campbell",Page Moderated,3,"Shade update
3 September 2025
Hey there i would love to say thank you to all the beautiful people out here that have donated and shared shade's givealittle. As of the 1st of September shade is now on the ACTIVE heart transplant list. Everything counts we will always forever be greatful 🙏
Much love from my family to yours❤️❤️
The donations will take some stress of been away from home when that time comes 🙃 we are waiting and ready
Share this update
0 comments  |  Login to leave a comment
Donations
24 August 2025
Thank you so much to everyone that has giving a donation to help towards shades heart transplant journey ❤️ every little bit counts,also thank you to those who have also shared this on there social media 😀 😊 😄
Share this update
0 comments  |  Login to leave a comment
Shade's dental work
13 August 2025
Shade's dental work is been sorted out with the CDHB so we are just waiting for that to be done so he can be listed, also yes I am funded for my flights and part of my accommodation while shade is in ICU and the ADHB. We have two others that are not funded eg (my parent's) They are on this journey with shade and myself.
Share this update
0 comments  |  Login to leave a comment",
ProMedical needs a new ventilator!,Help us help the people,https://static.givealittle.co.nz/assets/hero/bcd60782-39de-49e6-92f6-b33700925acd-320:False,https://givealittle.co.nz/cause/promedical-needs-a-new-ventilator,12554.97,15000,closed,Read more,https://givealittle.co.nz/cause/promedical-needs-a-new-ventilator,12 Aug 2025,7 Sep 2025,0,International,56,"ProMedical is a non-government charitable ambulance service in Vanuatu. We receive no direct funding for daily operations from the Government.
On Friday 8th August our Critical Care Paramedic responded to a remote island of Vanuatu to a major incident with 16 people injured in a vehicle roll over. One of the patients was a 13yof who had her whole life ahead of her. There were 12 people either critically or seriously injured that needed medical evacuation flights back to the tertiary hospital in Port Vila. This young teen had a traumatic brain injury and needed the best possible chance of survival, so she was intubated to help protect her brain. This meant that once she was given medication to paralyse her and stop her breathing on her own, someone else had to ventilate her. This took a bit of a turn when we found out our initial flight was now going to be 2-3hrs later than planned to CAAV laws. We now had to hand ventilate her for 4.5hrs. This was a mammoth task and it is for this reason we are reaching out to the community to help ProMedical purchase new state of the art battery powered ventilator!
We need one that operates for at least 6 hours on a battery as we do not always have a substantial oxygen supply - as an example on this flight we had 3 other critically unwell children which all required use to share the oxygen around - 3 with traumatic brain injuries.
The planes we operate in are extremely small with very little room to operate in.
Jeff Mabbett's involvement (page creator)
I am their Critical Care Paramedic and Chief Executive Officer.
Use of funds
Funds raised will go towards a new ventilator. If there is money left over we would replace our aging syringe drivers to help keep people sedated during flights.
Other page links
on Facebook",Funds raised will go towards a  new ventilator. If there is money left over we would replace our aging syringe drivers to help keep people sedated during flights.,"Created by, and paying to a verified bank account of,
Jeff Mabbett      on behalf of ProMedical Vanuatu",Page Moderated,3,"Ventilator has arrived!
16 September 2025
Today we received our new ventilator! Thank you everyone!!
Share this update
0 comments  |  Login to leave a comment
New goal
18 August 2025
Let’s see if we can smash $15,000!
Share this update
0 comments  |  Login to leave a comment
Target met but let’s go harder!
18 August 2025
While our target has been met, and I think you all for the support - we are a charity in Vanuatu and will make use of any additional funds to help kit our flight medics out with quality gear! So keep those donations coming :)
Share this update
0 comments  |  Login to leave a comment",
Help Meghan Survive a Transplant and Live the Life Lung Disease Denied Her,Meghan needs a transplant after living a severely limited life. Please help her live the best life she can with whatever time she has ahead.,https://static.givealittle.co.nz/assets/hero/98542b3b-c0ce-4056-b4fc-b33700046bba-320:False,https://givealittle.co.nz/cause/help-meghan-live,12100,0,289 days to go,Donate,https://givealittle.co.nz/donate/cause/help-meghan-live,12 Aug 2025,13 Aug 2026,0,Wellington,153,"Lung disease has stolen ordinary experiences from Meghan. Even small daily tasks leave her exhausted, keeping her world very small. Most of her life has been spent within four walls, watching the world pass by from a window.
Her lungs were damaged from birth by a heart defect. She had open-heart surgery at just 4 years old but her lungs never recovered and have steadily worsened over time. Now she’s waiting for a double lung transplant to save her life at age 32. Even with the transplant, she may never see her 40th birthday.
It’s heartbreaking to think this might be the best “life” she gets: stuck indoors, missing out on the things others take for granted. She deserves so much more.
Meghan has fought with everything she has - earning qualifications and even writing a book - but her illness has left her severely limited, both physically and financially. Now I care for her full-time as she struggles through each day.
We worry constantly about her health, her prognosis, and how to cover our bills. With available support covering barely half our expenses, we're only months away from losing our rental - and when Meghan gets her new lungs, that miracle will bring new costs and challenges to overcome.
Those who love Meghan desperately want her to have some joy, especially with no guarantee around the time she has left. Please offer your support to provide her with quality of life, essential care, and the chance to truly live - not just survive.
Tim Holland's involvement (page creator)
Meghan has been my other half for 16 years. Her positivity and determination in the face of constant struggle are a daily reminder of true strength. I can’t imagine life without her, and it breaks my heart to see her suffer every day.
Use of funds
Essential living costs and bills, now and during the months of recovery, along with a safe environment while on strong immuno-suppressants. And, if possible, help to bring Meghan's new life some joy through new experiences and a step toward stable housing.
Other page links
www.stuff.co.nz/nz-news/360791034/strangers-lungs-could-save-womans-life-time-running-out","Essential living costs and bills, now and during the months of recovery, along with a safe environment while on strong immuno-suppressants. And, if possible, help to bring Meghan's new life some joy through new experiences and a step toward stable housing.","Created by
Tim Holland  




      Paying to a verified bank account of
Meghan Robson",Page Moderated,2,"A Heartfelt Thank You
22 August 2025
We can’t thank you all enough for the overwhelming love and support that has poured in this week. Each message, donation, and gesture of kindness has lifted our spirits more than we ever could have imagined.
We meant to share this sooner but it has been a crazy week. Please know how deeply grateful we are, even if our thanks are arriving a little later than planned.
Your generosity and encouragement mean the world to us, and we feel so lucky to have such an incredible community behind us. Thank you all, truly, for being amazing. ❤️
Share this update
0 comments  |  Login to leave a comment
Meghan's Story on Stuff
18 August 2025
Hi everyone,
For anyone interested, an article about Meghan's story has been published on Stuff this morning - https://www.stuff.co.nz/nz-news/360791034/strangers-lungs-could-save-womans-life-time-running-out.
You might also see her featured on Three News tonight. We were very anxious about doing this, but we're happy with how the article turned out and how respectful the journalist, Nicholas Jones, has been throughout the process.
We also want to say how thankful we are for all the support we've received today from those of you who have read the article. It's been incredibly touching reading the kind messages and seeing the encouragement flood in.
Share this update
0 comments  |  Login to leave a comment",
Help Jacki fight cancer,Fundraising for cancer treatment,https://static.givealittle.co.nz/assets/hero/cd600f4b-1929-4a65-9719-b3360173b174-320:False,https://givealittle.co.nz/cause/help-jacki-fight-cancer,11785,16000,287 days to go,Donate,https://givealittle.co.nz/donate/cause/help-jacki-fight-cancer,11 Aug 2025,11 Aug 2026,1,Auckland,50,"In June this year, our lives changed forever when my sister Jacki was diagnosed with melanoma — an aggressive skin cancer that spreads far too quickly.
We are now looking at all options of treatment as she has advanced stages of metastasised melanoma
Jacki is single mum to a beautiful 8 year old daughter and a woman of deep faith, devoted to Jesus, and she faces this battle with courage, hope, and prayer. She believes in the power of God’s healing and draws strength from the many friends, family, and kind strangers who are lifting her up in prayer every day.
She’s also the kind of person who lights up every room — generous, funny, and endlessly caring. She’s always been the one to help others in their time of need, and now she’s the one who needs our help.
Since her diagnosis, Jacki’s weeks have been filled with doctor visits, scans, and surgeries. The emotional toll has been huge — and so has the financial one. Medical bills, travel to specialists, and everyday living costs are adding up fast.
Your donation will go directly toward helping Jacki access life-extending treatments, cover essential expenses, such as travel to hospitals, treatment centres and specialists.
Whether you give financially or through prayer, please know that every gift matters. If you can’t donate, simply sharing Jacki’s story and keeping her in your prayers means the world to us.
From the bottom of our hearts — and with faith in God’s plan — thank you for standing with Jacki in this fight.
Lauren Atui's involvement (page creator)
Jacki is my older sister
Use of funds
Funds raised will go towards Flights, treatments, and living expenses.","Funds raised will go towards Flights, treatments, and living expenses.","Created by
Lauren Atui  




      Paying to a verified bank account of
Jacki Verryt",Page Moderated,3,"PET SCAN RESULTS
20 September 2025
Jacki’s PET scan results came back and she is CANCER FREE!!!!
We are beyond grateful for this blessing and so thankful for all the love and prayers that have carried her through. 💕
As we celebrate this amazing milestone, we’re still working to raise funds to help cover expenses already incurred from previous treatments, as well as the cost of Jacki’s ongoing preventative care. These treatments are an important part of keeping her healthy and strong, and every donation—big or small—makes such a difference.
Thank you for continuing to walk alongside us on this journey. Your support means more than words can say.
Share this update
0 comments  |  Login to leave a comment
Goal increase
3 September 2025
We are updating the goal amount to reflect the necessary costs of Jacki’s treatments.
Share this update
0 comments  |  Login to leave a comment
Update on Jacki
31 August 2025
Update on Jacki
Jacki’s first surgery in June was unsuccessful in removing all traces of cancer and biopsy results of the surgery site revealed stage 2b.
The second surgery in July was also unsuccessful in removing all traces of the cancer and biopsy results of the lymph nodes revealed stage 3b.
This coming week Jacki will be having a PET scan which will show if it is still actually stage 3b, has reduced, or if it is actually already stage 4. Results may take a few weeks to receive. It’s tough to be patient in times like these.
Jacki has had difficulty walking in the last two months, however the good news is she’s slowly getting stronger and a bit more mobile each day.
We can’t even begin to express how grateful we are for the generosity of those who’ve helped financially—it’s what’s made it possible for her to keep getting the tests and treatment she needs. From the bottom of our hearts, thank you for your kindness, thoughtfulness, and support. It truly means the world.
Share this update
0 comments  |  Login to leave a comment","on 15 Aug 2025
Kylie asks
Hi, I work for a charity called TimeOut. We connect generous holiday homeowners across New Zealand with people diagnosed with stage 4 cancer or an incurable illness, offering them the chance to enjoy a much-needed break and spend quality time with loved ones.
If you’re interested in applying or would simply like to learn more, we’d love to support you.. As a small charity, we can’t always guarantee a suitable match - particularly for larger groups - but we do our very best to help. Recipients can apply online at www.timeoutnz.org or get in touch with us directly at info@timeoutnz.org with any questions. Take care, Kylie
This question has not been answered yet."
815런 광복절 기념 달리기 Liberation Day Run,Running 8.15km on Korea’s Liberation Day to fund homes for descendants of independence patriots. Join & share #NZ815Run,https://static.givealittle.co.nz/assets/hero/0efde544-493b-4a4e-9315-b3360151070e-320:False,https://givealittle.co.nz/cause/815run,400,0,closed,Read more,https://givealittle.co.nz/cause/815run,11 Aug 2025,31 Aug 2025,0,Auckland,12,"🇰🇷 815런 - 광복절 기념 러닝
션(Sean)님의 815런을 보고 큰 영감을 받아, 저도 올해 광복절(8월 15일)에 North Shore에서 8.15km를 달리며 모금을 하려고 합니다. 이 뜻깊은 날을 많은 분들과 함께 하고싶습니다!
모인 금액은 한국해비타트에서 진행하는 ‘독립유공자 후손 주거개선 캠페인’에 전달되어 독립유공자 후손분들의 집을 지어드리는 일에 쓰입니다.
러너분들은 캠페인 기간동안 8.15km 달리고, 인스타그램에 #NZ815Run 태그 달고 인증샷과 이 캠페인 링크를 쉐어해주세요.
우리나라를 되찾기 위해 젊음과 목숨을 희생하신 독립운동가를 기억하는 의미있는 러닝에 함께 해주세요 🏃‍♀️🇰🇷
*본 기부 캠페인은 션과 한국해비타트가 주관하는 815런에 공식 허가를 받아 진행하고 있습니다.
This year, on Korea’s Liberation Day (August 15th), I’ll be running 8.15km in North Shore.
After seeing Sean’s giving runs, I felt inspired to mark this special day in a meaningful, active way.
Funds raised will go towards building homes for the descendants of Korean independence patriots.
All funds will be donated to Habitat Korea’s campaign.
After donating, join me for the run and share your photo on Instagram.
Don’t forget the hashtag #NZ815Run so we can spread the meaning together.
Jeeyoon Kang's involvement (page creator)
I’m organising this run to support the descendants of Korean independence patriots by raising funds on their behalf. I will collect donations and ensure they are fully given to Habitat Korea’s housing campaign for these families.
Use of funds
The money will be spent on building homes for the descendants of Korean independence patriots through Habitat Korea’s campaign.",The money will be spent on building homes for the descendants of Korean independence patriots through Habitat Korea’s campaign.,"Created by, and paying to a verified bank account of,
Jeeyoon Kang      on behalf of Habitat for Humanity Korea",Page Moderated,,,
A chance for treatment,Glioblastoma Dendritic Cell treatment for Deb,https://static.givealittle.co.nz/assets/hero/205185cf-b105-4cc8-8b3e-b336013244a7-320:False,https://givealittle.co.nz/cause/a-chance-for-treatment,14731,0,285 days to go,Donate,https://givealittle.co.nz/donate/cause/a-chance-for-treatment,11 Aug 2025,9 Aug 2026,0,"Masterton, Wellington",128,"An ordinary visit to the optometrist complaining about how her glasses cut off her peripheral vision, lead to a diagnosis of Glioblastoma (Grade IV brain tumour) for Mum in June 2024. She then had a craniotomy followed by chemo and radiation.
This is not a well funded or well researched type of cancer, and being in New Zealand has meant that we have even less options than most. After our last scan which showed regrowth, we were advised no further surgery is available to us, and there aren't any options left for us at home.
After a lot of research, we are heading to Germany in September 2025 for dendritic cell treatment, there is a lot of information out there and this is the treatment we feel is the best move forward. There is no cure for this cancer yet, we can only do our best at keeping it at bay. Dendritic treatment aims to have your immune system identify and attack the cancer cells. The downside for this treatment is the initial upfront costs, time away from home, and then ongoing maintenance + costs. Due to the cost of this and offers of help from many, we have set this page up as a way for people to assist in this process if they wish.
We remain optimistic and Mum's only symptom is the slight vision loss. We hope to keep it that way!
We greatly appreciate your support through this time, updates to be posted on the page as we feel ready to share. As a family, we do keep things a bit private so it has taken a bit to swallow humility and ask for help in this process.
Sophie Hopkirk's involvement (page creator)
Deb is my mum
Use of funds
Dendritic cell treatment and costs associated, such as travel and maintenance.
Other page links
debsgivealittle.wixsite.com/home","Dendritic cell treatment and costs associated, such as travel and maintenance.","Created by, and paying to a verified bank account of,
Sophie Hopkirk      on behalf of Debs Glioblastoma Treatment",Page Moderated,2,"Celebrating the best news after surgery!
20 September 2025
Germany gave us some new hope with laser ablation, a less invasive surgical option to remove the tumour.
When we had the first MRI our heart sank when the doctor said usually they would only consider surgery if they could get 97% and their surgical planning put Mum at only 92%. However, because Mum's also doing immunotherapy, our surgeon called our immunotherapy doctor and decided to go ahead as even opening the blood-brain barrier and removing as much as possible would be beneficial.
After the surgery, the doctor said that it went better than expected and they were really chuffed with how it went.
On Thursday, we had the week follow-up and finally got the removal percentage. 98%!! Best bloody news we could have hoped for 🥳.
Feeling really lucky to have these medical options available to us and that the doctors from different hospitals and had never spoken to each other previously, just worked so completely in with each other and had genuine interest in how the other worked. While in the hospital after surgery, the immunotherapy doctor popped in to give mum her first vaccine of immunotherapy. We now have a 3 weeks off while Mums cells start recognising the remaining cancer cells and get to fighting them!
Home and recovering, its a bit slower days for Mum at the moment but have settled into our own little flat in Cologne which we'll stay put in until we leave in November.
Share this update
0 comments  |  Login to leave a comment
A great big thank you
16 August 2025
Mum and I have felt very overwhelmed with the love and support we have received from so so many people. We cannot thank everyone enough for the support we have received.
Flights and treatment is now booked in and we leave for Germany on 31 August. Been a scramble to get it all organised so quickly but feel very optimistic about the treatments we are able to receive.
Share this update
0 comments  |  Login to leave a comment",
Tiny fighter Ridge needs your support,Tiny fighter Ridge needs your support,https://static.givealittle.co.nz/assets/hero/803f4043-6048-444b-93df-b3360109945e-320:False,https://givealittle.co.nz/cause/tiny-fighter-ridge-needs-your-support,4980,0,closed,Read more,https://givealittle.co.nz/cause/tiny-fighter-ridge-needs-your-support,11 Aug 2025,21 Aug 2025,0,"Greymouth, West Coast",96,"Blackballs gorgeous 13 month old Ridge had a bug early last week, nothing remarkable, clear snot, no temperature, was drinking, eating and playing as normal.
Friday he developed a slight cough, again, nothing remarkable, it was dry, no bark no wheeze no high pitch noise.
By early hours Saturday he had a slight rattle in his chest and he was quite fractious so he was taken into ED to have him checked. They admitted him with just below normal O2 levels and diagnosed him with bronhiolitis, again, nothing remarkable.. just to monitor him. By Saturday afternoon his breathing was laboured so they decided to fly him to chch hospital, by the time the plane arrived he had to be intubated cos he couldn't maintain his breathing at all. He's been in ICU since in an induced coma.
Negative swabs for RSV, Covid and the flu.
As most of you know Ridge has a 4 week old sister, Bobby is the household sole provider and has had to take time off work at this stressful time to take care of her while Billie is bedside with Ridge.
Lauren Secker's involvement (page creator)
Friend
Use of funds
All funds will help support Ridge’s parents while they take time off work to care for him during his recovery. This will ease the financial stress so they can focus on giving him the love and attention he needs to get well",All funds will help support Ridge’s parents while they take time off work to care for him during his recovery. This will ease the financial stress so they can focus on giving him the love and attention he needs to get well,"Created by
Lauren Secker  




      Paying to a verified bank account of
Billie Canning",Page Moderated,,,
Urgent Support Needed for My Brother’s Heart Surgery,Urgent Support For My Brother’s Heart Surgery,https://static.givealittle.co.nz/assets/hero/4c061831-454c-44a5-872d-b33600e71129-320:False,https://givealittle.co.nz/cause/urgent-support-needed-for-my-brothers-heart,3635,10000,closed,Read more,https://givealittle.co.nz/cause/urgent-support-needed-for-my-brothers-heart,11 Aug 2025,1 Sep 2025,0,Auckland,41,"My name is Adam Ali, living in New Zealand and I’m fundraising for my older brother living in Ba, Fiji, Azim Ali, who urgently needs life-saving heart surgery in India.
My brother has been battling a serious heart condition, and his doctors have advised that surgery is the only way to save his life.
The travel, surgery and associated medical expenses are expected to cost around $30,000 FJ ($22,000 NZD)
Every dollar raised will go directly towards:
• The flight costs
• The heart surgery
• Hospital care and recovery costs
• Necessary medications and post-surgery treatment
My brother is a loving father/brother/uncle who has always been there for those around him. He is kind, hardworking, and deeply loved by our family and community. We want nothing more than to see him healthy again and able to enjoy life without pain.
We’re asking for your kindness and generosity in helping us raise these funds as soon as possible so the surgery can be scheduled without delay.
Every donation, big or small, will make a difference - and if you’re unable to donate right now, please consider sharing this campaign with your friends and family to help us reach more people.
From the bottom of our hearts, thank you for your support, prayers, and love.
– Adam Ali & Family
Adam Ali's involvement (page creator)
I am his younger brother and am helping raise funds for his medical care.
Use of funds
Every dollar raised will go directly towards:
• The flight costs
• The heart surgery
• Hospital care and recovery costs
• Necessary medications and post-surgery treatment","Every dollar raised will go directly towards:• The flight costs•	The heart surgery•	Hospital care and recovery costs•	Necessary medications and post-surgery treatment","Created by, and paying to a verified bank account of,
Adam Ali      on behalf of My older brother, Azim Ali",Page Moderated,,,
Fight for Briar,I am fighting to raise funds for Briar and Elsie as they fight for time and make memories.,https://static.givealittle.co.nz/assets/hero/d677e028-0560-48a3-bcc6-b33600a57c95-320:False,https://givealittle.co.nz/cause/fight-for-briar,1100,0,closed,Read more,https://givealittle.co.nz/cause/fight-for-briar,11 Aug 2025,5 Oct 2025,0,"Balclutha, Otago",22,"On the 4th of October I will be stepping into the ring as part of Punch for Purpose 5. I have chosen to fight to raise funds for the lovely Briar. In March this year, at just 23, Briar got the devastating news that she has stage 4 colon cancer. Unfortunately, the prognosis is not good.
As Briar faces this battle ahead she also has wee Elsie, her 2 year old daughter to worry about. Elsie is the center of Briars world and Briar the entirety of hers. Throughout this journey Elsie is going to require immense support. It is important to Briar and her family that they have the ability to make and preserve memories for Elsie going forward. Things that she can treasure as she grows up.
Every training, every punch and every dollar raised will be with Briar and Elsie in mind. The funds raised from this page will go towards helping with travel and medical costs. Helping ease the financial burden on Briar and her family, allowing them time and funds to create precious memories.
Join me on my journey to the ring and help me raise valuable funds for Briar as she fights for time.
Alicia Gillies' involvement (page creator)
The beneficiary of this fundraiser will be Briar and her daughter Elsie.
Use of funds
The money will be used to go towards traveling for medical appointments and to help provide for Elsie during this time.",The money will be used to go towards traveling for medical appointments and to help provide for Elsie during this time.,"Created by
Alicia Gillies  




      Paying to a verified bank account of
Briar Dawson",Page Moderated,,,
Kristie's Worldwide Circle of Care,"To help Kristie & Damo take care of the everyday little things, so they can focus more energy on the bigger ones.",https://static.givealittle.co.nz/assets/hero/e43101f2-af90-4b95-8647-b33301809ef4-320:False,https://givealittle.co.nz/cause/kristies-worldwide-circle-of-care,2260,0,11 days to go,Donate,https://givealittle.co.nz/donate/cause/kristies-worldwide-circle-of-care,11 Aug 2025,8 Nov 2025,0,Wellington,7,"To help Kristie & Damo take care of the everyday little things, so they can focus more energy on the bigger ones.
Andrew Stockton's involvement (page creator)
Her circle of friends who are spread around the world
Use of funds
Anything they need, for example, getting a weekly cleaner, convenient dinners on weeknights etc.","Anything they need, for example, getting a weekly cleaner, convenient dinners on weeknights etc.","Created by
Andrew Stockton  




      Paying to a verified bank account of
Frances Paku      on behalf of Kristie Ridgway",Page Moderated,,,
Help Support Don Tamihana in His Final Journey,Fundraising for living costs and care for don dealing with terminal cancer,https://static.givealittle.co.nz/assets/hero/4dcf0850-6f7b-476a-b597-b33500dda173-320:False,https://givealittle.co.nz/cause/help-support-don-tamihana-in-his-final-journey,1370.08,0,closed,Read more,https://givealittle.co.nz/cause/help-support-don-tamihana-in-his-final-journey,10 Aug 2025,22 Oct 2025,1,"Milson, Palmerston North",10,"For over 21 years, my stepfather, Don Tamihana, has been a friendly and familiar face in our community as a local driver of cab 28 at Palmerston North taxis. More than just getting people from A to B, Don was known for his kindness, his listening ear, and his genuine care for everyone he met. He prayed for his passengers, encouraged them, and made sure they felt safe and valued.
Outside of work, Don’s heart for people never stopped. He quietly helped feed the homeless and those doing it tough, asking nothing in return. He’s given so much to our community — now he’s the one who needs our help.
Don has been diagnosed with terminal cancer, and the time we have left with him is short. He can no longer work, and we want to ensure he is comfortable, supported, and surrounded by love ones. Funds raised will go towards his care costs, living expenses, and helping our family make the most of the precious time we have left together.
If Don has ever driven you home, shared a prayer with you, or simply brightened your day with his smile, please consider giving back to the man who has given so much to others. Every donation, no matter how small, will make a real difference.
From our family to yours — thank you for your kindness, generosity, and prayers.
Mike Lockwood's involvement (page creator)
My father
Use of funds
Donations raised will go towards living costs",Donations raised will go  towards living costs,"Created by, and paying to a verified bank account of,
Mike Lockwood      on behalf of Don Tamihana",Page Moderated,2,"Final Update on Don’s Journey 14 October 2025
20 October 2025
It’s with heavy hearts that we share that Don passed away peacefully at home on the 14th of October, surrounded by his loving family. He fought with incredible courage and strength right to the very end.
Mum was by his side every step of the way, just as she has been through this entire journey — her love and care never wavered. Don was safe, loved, and held close by those who meant the most to him.
Our family is deeply grateful for the outpouring of kindness, messages, prayers, and donations that have supported us through these difficult months. Your love has lifted us in ways words can’t describe.
Thank you for standing with Don and with us. His strength, humour, and heart will live on in all who knew him.
Rest easy, Don — forever loved. 💛
Share this update
0 comments  |  Login to leave a comment
Update on Dons journey
24 September 2025
Don has been showing his trademark strength and determination through this incredibly tough time. While he was doing well at home for a while, the cancer has now taken away his ability to walk. He’s been back in hospice care as we work together on finding the best way to manage things and ensure he still has as much quality of life as possible.
The team is helping us explore whether he can return home with the right support, or if moving into aged care might be needed to keep him safe and comfortable. Over the past year, Don has faced cancer all through different parts of his body, and each time he has met it head-on with courage and resilience.
We are so grateful for the love, support, and kindness shown by everyone following Don’s journey. Every message, prayer, and donation has helped lift him up and reminded him he’s not facing this battle alone. Mum has been so strong in tackling everything so far right by Dons side through everythng.
Thank you for standing with Don and our family as he continues to fight hard, in true Don style.
Share this update
0 comments  |  Login to leave a comment","on 15 Aug 2025
Kylie asks
Hi, I work for a charity called TimeOut. We connect generous holiday homeowners across New Zealand with people diagnosed with stage 4 cancer or an incurable illness, offering them the chance to enjoy a much-needed break and spend quality time with loved ones.
If you’re interested in applying or would simply like to learn more, we’d love to support you.. As a small charity, we can’t always guarantee a suitable match - particularly for larger groups & lower North Island region - but we do our very best to help. Recipients can apply online at www.timeoutnz.org or get in touch with us directly at info@timeoutnz.org with any questions. Take care, Kylie
Mike
Hi kyle thank you for your offer its very appreciated i will mention it to my mum and see if its something we can get my step dad to do. Hes currwntly in hospital at the moment with a infection and isnt to well. Will be in touch thank u"
Rowan's Making Moves,Rowan's Journey To Getting Stronger,https://static.givealittle.co.nz/assets/hero/d28b4c56-93df-43c2-ad85-b33500c39319-320:False,https://givealittle.co.nz/cause/rowans-making-moves,3515,8000,closed,Read more,https://givealittle.co.nz/cause/rowans-making-moves,10 Aug 2025,30 Sep 2025,0,"Springfield, Rotorua",50,"💙 Rowan’s Big Goal! 💙
In 2022 Rowan was diagnosed with Duchenne Muscular Dystrophy, Hypermobility and recently Periventricular Leukomalacia – essentially it’s an area of the brain which has changed due to a lack of oxygen (usually at birth in premature babies). Which is affecting his right side of his body.
Our amazing Rowan has the chance to take part in an intensive therapy programme right here in Rotorua at the Centre of Movement. This will help build his strength, mobility and independence — and we’re so excited for what it could mean for his future!
The programme costs around $8,000 NZD, and we’d love your support to help make it happen. Any contribution, big or small, will bring Rowan one step closer to this life-changing opportunity.
Thank you for being part of Team Rowan — let’s do this together! 🥰✨
Kirstie Weigel's involvement (page creator)
I am Rowans Mum
Use of funds
Intensive Thearapy",Intensive Thearapy,"Created by, and paying to a verified bank account of,
Kirstie Weigel      on behalf of Rowan Gooch",Page Moderated,3,"Rowan did it!!
27 September 2025
Just like that! 3 weeks of intensive therapy for Rowan! Rowan has absolutely nailed it! He has gained so much confidence, movement and the ability to trust himself and get out of his comfort zone to achieve things he didn't know he could! We are so proud of him! Thanks again to everyone who made this possible! Mum and dad have learnt new things and made new friends who we can relate to! Here's to the future!
Share this update
0 comments  |  Login to leave a comment
Rowan is amazing 👏
12 September 2025
Rowan has had the best week!! He has done so many neat things and has gained so much confidence, he made new friends and will probly be running the place soon enough! We are so proud of him and so thankful for everyone who helped him get to the Centre of Movement! 1 week down 2 to go 🥰
Share this update
0 comments  |  Login to leave a comment
Thank you!!!!
14 August 2025
Thank you each and every one of you for the donations, messages and support!! We are blown away! Thanks to you all we are booked in for Rowans Therapy on the 8th Of September!! We can pay the deposit and some of the treatment!!
Share this update
0 comments  |  Login to leave a comment",
Fanie's Fight: Help Him Beat Oral Cancer,"This page supports Fanie, a dairy worker battling oral cancer, and his family as they face surgery, treatment and financial hardship.",https://static.givealittle.co.nz/assets/hero/83f0f7d3-803c-4590-a321-b33500b8fd97-320:False,https://givealittle.co.nz/cause/fanies-fight-help-him-beat-oral-cancer,5390,10000,105 days to go,Donate,https://givealittle.co.nz/donate/cause/fanies-fight-help-him-beat-oral-cancer,10 Aug 2025,10 Feb 2026,0,Waikato,26,"Fanie, a 51-year-old dairy worker and father of two, faces a tough battle against aggressive oral cancer. Reconstructive surgery, radiation and chemotherapy lie ahead, preventing him from work for 6 - 12 months. His wife will be his caregiver, significantly impacting their income.
Fanie is also wonderfully creative, and crafts intricate clocks, festive Christmas ornaments, beautiful jewellery boxes, and so much more. But for now, the sawdust must settle. A necessary pause for recovery due to the risk dust particles poses post-surgery.
Please donate to support Fanie and his family through this challenging time.
Edna Hendriks' involvement (page creator)
As a long-time friend of the family I am asking for your support to help Fanie and his family navigate this difficult chapter.
Use of funds
Rent, travel cost, daily living expenses such as electricity and food.","Rent, travel cost, daily living expenses such as electricity and food.","Created by
Edna Hendriks  




      Paying to a verified bank account of
Gabriel (Fanie) van Niekerk",Page Moderated,1,"Update
22 August 2025
On 13 August, Fanie underwent surgery to remove malignant tissue and glands. He spent two days in ICU for close monitoring before being moved to a private ward on 15 August. We're relieved to share that he was discharged home on 21 August. However, he still requires hospital-level care due to the breathing and feeding tubes that remain in place.
His incredible wife is taking on all of his care at home, and we can only imagine how physically and emotionally exhausting this must be for her. Please keep sending your love and positive thoughts their way—they mean so much during this challenging time.
There aren’t any new photos just yet, but we’re hopeful to share some in the next week or two. Thank you all for your continued support—it truly makes a difference. Please keep sharing this page link, and feel free to use the QR code to download and pass it along.
Share this update
0 comments  |  Login to leave a comment",
What becomes of the broken hearted...,Asking for help while I'm recovering from major heart surgery...,https://static.givealittle.co.nz/assets/hero/5d00e906-00b5-4afa-9d9c-b335007fdbb1-320:False,https://givealittle.co.nz/cause/what-becomes-of-the-broken-hearted,400,0,13 days to go,Donate,https://givealittle.co.nz/donate/cause/what-becomes-of-the-broken-hearted,10 Aug 2025,10 Nov 2025,0,"Pukehina, Bay Of Plenty",8,"I've had the life changing diagnosis that my heart is officially, tragically, physically broken. Long story short I'll need open heart surgery very soon to fix a prolapsed mitral valve, a hole in my heart, which is enlarged and but wait there's more ... atrial fibrillation. This will require me to have a least 3 months off work recovering... unpaid. Hence the need to raise funds. Up until the op I'll be saving my arse off to help but it still won't be enough to cover costs of living. Just asking for help to get through this life altering diagnosis... please help me fix my heart without becoming homeless in the process... yes, I can be a little dramatic lol...
Use of funds
Costs of living while in recovery.",Costs of living while in recovery.,"Created by, and paying to a verified bank account of,
Rhonda James",Page Moderated,,,
Help Jo Create More Time with Her Son,Triple negative breast cancer which has metastasis to bones. We are fundraising for unfunded treatment Trodelvy (Sacituzumab govitecan-hziy),https://static.givealittle.co.nz/assets/hero/496be5f0-fecd-4d09-9dbe-b334010d1620-320:False,https://givealittle.co.nz/cause/help-jo-create-more-time-with-her-son,53038.23,120000,285 days to go,Donate,https://givealittle.co.nz/donate/cause/help-jo-create-more-time-with-her-son,9 Aug 2025,9 Aug 2026,1,"Wainuiomata, Lower Hutt",401,"Our beautiful friend Jo Bull is facing the fight of her life.
One year ago, Jo was diagnosed with triple negative breast cancer. Despite enduring intense treatment, the cancer has now spread to her bones. Recently, Jo and her family received the devastating news that her condition is now incurable with an average prognosis of 18 months.
Jo is only 43, and has so much more life to live — especially for her precious 3-year-old son, Russell, her loving husband Joel, and her four wonderful stepchildren.
There is hope.
A new medication, currently not funded in New Zealand, could help prolong Jo’s life and give her more precious time with her family. The cost, however, is staggering — around $13,000 per month for 12 months. Without financial help, this option is out of reach.
If you know Jo, you know she is one of the most selfless, caring people you could meet. She has spent her whole life helping and looking after others — now, she needs our help.
We’re asking for your support to help Jo access this medication, so she can spend more time being the mum, wife, and friend she loves to be. Every single day counts.
How you can help:
• Donate whatever you can — no amount is too small.
• Share Jo’s story so it can reach more hearts.
Jo’s greatest wish is to see her little boy grow, make memories, and know his mum’s love for as long as possible. With your help, we can give her that precious gift of time.
💙 From the bottom of our hearts — thank you. 💙
Becky Domonkos' involvement (page creator)
Jo is my little sister, she has a heart of gold and always puts others before herself. Lets pull together to awhi her at this devasting time.
Use of funds
Unfunded treatment (Trodelvy) and to ease financial difficulty at this hard time.
Other page links
on Facebook",Unfunded treatment (Trodelvy) and to ease financial difficulty at this hard time.,"Created by
Becky Domonkos  




      Paying to a verified bank account of
Joanne Cashmore (Maiden name Bull)",Page Moderated,6,"Tracking Slowly
16 October 2025
Posted by: Joanne Cashmore (Maiden name Bull)
Morena, just a quick update. Things are tracking along slowly, we are still only half way to our goal. The Games night fundraiser was a hit for all those who joined us and those that done all the hard work to make it happen. A total of $8k was raised from the night. Our next fundraising event is a Family Fun Day at Wainuiomata Rugby Club giving back to the community with free kids entertainment, market stalls, food Trucks and more, look out for our raffle tables as we have some amazing prizes. For me, im still taking the oral chemo Capecitabine and will find out next month if it is doing any good. Fingers crossed it is as we still have a fair bit of money to raise for the Trodelvy. Pain has been intermittent with a few trips to hospital but still not giving up hope. Again i am very grateful for every single donation, i know times are tough for everyone. 💜🥰
Share this update
0 comments  |  Login to leave a comment
Support Jojo's treatment- let's make a difference together
26 September 2025
Kiaora koutou
We have some important updates regarding Jojo’s treatment. We now have the figures for the cancer treatment, Trodelvy, which is essential to help prolong her life. The first 8 cycles initially, costing $127,586. After that, the ongoing cost drops to $6,083 per cycle, covering administration and GST.
To continue supporting Jojo, we’ve updated our fundraising goal to $120,000. While we're rallying together and dedicated to helping Jojo, this target is quite ambitious. We truly appreciate any help you can give — every contribution makes a difference.
Thank you for your kindness, support, and positivity during this challenging time. Together, we can make a meaningful impact for Jojo.
Share this update
0 comments  |  Login to leave a comment
Please 🙏 sign our petition
31 August 2025
We are hoping to gather as much support as possible for getting Trodelvy and Keytruda funded. These treatments have been proven to help longevity, let's give Jojo more time with her son and advocate for others in NZ that desperately need these treatments 🙏
Please sign and share
https://petitions.parliament.nz/f3d5e871-cfe9-438c-9ec5-08ddda0cdacc?fbclid=IwY2xjawMgPvhleHRuA2FlbQIxMQABHnLPUWDUAXUw3FWydRd_dkM-jnFqxmfmhNY302I4a_rn0JC30yLgMsKa2z4x_aem_2Ui4eG4mTSq8WXmiChWdzQ
Share this update
0 comments  |  Login to leave a comment
Standing Strong with Jo – Aroha, Advocacy, and Hope
24 August 2025
Kia ora whānau,
Thank you from the bottom of our hearts for all the aroha and support you have shown Jo. We are humbled and deeply moved by your generosity.
We want to share that we will soon be launching a petition to have Trodelvy funded here in Aotearoa. This treatment is already available in Australia, Europe, and America – and it works. Trodelvy prolongs life, and we want not only Jo but also others with metastatic cancer in New Zealand to have that same chance. Jo’s oncologist has confirmed that the first six treatments, spread over three months, come at a cost of around $78,000 – and that doesn’t include GST or administration fees. The reality of this is tough, but we remain hopeful and determined.
Last week was challenging with hospital visits, but Jo dug deep and pushed through with the courage and strength of a true mana wāhine. She continues to inspire us every day.
We’re also excited to share that Jo’s story had its first media highlight, helping to raise awareness and give a stronger voice not only to her journey but to others walking the same path.
Beyond treatment, Jo finds joy in the things she loves – playing games with her kids and friends, whether it’s poker, chess, quizzes, or board games. Here’s a photo of her mid-chess match 🧡
If you’re local, we would love to see you at our Quiz Night on September 27th – a night of fun, laughter, and community in support of jo. More info on eventbrite -Gamesnightforjo
With love,
Jo and whānau ❤️
Share this update
0 comments  |  Login to leave a comment
Treatment Update
14 August 2025
Posted by: Joanne Cashmore (Maiden name Bull)
First off thank you all so very much for your donations and support. It has been so humbling and it has given me hope back. We have just meet with the Oncologist this morning and will be starting Capecitabine today which is an oral chemo treatment. We have to have this before we can move onto Trodelvy. Will be 3 months before another scan to see if this treatment is working at stabalizing the cancer. This is good as it will give us more time to fundraise as Trodelvy and the administration of it is not cheap. Again Thank you all so so much. Arohamai Jo
Share this update
0 comments  |  Login to leave a comment
Kia ora koutou,
10 August 2025
We’re absolutely super stoked by the generous donations we’ve received through Givealittle — what an incredible show of kindness and support! 💛
Thanks to you, we are now on our way for Jo to receive her first treatment of Trodelvy. Your generosity, compassion, and aroha mean the world to us, and we’re truly humbled by the way our community has rallied around us.
I haven’t been able to keep up with personally thanking each of you, so please take this as your own heartfelt thank-you. From the bottom of our hearts — ngā mihi nui!
Becky Domonkos
Share this update
0 comments  |  Login to leave a comment","on 15 Aug 2025
Kylie asks
Hi, I work for a charity called TimeOut. We connect generous holiday homeowners across New Zealand with people diagnosed with stage 4 cancer or an incurable illness, offering them the chance to enjoy a much-needed break and spend quality time with loved ones.
If you’re interested in applying or would simply like to learn more, we’d love to support you.. As a small charity, we can’t always guarantee a suitable match - particularly for larger groups - but we do our very best to help. Recipients can apply online at www.timeoutnz.org or get in touch with us directly at info@timeoutnz.org with any questions. Take care, Kylie
This question has not been answered yet."
SARITA'S FIGHT FOR LIFE.,Nurse in need,https://static.givealittle.co.nz/assets/hero/0bf33398-b9b4-4e09-9c5f-b33400ecc451-320:False,https://givealittle.co.nz/cause/saritas-fight-for-life,60341,250000,12 days to go,Donate,https://givealittle.co.nz/donate/cause/saritas-fight-for-life,9 Aug 2025,9 Nov 2025,0,Waikato,373,"Sarita is a loving Mum to two amazing kids, aged 10 and 13, a caring wife to Andy, a compassionate nurse who has spent her career caring for others.
At just 38, her life took a unexpected turn when she was diagnosed with aggressive melanoma. And needing Ipillimumab which is non-funded and requires this every three weeks.
Now, instead of being the one offering comfort and healing, she is facing the toughest battle of her life. Between treatments, appointments, and the emotional toll, another heavy layer of stress is the cost of on-going care.
If you are able to help support Sarita and Whanau - whether through a donation or by helping spread the word - it would mean the world.
Amber McAlister's involvement (page creator)
Friends and Colleagues
Use of funds
Non-funded Cancer treatment Ipillimumab
Other page links
on Facebook",Non-funded Cancer treatment Ipillimumab,"Created by
Amber McAlister  




      Paying to a verified bank account of
Sarita Macdonald",Page Moderated,,,
Help rebuild my life after 20 years of medical misadventure,This page is to help me raise funds for a second hand car needed for medical reasons,https://static.givealittle.co.nz/assets/hero/4250e178-bfec-4f4b-adb4-b33400cb41aa-320:False,https://givealittle.co.nz/cause/help-rebuild-my-life-after-20-years-of-medical,20,2000,closed,Read more,https://givealittle.co.nz/cause/help-rebuild-my-life-after-20-years-of-medical,9 Aug 2025,30 Sep 2025,0,"Christchurch, Canterbury",3,"Hi I have had an undiagnosed back injury since I was approximately eleven years old. I have recently found out that the answer to my lifetime of pain has been in my medical file for at least 20 years. I’m currently on the independent supported living benefit due to the pain. I am in desperate need of a second hand car ,as I can’t walk far, to help me get to doctors etc and as part of feeling human again
Use of funds
Funds raised ill go towards a second hand car",Funds raised ill go towards a second hand car,"Created by, and paying to a verified bank account of,
Andy Little",Page Moderated,,,
a little help for my son,i want to do a fundraise for my son i will use for his recovery,https://static.givealittle.co.nz/assets/hero/4a336f36-3ae7-497e-ac78-b33400bbe8a5-320:False,https://givealittle.co.nz/cause/a-little-help-for-my-son,100,0,closed,Read more,https://givealittle.co.nz/cause/a-little-help-for-my-son,9 Aug 2025,27 Aug 2025,0,"Howick, Auckland",4,"this fundraise is for my son he got diagnose with tumor on his spinal cord that affect him his walking its hard for him to walk with helping he cannot stand by his own need someone to help him his left feet is weak thats the reason for him to walk hard a little help from you is much appreciated..
Use of funds
Bills and living costs while we reduce hours at work to look after our son",Bills and living costs while we reduce hours at work to look after our son,"Created by, and paying to a verified bank account of,
Romel Guevarra",Page Moderated,,,
Help Support Baby Alice and Her Family 💛,"Helping baby Alice, who is battling a severe brain injury, and her devoted parents cherish every moment and face the hard days ahead.",https://static.givealittle.co.nz/assets/hero/9d1f53fe-d3dd-4c05-b1f5-b33400aa704b-320:False,https://givealittle.co.nz/cause/help-support-baby-alice-and-her-family,8938.5,20000,65 days to go,Donate,https://givealittle.co.nz/donate/cause/help-support-baby-alice-and-her-family,9 Aug 2025,1 Jan 2026,0,"Huapai, Kumeu",157,"On 15 May 2025, Steve and Harriet’s world changed forever. Their beautiful daughter Alice was born, and within hours, they were told she had Severe HIE — a catastrophic brain injury from lack of oxygen at birth. Doctors could not promise she would survive.
For over three months, Alice has lived in NICU, fighting through seizures, breathing struggles, endless tests, and 24/7 care. Harriet has spent every single day and night by her side, coming home only once — for just six hours — since Alice was born. Steve juggles caring for their two little girls, Maeve (4) and Grace (2), travelling to the hospital, and holding life together, all without any immediate family in New Zealand.
Alice’s future is uncertain, but the truth is clear — this family needs help right now. Donations will cover hospital travel, childcare, home support, medical equipment, and, most importantly, time together as a family — making memories at the zoo, at the park, or simply cuddled on the couch, for however long they have.
Every moment with Alice is a gift. Your support could mean the difference between a family drowning in worry and a family able to hold their daughter close, focus on love, and make every precious moment count.
Majority of the funds will be spent on day to day needs, like cleaning, cooking and childcare so the family can spend what ever time they have left, together.
Please, if you can, be part of Alice’s story today.
With lots of Love
Stefan & Cassandra Venter
Stefan Venter's involvement (page creator)
I’ve worked with Steve in both directions — as each other’s boss and as very close friends — for almost 10 years. I know his family well, and after all the support he’s given me in tough times, I want to do everything I can to help them through this one.
Use of funds
Funds will help cover hospital travel, childcare, home support, medical equipment, and precious family outings, giving Alice’s parents the chance to focus on loving her and making memories together while facing the challenges of her severe brain injury.","Funds will help cover hospital travel, childcare, home support, medical equipment, and precious family outings, giving Alice’s parents the chance to focus on loving her and making memories together while facing the challenges of her severe brain injury.","Created by
Stefan Venter  




      Paying to a verified bank account of
Steve Sherwood",Page Moderated,1,"Update to Support the Sherwood Family & Create Precious Memories with Alice
26 August 2025
Alice came home from hospital last Tuesday, and the transition has been overwhelming. Caring for her is 24/7, leaving the family exhausted, with no relatives in NZ to help. Maeve and Grace often wake at night worried about Mum, and even the dogs add to the workload. Alice is still recovering from a Rhino Virus caught in hospital, under the care of palliative specialists.
To mark Alice’s 100 days, the family plans a joint celebration with Maeve and Grace’s birthdays—a special moment to treasure. The reality is tough: Alice’s life will likely be short, but Steve and Harriet are determined to create lasting memories together around Auckland.
This Givealittle aims to free their time from household pressures so they can focus on Alice and the girls.
💰 How Your Support Helps
One-off:
Smart Sock monitor $400
Funeral allowance $5,000
Monthly (3 months):
Animal care $1,200
Therapy for Alice $500
Family outings $400
House upkeep $700
Miscellaneous $200
Total per month: $3,000
🎯 Target: $14,400 (3 months + one-off costs)
Every contribution helps Steve and Harriet spend precious time with Alice and her sisters, making memories filled with love.
Share this update
0 comments  |  Login to leave a comment",
My happy camper needs a gearbox.,I just want to go camping after my cancer treatment,https://static.givealittle.co.nz/assets/hero/5a8715b1-fa1c-4e2b-97d3-b334008f0e4b-320:False,https://givealittle.co.nz/cause/my-happy-camper-needs-a-gearbox,860,1800,closed,Read more,https://givealittle.co.nz/cause/my-happy-camper-needs-a-gearbox,9 Aug 2025,18 Aug 2025,0,"Levin, Manawatu-Wanganui",15,"""Not Zippy"" is it's name. Unfortunately the gearbox failed, leaving me no way of getting back out on the road to enjoy the freedom of Camping. I've recently been diagnosed with prostate cancer. I will start treatment aprox 3-4 weeks. 5 days a week for 4 weeks. Im hopeful I can stay in it during my treatment at Palmy hospital reducing the travel fatigue and stress everyday. Im hopeful to raise the funds to get it repaired and enjoy the benefits after my treatment.
Use of funds
To repair, recondition or find a replacement gearbox.","To repair, recondition or find a replacement gearbox.","Created by, and paying to a verified bank account of,
Francis Donegan",Page Moderated,1,"Target achieved
19 August 2025
A big thanks to All those that contributed and supported me through this platform. Not Zippy is finally repaired. This will help in my upcoming treatment and some time for recovery and convelescence. Safe travels happy camping everyone. Thank You.
Share this update
0 comments  |  Login to leave a comment",
Supporting Haley and Liam,"Help support a beautiful young family, while they spend time in NICU with their beautiful, strong micro preemie baby girl Hazel.",https://static.givealittle.co.nz/assets/hero/d0ce192f-6ff7-45c8-be24-b3330154f375-320:False,https://givealittle.co.nz/cause/supporting-haley-and-liam,1214,0,11 days to go,Donate,https://givealittle.co.nz/donate/cause/supporting-haley-and-liam,8 Aug 2025,8 Nov 2025,0,"Sanson, Manawatu-Wanganui",31,"Just last week, life changed without warning for Haley and Liam and their beautiful 2-year-old daughter. Their second baby girl Hazel came into the world far too soon — born at just 24 weeks and 1 day, weighing a tiny 450 grams. She is so small she fits in the palm of a hand, yet she is fighting every single moment to grow strong to go home with her mum, dad and big Sister.
Right now, their precious baby is in the Neonatal Intensive Care Unit (NICU) in Wellington hospital, hooked up to life-saving machines, receiving round-the-clock care. Her parents are by her side every day, staying strong whilst praying for her to grow strong.
This young family is going through the hardest chapter of their lives. They are exhausted, emotionally and physically, but their love for their girls is keeping them strong. They are doing everything they can, but they can’t do it alone.
If you can give — even just a little — it will make a huge difference. Every dollar helps take some weight off their shoulders so they can focus on what matters most: Staying strong for their baby girl and supporting each other through this difficult time.
Please donate, share, and help us rally around this family.
No contribution is too small. Your kindness will mean more than words can ever express.
Krystal Leilua's involvement (page creator)
Friend
Use of funds
To help ease the financial burden and stress for Haley and Liam. - Daily costs such as hospital parking, travel (petrol) meals, and loss of income.","To help ease the financial burden and stress for Haley and Liam. - Daily costs such as hospital parking, travel (petrol) meals, and loss of income.","Created by
Krystal Leilua  




      Paying to a verified bank account of
Haley Watt",Page Moderated,,,
"Support for dear Liz, Rich & twins to support them during & after Aneirin gets heart surgery","Please support this family who contribute so much to our community, Aneirin 5yrs is having a hole in his heart closed via open heart surgery",https://static.givealittle.co.nz/assets/hero/e31ebb4f-be3a-45a8-8c64-b333015e706c-320:False,https://givealittle.co.nz/cause/support-for-dear-liz-rich-and-twins-to-support,4281.01,0,11 days to go,Donate,https://givealittle.co.nz/donate/cause/support-for-dear-liz-rich-and-twins-to-support,8 Aug 2025,8 Nov 2025,0,"Tasman, Tasman District",67,"I'm inviting our beautiful community to show their love and support for this beautiful family who contribute so much to our community.
They are having to fly up to Auckland Liz next week for 10-12 days as sweet 5 yr old Aneirin needs to have a big old hole in his heart closed via open heart surgery.
Star ship may only fly Liz and Aneirin but she needs the whole family there to support her, plus lots of support after so there life is easeful when coming back to live in the bus
Liz describes the twins as her rainbow babies after two losses and lots of hospital time.
So when finding out there would be more hospital involvement it was heavy news.
Ari, her first son had pulmonary hypertension and Aneirin has pulmonary stenosis.
Rich has been unemployed for more than eighteen months and they've poured any excess cash into repairing flood damage, alot of the kids toys, sorting power out , or generously giving to families in Gaza!
Let's show how much we care and appreciate them, each rain drop creates an ocean of love, lets hold them in our hearts and hands
Please share around
NICOLA WOODS' involvement (page creator)
A dear friend
Use of funds
Support with flights
Food
After care to make their life easier whilst he recovers
Toys for kids that were destroyed in floods.",Support with flightsFoodAfter care to make their life easier whilst he recoversToys for kids that were destroyed in floods.,"Created by
NICOLA WOODS  




      Paying to a verified bank account of
Elizabeth Bishop      on behalf of Liz Rich Nye & Larkin",Page Moderated,1,"Kia ora e te whānau,
15 September 2025
Posted by: Givealittle
We wanted to say thank you SO much, ngā mihi nui for your love and support over the last few weeks. We are home now and settling back in to life slowly, as Aneirin needs to wait a little while longer before he can do all the five year old boys things he loves like cycling and swimming and bouncing!
He is healing well, and now has rosy cheeks we've never seen before that suit him very well 🤗 With your support (and thanks to Pixie who paid us some of your donations in advance) we were able to show Nye some of Auckland by Uber, and eat when we needed to without worrying about gathering ingredients.
Because the kids came out of the flooding worse off than we did, we are planning to purchase a nice dry wooden shed for them to play in instead of their current soggy situation.
And Nye is back to kindy next week!
Again, thank you all, your support really has carried us through 🙏🏽
Share this update
0 comments  |  Login to leave a comment",
Surgery for the pain no one sees,I'm raising funds to let a surgeon explore the drama happening in my pelvis and hopefully kick endos ass in the process.,https://static.givealittle.co.nz/assets/hero/09957d1c-fa26-4ecb-be77-b33301070a2b-320:False,https://givealittle.co.nz/cause/surgery-for-the-pain-no-one-sees,1060,7000,closed,Read more,https://givealittle.co.nz/cause/surgery-for-the-pain-no-one-sees,8 Aug 2025,12 Aug 2025,0,Southland,3,"Kia ora friends, family, kind strangers and anyone with a heart (and possibly a uterus)...
After being on the public waiting list for years with mysterious, relentless pain, and with recommendations from two surgeons to get this procedure as soon as possible, I'm finally scheduled for a private surgery to find out if endomentriosis is the culprit. We have had to go private as the surgeons have both recommended the initial surgery is done this year.
This isn't just a maybe it's cramps kind of pain, it's the kind that steals sleep, energy and joy every single day.
This surgery (a laparoscopy) is the first real step to getting answers and hopefully getting my life back. But between medical costs and recovery, it's a heavy financial load for our whānau to carry alone. That's where this page comes in.
If you can help whether it's a donation, a share of the page, or just a kind word, we would be so grateful.
Every bit helps me get closer to a life with less pain, more answers and hopefully a lot more dancing! ❤️
Thank you for supporting me on this not so glamorous but very necessary journey.
With love and a hot water bottle strapped to my stomach,
Summer and family
Lisa Harwood's involvement (page creator)
I'm Summer's mother and just hosting this page on her behalf. She has written the description herself.
Use of funds
Surgery and recovery. Surgery costs will likely be anywhere from $6000-$9000 depending on if Endo is found.",Surgery and recovery. Surgery costs will likely be anywhere from $6000-$9000 depending on if Endo is found.,"Created by
Lisa Harwood  




      Paying to a verified bank account of
Summer Harper",Page Moderated,,,
Help Us Launch PulseRebout – ''A Health Assistant App That Cares'',"PulseRebout -Every pulse tells a story. A smart, AI-powered health companion connect people with support, care, and resources to live better",https://static.givealittle.co.nz/assets/hero/a03e99dd-82c2-46b1-83b7-b3330104ef37-320:False,https://givealittle.co.nz/cause/help-us-launch-pulserebout-a-health-assistant-app,30,10000,57 days to go,Donate,https://givealittle.co.nz/donate/cause/help-us-launch-pulserebout-a-health-assistant-app,8 Aug 2025,24 Dec 2025,0,,3,"In a world where hospitals are stretched thin and patients are often left waiting, PulseRebout is building a smart, AI-powered health & wellness assistant to make essential support more accessible to everyone.
We’re not replacing doctors — but we believe no one should be left feeling helpless when medical systems are overloaded.
With your help, we can launch a secure, multilingual platform that gives people clarity, confidence, and guidance during challenging health situations.
We’re creating PulseRebout, a next-generation health & wellness assistant designed to be there for people when they need it most, wherever they are.
We’re seeking $10,000 NZD to cover the development of our MVP (Minimum Viable Product), secure infrastructure, and early rollout costs.
If you’ve ever felt let down by overworked systems or seen someone struggle to access timely help — this is your chance to make change happen.
❤️ Let’s build something better, together.
💡 If We Don’t Reach the Full Goal
Every contribution matters. If we don’t reach the full amount, we’ll still move forward with purpose. Funds will be used to:
🛠️ Build core trauma-informed features for stabilisation and emergency response
🤝 Launch a pilot with caregivers and frontline workers to test and refine the app
Thank you for believing in this mission. Every dollar brings us closer to safety, dignity, and hope.
📧 For questions: contact.pulserebout@gmail.com
Connect on LinkedIn → https://www.linkedin.com/in/pulserebout-support-a9b94337b/
Use of funds
Funds will be used for developing the initial version of the PulseRebout.io app, covering design, coding, testing, and essential launch expenses
Other page links
www.notion.so/PulseRebout-Every-pulse-tells-a-story-2480a015ff7780b591c2c975a3a65edb?source=copy_link","Funds will be used for developing the initial version of the PulseRebout.io app, covering design, coding, testing, and essential launch expenses","Created by, and paying to a verified bank account of,
imran mohammed",Page Moderated,1,"🚀 Big Step Forward: Our Patent Is Lodged! Kia ora everyone,
14 August 2025
We’re thrilled to share a major milestone in our journey—we’ve officially lodged our provisional patent for PulseRebout.io!! This marks a huge leap in protecting the heart of our trauma-informed health assistant and ensuring its ethical, inclusive future.
This isn’t just paperwork—it’s a promise. A promise that the care and compassion behind PulseRebout.io will remain rooted in integrity, innovation, and accessibility.
To build momentum, we’ve also reached out to Callaghan Innovation and Health NZ for support. We’ve sent detailed proposals and heartfelt messages asking for guidance, funding, and partnership. These conversations are just beginning, but they’re vital to scaling our impact and reaching those who need it most.
💬 If you know someone in health, tech, or funding who might resonate with our mission, feel free to share our page or connect us—we’re open to all kōrero.
Thank you for believing in this kaupapa. Every donation, message, and share helps us move closer to a world where no one heals alone.
Arohanui, Imran Ahmed Mohammed Founder, PulseRebout.io
Share this update
0 comments  |  Login to leave a comment",
My Epic Journey,I run&Walk to raise Awareness for mental health and Suicide Prevention,https://static.givealittle.co.nz/assets/hero/9780f2f0-a63f-4797-b479-b36600743b09-320:False,https://givealittle.co.nz/cause/my-epic-journey,1888.06,3000,59 days to go,Donate,https://givealittle.co.nz/donate/cause/my-epic-journey,8 Aug 2025,26 Dec 2025,0,"Kaikohe, Northland",23,"My Kaupapa is about Suicide Prevention and raising awareness for Mental health. I love the Mahi I do. Ive tried to take my life twice and thank God it didn't work. Also loosing an Uncle and many friends through Suicide was hard, So my passion to spread a positive message that life is worth living is next lvl
It is not a Paid job, I do it from the heart.
The last run I done was 80km from Kaikohe to Kaitaia and the response I got Was out of this world. The next big hikoi is Running from Kaikohe to Tane Mahuta to Raise Awareness for mental health 🙏 So far out of the 8big Hikois ive Done ive ran/Walked more than 500km to Raise Awareness
I appreciate everyone that supports me in the Work I do and thank everyone who has Helped me financially here and there with a Place to stay, Food etc. My Dream is Simple, im saving what I can atm to buy a Van and at the end of the year I get my Full license back, When the time comes I will travel Aotearoa with my Kuri Adonaia to do motivational speaking and Big Hikes to Show love to everyone who's struggling with Depression and Trauma.
Many friends have told me to start a givalittle page to Support My Vision and at the time was to Proud to ask for Help. Today I thought I'd give it a Go and would love to get a project Van So I can put my vision into Action.
Thanks everyone who told me to give this a Go.
Thanks everyone who supports me.
Its what my heart desires to continue
My epic Journey and spread Love to the World.
Use of funds
A Van and whatever materials needed to make it roadworthy
Other page links
on Facebook",A Van and whatever materials needed to make it roadworthy,"Created by, and paying to a verified bank account of,
Karl Holland",Page Moderated,,,
Samoan mother suffering from stage 3 cancer,Donate to help get my mum to surgery so the cancer tumour can be removed from her body.,https://static.givealittle.co.nz/assets/hero/3d5e3d08-9e3d-4556-8e8e-b3320168bbd0-320:False,https://givealittle.co.nz/cause/samoan-mother-suffering-from-stage-3-cancer,6595,40000,closed,Read more,https://givealittle.co.nz/cause/samoan-mother-suffering-from-stage-3-cancer,7 Aug 2025,19 Aug 2025,0,Auckland,80,"My mother did not get the healthcare she deserved back home. The healthcare system misplaced her samples and did not care for her sickness at all. They ignore all symptoms and just told her, they don’t know what sickness she has. Fortunately, we were able to bring her to NZ and went straight to doctors at Middlemore Hospital. After seeing specialists and completing scans, doctor then confirmed she was diagnosed with stage 3 vulval cancer. The cancer has spread and she is in need of surgery. She got denied treatment from the public healthcare and we are forced to go private. We are seeking for assistance to help pay her bill as we need to pay upfront before they can operate on her. The longer we push the date out, the riskier it is for my mum. This is our only chance for my mum to get the treatment she deserves. The healthcare system may deny my mother but we, her family are still fighting to get her treated here in NZ. After all the difficulties, we managed to secure a date of her surgery on 18/08/2025 but we need to pay her bill by 15/08/2025. Time is very limited and we are asking the public for their generosity to help donate to my mum’s situation. No matter big or small donations, we are very grateful for any help we can get. Please help my mum get this tumor removed. She has more to experience in life, she has been both mother and father figure in my life and I owe my life to this women. Please donate what you can and help me save my mum, Fulumanu Logologo.
Sanele Williams' involvement (page creator)
Fulumanu Logologo is my mum
Use of funds
Money will be spent on her medical bill for her surgery. She can’t have the surgery until her medical bill is paid upfront.
Other page links
on Facebook
on Instagram",Money will be spent on her medical bill for her surgery. She can’t have the surgery until her medical bill is paid upfront.,"Created by, and paying to a verified bank account of,
Sanele Williams      on behalf of Fulumanu Logologo",Page Moderated,1,"My mum completed her surgery
19 August 2025
On behalf of my mother Fulumanu Logologo, my family and I would like to thank everyone for their love and support on her cancer journey. She completed her surgery yesterday 18/08/2025 and the doctor managed to remove the tumor just in time. She is well and is in recovery in hospital and awaiting to be discharged. We are very grateful for all the donations, big or small, that made this possible. From families, friends, church, communities and to the public we thank you all for your generosity and kindness. No words can express our gratitude to all and we are very blessed to have such kindhearted people in our lives. All of your messages and prayers really uplifted my mother and all glory goes back to God for his healing hands upon my mother. You all have impacted our lives in so many ways and we will never forget the love and kindness you have shown our family. May God bless the village that stands behind us, the unwavering support during this difficult time is what gave us the courage to push through. Thank you from the bottom of our hearts for being the pillar of strength and hope.
Share this update
1 comment  |  Login to leave a comment
24/08/2025 by Carol
Viis le Atua ua taunuu ma le manuia lau taotoga Manu. Praise God. Malo le loto toa ma lou faatuatua ma lou faalagolago I le Alii. Feiloai I tatalo. Alofa tele atu...Carol Randy ma le Fanau xox",
"Help carry Kyra, Like she has carried us","Help carry Kyra, our mum, our mentor, our rock, our everything, just as she has for us.",https://static.givealittle.co.nz/assets/hero/52c2428b-27f1-41dc-a348-b33201677ab0-320:False,https://givealittle.co.nz/cause/help-carry-kyra-like-she-has-carried-us,25000.08,0,283 days to go,Donate,https://givealittle.co.nz/donate/cause/help-carry-kyra-like-she-has-carried-us,7 Aug 2025,7 Aug 2026,1,"Taumarunui, Manawatu-Wanganui",296,"Our beautiful Kyra Leatuafi has recently received devastating news. She has been diagnosed with a terminal illness, and instead of years, we now only have months left with her.
If you know Kyra, you know her heart. She has dedicated her entire life to lifting others. As a school principal, youth mentor, and tireless community volunteer, Kyra has always shown up for others. She has built people up, created opportunities, guided young lives, and put everyone else first, always.
She helped establish a local youth trust, spent countless hours volunteering at sports events, schools, and community initiatives, never seeking recognition and only ever looking for ways to serve.
Now, it is our turn to help her.
Kyra’s one wish is to have everything organised and settled, to ensure she leaves no burden on her whānau or loved ones. She deserves peace, dignity, and time — not stress and worry.
This page has been set up to help ease the financial pressure that comes with preparing for the unimaginable. Every dollar raised will go directly toward giving Kyra what she has given so many others — care, relief, and support.
If Kyra has ever touched your life, or even if you are simply moved by her story, please consider donating. No contribution is too small, and every act of kindness means the world.
Let us rally around this incredible woman and give her back a little of the love she has given to so many.
Tanira MacDonald-Hepi's involvement (page creator)
This page is being lovingly managed by her niece Tanira Hepi, her best friend Amy Perez, and her cousin Lyss Betham.
Use of funds
All donations will go towards easing financial pressure by covering essential living costs and bills.",All donations will go towards easing financial pressure by covering essential living costs and bills.,"Created by
Tanira MacDonald-Hepi  




      Paying to a verified bank account of
Kyra Leatuafi",Page Moderated,,,"on 15 Aug 2025
Kylie asks
Hi, I work for a charity called TimeOut. We connect generous holiday homeowners across New Zealand with people diagnosed with stage 4 cancer or an incurable illness, offering them the chance to enjoy a much-needed break and spend quality time with loved ones.
If you’re interested in applying or would simply like to learn more, we’d love to support you.. As a small charity, we can’t always guarantee a suitable match - particularly for larger groups - but we do our very best to help. Recipients can apply online at www.timeoutnz.org or get in touch with us directly at info@timeoutnz.org with any questions. Take care, Kylie
This question has not been answered yet."
Fighting Pain Daily — Help Me Be the Mum My Kids Deserve,Please help me to get the surgery I need for a better quality of life to raise my little ones.,https://static.givealittle.co.nz/assets/hero/057db9dd-f980-44f3-a3d9-b33600b778c7-320:False,https://givealittle.co.nz/cause/fighting-pain-daily-help-me-be-the-mum-my-kids,40,0,closed,Read more,https://givealittle.co.nz/cause/fighting-pain-daily-help-me-be-the-mum-my-kids,7 Aug 2025,30 Aug 2025,0,Nelson / Tasman,3,"Hi, my name is Fiona. I'm a full-time mum to two beautiful young children, and I’m reaching out through Give a little because I truly don’t know where else to turn.
I live in constant pain from a medical condition that turns even the simplest tasks into a daily battle, but it’s the emotional toll that’s truly breaking me. My children need me, and more than anything, I want to be present, strong, and fully there for them and for my partner, as we try to navigate life together the best we can.
I've been told surgery is necessary not just to improve my health, but to give me back a quality of life I’ve slowly been losing. But we simply can't afford it. I have to travel from Nelson to Auckland to have the surgery with a doctor who is the only doctor in the country who can do this particular surgery. My partner and I have no family support, I’ve lost my parents and don’t have anyone we can lean on. We’re doing our best, but we’re living week to week and have exhausted all our options.
That’s why I’ve turned to you. If you’re able to donate, even the smallest amount it would go directly toward the cost of my surgery, travel and recovery. And if you’re not in a position to give, please consider sharing this with someone who might be able to help.
There are no expectations just deep gratitude for any kindness, support you can offer. Thank you for reading, and thank you for seeing me.
With love,
Fiona
Use of funds
The cost of travel, accommodation, three weeks of living costs so my partner can take time off work to care for our children during my recovery, and basic needs during recovery.","The cost of travel, accommodation, three weeks of living costs so my partner can take time off work to care for our children during my recovery, and basic needs during recovery.","Created by, and paying to a verified bank account of,
Fiona Agard-Evans",Page Moderated,,,
Riding the Great Divide - an endurance cycle ride in support of two lifesaving eating disorder organisations.,An endurance cycle ride to raise money and awareness for two incredible not for profit eating disorder support organisations.,https://static.givealittle.co.nz/assets/hero/1a3a0fce-193d-4a9b-88b7-b3310150b463-320:False,https://givealittle.co.nz/cause/the-great-divide-an-endurance-cycle-fundraiser,17526,10000,9 days to go,Donate,https://givealittle.co.nz/donate/cause/the-great-divide-an-endurance-cycle-fundraiser,7 Aug 2025,6 Nov 2025,0,Canterbury,67,"As you know life is not always easy and we all go through our tough times. Over the last 7 years our family has been living with anorexia nervosa and have been supported by two incredible eating disorder organisations. I thought I would try and raise a few dollars as to help them continue their fantastic work. They have helped many families through their darkest days on their eating disorder journeys. They work in what is undoubtedly one of the toughest and most difficult areas of mental health. Frankly, I don't know how they do it, but they do and our family and many others are eternally grateful to them!
From August through to the end of September (and maybe a bit of October), I will try to complete the Great Divide Mountain Bike Route - a 4,400km unsupported off road bicycle traverse of the Rocky Mountains from Banff, Canada to Antelope Wells, New Mexico.
Donations will be shared between two not for profit organisations - Recovered Living NZ and Eating Disorders Carer Support, to support their crucial work in helping people with eating disorders. Both organisations specialise in assisting families impacted by eating disorders a difficult and costly challenge. Recovered Living (https://recoveredlivingnz.com) is a team of highly trained eating disorder professionals providing 24/7 residential eating disorder recovery support, whilst EDCS, (https://www.edcs.co.nz) provides lived experience peer support, educational materials, community awareness and advocacy at all levels.
Iain Miller's involvement (page creator)
Our family benefited hugely from the support and expertise of both organisations over our family's battle with the eating disorder anorexia nervosa.
Use of funds
All proceeds will be shared between Recovered Living NZ and Eating Disorders Carer Support to assist them in their courageous and tireless efforts in the fight against eating disorders.
Other page links
on Facebook
on Instagram
www.edcs.co.nz",All proceeds will be shared between Recovered Living NZ and Eating Disorders Carer Support to assist them in their courageous and tireless efforts in the fight against eating disorders.,"Created by, and paying to a verified bank account of,
Iain Miller      on behalf of Not for Profits - Recovered Living and Eating Disorders Carer Support",Page Moderated,5,"Made it!
23 October 2025
Well I made it to the end! 4400km and approx 49km of climbing. An incredible experience of a lifetime. Many highlights most of all the people met along the way, the vast empty landscapes and small town rural America .
Your generosity has been incredible - the funds will be so greatly received and help fight the long and difficult battle with eating disorders in New Zealand. I will be putting together a YouTube video of my drone and GoPro footage and will post the link once complete. Thanks so much once again. Iain
Share this update
0 comments  |  Login to leave a comment
Over half way!
14 September 2025
Hi folks. Firstly thanks so much again for your support, encouragement and generosity - it makes the hard miles much easier!
Have now traveled through Canada, Montana, Idaho and Wyoming and made it to Steamboat Colorado. Approximately 55% complete - 2418km and 36000m of climbing - from sea level to top of Mt Everest about 4 times..
It's been brilliant so far with incredible scenery and vistas. The highlight for me is meeting all the different people - all of which have been friendly and supportive. Having a day off then into the high Colorado mountains and beautiful autumn colours.
Thanks again for your generosity
Bests
Iain
Share this update
0 comments  |  Login to leave a comment
Farewell Montana hello Idaho!
3 September 2025
Now about 1500km into the 4400km ride. Left Montana yesterday - an incredibly wild and sparsely populated place. Very hilly and added spice with the ever present grizzly bears..
A reflecting on how lucky I am to be able to attempt this wonderful route. Of course there is no choice on the battle with eating disorders - but from my experience the principles are similar to long distance biking - try your best to look after your own health, keep your head in the game as best you can and take one day at a time. Thanks again for your generosity and support.
Bests Iain
Share this update
0 comments  |  Login to leave a comment
Montana is a beast!
30 August 2025
They say if you can get through Montana you will make it all the way to Antelope Wells and I believe it! The last 10 days or so have consisted on monster climbs, rough trails and long days in the saddle. There are any number of similarities to the battle families fight with eating disorders. You start the day feeling OK and that you can get through OK. Then you climb and climb and the mind and body are drained and you want to stop and find an easier way. Problem being you can't - you have to keep going and drain the energy tank. And you think you have no more energy to climb the next hill but somehow you get over it and there is a patch of downhill when things seem to be OK again.
Eating disorders (in my experience) are so similar - you just have to keep going. Kia kaha all of you battling out there.
Share this update
0 comments  |  Login to leave a comment
Great Divide Days 1(3
21 August 2025
Hi all. A massive thanks for your generosity. Ride is going well so far albeit a serious challenge with hills, heat and bears!
Covered about 300km so far so only another 4100 odd to go!
Still it's a walk (ride) in the park compared to the challenges faced by many NZ families and fantastic organisations who fight the gruelling and uncertain fight with eating disorders.
Appreciate your kindness.
Bests
Iain
Share this update
0 comments  |  Login to leave a comment",